BEGIN TRANSACTION;
--
-- ALL sql commands must be terminated with a semi-colon!
--
-- Part 1: Table Schema
--
-- Part 1a: HVS Schema
--
-- This table contains one entry per node.
-- Nodes may be either leaves (data tables) or branches (containers).
-- Branches may contain both branches and leaves.
DROP TABLE IF EXISTS "HVS_NODE";
CREATE TABLE IF NOT EXISTS "HVS_NODE" (
	"NODE_ID"	SLONGLONG UNIQUE,
	"NODE_NAME"	TEXT UNIQUE,
	"PARENT_ID"	SLONGLONG,
	"BRANCH_FLAG"	BOOLEAN,
	"NODE_COMMENT"	TEXT
);
-- This table contains one row per tag.
-- A given tag can apply to a single node.
-- A branch tag "contains" the tags of daughter nodes (branch and leaf).
-- A leaf tag can apply to multiple rows of the table in question.
-- Tags can be locked, which must lock all daughter tags.
-- The REPLICATED field does not appear to be used by ATLAS.
-- The SUPPORTED field corresponds to the last supported software release.
DROP TABLE IF EXISTS "HVS_TAG2NODE";
CREATE TABLE IF NOT EXISTS "HVS_TAG2NODE" (
	"NODE_ID"	SLONGLONG,
	"TAG_NAME"	TEXT UNIQUE,
	"TAG_ID"	SLONGLONG UNIQUE,
	"TAG_COMMENT"	TEXT,
	"LOCKED"	BOOLEAN,
	"REPLICATED"	BOOLEAN,
	"DATE_CREATED"	DATE,
	"DATE_LOCKED"	DATE,
	"SUPPORTED"	INT
);
-- This table implements the many <--> many relationship between child 
-- and parent tags.
-- Each tag may "own" multiple tags at below it, and be owned by multiple
-- tags above it.
-- For example, a given tag on the root FASER node owns concurrent tags
-- for each component (tracker, calorimeter) of the experiment.
-- And each tag for a component may be owned by multiple different root
-- level tags.
DROP TABLE IF EXISTS "HVS_LTAG2LTAG";
CREATE TABLE IF NOT EXISTS "HVS_LTAG2LTAG" (
	"PARENT_NODE"	SLONGLONG,
	"PARENT_TAG"	SLONGLONG,
	"CHILD_NODE"	SLONGLONG,
	"CHILD_TAG"	SLONGLONG
);
-- This table holds all the tags directly or indirectly contained by
-- each root level tag.
-- In principle it should be populated from the other HVS tables which
-- contain the same information.
DROP TABLE IF EXISTS "HVS_TAGCACHE";
CREATE TABLE IF NOT EXISTS "HVS_TAGCACHE" (
	"ROOTTAG"	TEXT,
	"CHILDNODE"	TEXT,
	"CHILDTAG"	TEXT,
	"CHILDTAGID"	SLONGLONG
);
--
-- Part 1b: Content schema (Leaf nodes)
--
-- These tables hold standard material and element definitions
-- The actual data is copied from ATLAS
DROP TABLE IF EXISTS "STDMATERIALS_DATA";
CREATE TABLE IF NOT EXISTS "STDMATERIALS_DATA" (
	"STDMATERIALS_DATA_ID"	SLONGLONG UNIQUE,
	"NAME"	TEXT,
	"DENSITY"	DOUBLE
);
DROP TABLE IF EXISTS "STDMATERIALS_DATA2TAG";
CREATE TABLE IF NOT EXISTS "STDMATERIALS_DATA2TAG" (
	"STDMATERIALS_TAG_ID"	SLONGLONG,
	"STDMATERIALS_DATA_ID"	SLONGLONG
);
DROP TABLE IF EXISTS "STDMATCOMPONENTS_DATA";
CREATE TABLE IF NOT EXISTS "STDMATCOMPONENTS_DATA" (
	"STDMATCOMPONENTS_DATA_ID"	SLONGLONG UNIQUE,
	"MATERIAL_ID"	SLONGLONG,
	"COMPNAME"	TEXT,
	"FRACTION"	DOUBLE
);
DROP TABLE IF EXISTS "STDMATCOMPONENTS_DATA2TAG";
CREATE TABLE IF NOT EXISTS "STDMATCOMPONENTS_DATA2TAG" (
	"STDMATCOMPONENTS_TAG_ID"	SLONGLONG,
	"STDMATCOMPONENTS_DATA_ID"	SLONGLONG
);
DROP TABLE IF EXISTS "ELEMENTS_DATA";
CREATE TABLE IF NOT EXISTS "ELEMENTS_DATA" (
	"ELEMENTS_DATA_ID"	SLONGLONG UNIQUE,
	"NAME"	TEXT,
	"SYMBOL"	TEXT,
	"A"	DOUBLE,
	"Z"	DOUBLE
);
DROP TABLE IF EXISTS "ELEMENTS_DATA2TAG";
CREATE TABLE IF NOT EXISTS "ELEMENTS_DATA2TAG" (
	"ELEMENTS_TAG_ID"	SLONGLONG,
	"ELEMENTS_DATA_ID"	SLONGLONG
);
--
-- Tables for describing scintillator plates (and passive radiators)
--
DROP TABLE IF EXISTS "VETOTOPLEVEL_DATA";
CREATE TABLE IF NOT EXISTS "VETOTOPLEVEL_DATA" (
	"VETOTOPLEVEL_DATA_ID"	SLONGLONG UNIQUE,
	"POSX" DOUBLE,
	"POSY" DOUBLE,
	"POSZ" DOUBLE,
	"ROTX" DOUBLE,
	"ROTY" DOUBLE,
	"ROTZ" DOUBLE,
	"ROTORDER" INT,
	"LABEL" TEXT
);
--
-- The DATA2TAG tables associate specific rows of the corresponding
-- _DATA table with the referenced tag (from the HVS_TAG2NODE table).
-- This is a many-to-many relationship: each row may belong to
-- several tags, and each tag may apply to several rows.
DROP TABLE IF EXISTS "VETOTOPLEVEL_DATA2TAG";
CREATE TABLE IF NOT EXISTS "VETOTOPLEVEL_DATA2TAG" (
	"VETOTOPLEVEL_TAG_ID" SLONGLONG,
	"VETOTOPLEVEL_DATA_ID" SLONGLONG
);
--
DROP TABLE IF EXISTS "VETOSTATIONGENERAL_DATA";
CREATE TABLE IF NOT EXISTS "VETOSTATIONGENERAL_DATA" (
	"VETOSTATIONGENERAL_DATA_ID" SLONGLONG UNIQUE,
	"NUMPLATES" INT,
	"PLATEPITCH" DOUBLE
);
--
DROP TABLE IF EXISTS "VETOSTATIONGENERAL_DATA2TAG";
CREATE TABLE IF NOT EXISTS "VETOSTATIONGENERAL_DATA2TAG" (
	"VETOSTATIONGENERAL_TAG_ID" SLONGLONG,
	"VETOSTATIONGENERAL_DATA_ID" SLONGLONG
);
DROP TABLE IF EXISTS "VETOPLATEGENERAL_DATA";
CREATE TABLE IF NOT EXISTS "VETOPLATEGENERAL_DATA" (
	"VETOPLATEGENERAL_DATA_ID" SLONGLONG UNIQUE,
	"NUMPMTS" INT,
	"WIDTH" DOUBLE,
	"LENGTH" DOUBLE,
	"THICKNESS" DOUBLE,
	"MATERIAL" TEXT
);
--
DROP TABLE IF EXISTS "VETOPLATEGENERAL_DATA2TAG";
CREATE TABLE IF NOT EXISTS "VETOPLATEGENERAL_DATA2TAG" (
	"VETOPLATEGENERAL_TAG_ID" SLONGLONG,
	"VETOPLATEGENERAL_DATA_ID" SLONGLONG
);
-- Tables for scintillator materials.
-- Materials are recorded in two related nodes.
-- One stores the name and density of the material.
-- The second stores the composition in terms of other materials.
DROP TABLE IF EXISTS "SCINTMATERIALS_DATA";
CREATE TABLE IF NOT EXISTS "SCINTMATERIALS_DATA" (
	"SCINTMATERIALS_DATA_ID" SLONGLONG UNIQUE,
	"NAME" TEXT,
	"DENSITY" DOUBLE
);
DROP TABLE IF EXISTS "SCINTMATERIALS_DATA2TAG";
CREATE TABLE IF NOT EXISTS "SCINTMATERIALS_DATA2TAG" (
	"SCINTMATERIALS_TAG_ID" SLONGLONG,
	"SCINTMATERIALS_DATA_ID" SLONGLONG
);
--
DROP TABLE IF EXISTS "SCINTMATCOMPONENTS_DATA";
CREATE TABLE IF NOT EXISTS "SCINTMATCOMPONENTS_DATA" (
	"SCINTMATCOMPONENTS_DATA_ID" SLONGLONG UNIQUE,
	"MATERIAL_ID" SLONGLONG,
	"COMPNAME" TEXT,
	"FRACTION" DOUBLE
);
DROP TABLE IF EXISTS "SCINTMATCOMPONENTS_DATA2TAG";
CREATE TABLE IF NOT EXISTS "SCINTMATCOMPONENTS_DATA2TAG" (
	"SCINTMATCOMPONENTS_TAG_ID" SLONGLONG,
	"SCINTMATCOMPONENTS_DATA_ID" SLONGLONG
);
-- Tracker materials
DROP TABLE IF EXISTS "TRACKERMATERIALS_DATA";
CREATE TABLE IF NOT EXISTS "TRACKERMATERIALS_DATA" (
	"TRACKERMATERIALS_DATA_ID" SLONGLONG UNIQUE,
	"NAME" TEXT,
	"DENSITY" DOUBLE
);
DROP TABLE IF EXISTS "TRACKERMATERIALS_DATA2TAG";
CREATE TABLE IF NOT EXISTS "TRACKERMATERIALS_DATA2TAG" (
	"TRACKERMATERIALS_TAG_ID" SLONGLONG,
	"TRACKERMATERIALS_DATA_ID" SLONGLONG
);
DROP TABLE IF EXISTS "TRACKERMATCOMPONENTS_DATA";
CREATE TABLE IF NOT EXISTS "TRACKERMATCOMPONENTS_DATA" (
	"TRACKERMATCOMPONENTS_DATA_ID" SLONGLONG UNIQUE,
	"MATERIAL_ID" SLONGLONG,
	"COMPNAME" TEXT,
	"FRACTION" DOUBLE
);
DROP TABLE IF EXISTS "TRACKERMATCOMPONENTS_DATA2TAG";
CREATE TABLE IF NOT EXISTS "TRACKERMATCOMPONENTS_DATA2TAG" (
	"TRACKERMATCOMPONENTS_TAG_ID" SLONGLONG,
	"TRACKERMATCOMPONENTS_DATA_ID" SLONGLONG
);
-- Calo materials
DROP TABLE IF EXISTS "CALOMATERIALS_DATA";
CREATE TABLE IF NOT EXISTS "CALOMATERIALS_DATA" (
	"CALOMATERIALS_DATA_ID" SLONGLONG UNIQUE,
	"NAME" TEXT,
	"DENSITY" DOUBLE
);
DROP TABLE IF EXISTS "CALOMATERIALS_DATA2TAG";
CREATE TABLE IF NOT EXISTS "CALOMATERIALS_DATA2TAG" (
	"CALOMATERIALS_TAG_ID" SLONGLONG,
	"CALOMATERIALS_DATA_ID" SLONGLONG
);
DROP TABLE IF EXISTS "CALOMATCOMPONENTS_DATA";
CREATE TABLE IF NOT EXISTS "CALOMATCOMPONENTS_DATA" (
	"CALOMATCOMPONENTS_DATA_ID" SLONGLONG UNIQUE,
	"MATERIAL_ID" SLONGLONG,
	"COMPNAME" TEXT,
	"FRACTION" DOUBLE
);
DROP TABLE IF EXISTS "CALOMATCOMPONENTS_DATA2TAG";
CREATE TABLE IF NOT EXISTS "CALOMATCOMPONENTS_DATA2TAG" (
	"CALOMATCOMPONENTS_TAG_ID" SLONGLONG,
	"CALOMATCOMPONENTS_DATA_ID" SLONGLONG
);
--
DROP TABLE IF EXISTS "FASERCOMMON_DATA";
CREATE TABLE IF NOT EXISTS "FASERCOMMON_DATA" ( 
	"FASERCOMMON_DATA_ID" SLONGLONG UNIQUE,
	"CONFIG" TEXT ,
	"GEOTYPE" TEXT ,
	"STRIPGEOTYPE" TEXT 
);
DROP TABLE IF EXISTS "FASERCOMMON_DATA2TAG";
CREATE TABLE IF NOT EXISTS "FASERCOMMON_DATA2TAG" (
	"FASERCOMMON_TAG_ID" SLONGLONG,
	"FASERCOMMON_DATA_ID" SLONGLONG
);
-- 
DROP TABLE IF EXISTS "VETOSWITCHES_DATA";
CREATE TABLE IF NOT EXISTS "VETOSWITCHES_DATA" ( 
	"VETOSWITCHES_DATA_ID" SLONGLONG UNIQUE,
	"DETECTORNAME" TEXT ,
	"USEMAGFIELDSVC" INT ,
	"COSMICLAYOUT" INT ,
	"VERSIONNAME" TEXT ,
	"LAYOUT" TEXT ,
	"DESCRIPTION" TEXT
);
DROP TABLE IF EXISTS "VETOSWITCHES_DATA2TAG";
CREATE TABLE IF NOT EXISTS "VETOSWITCHES_DATA2TAG" (
	"VETOSWITCHES_TAG_ID" SLONGLONG,
	"VETOSWITCHES_DATA_ID" SLONGLONG
);
--
DROP TABLE IF EXISTS "SCINTIDENTIFIER_DATA";
CREATE TABLE IF NOT EXISTS "SCINTIDENTIFIER_DATA" ( 
	"SCINTIDENTIFIER_DATA_ID" SLONGLONG UNIQUE,
	"DICT_NAME" TEXT ,
	"DICT_FILENAME" TEXT ,
	"DICT_TAG" TEXT 
);
DROP TABLE IF EXISTS "SCINTIDENTIFIER_DATA2TAG";
CREATE TABLE IF NOT EXISTS "SCINTIDENTIFIER_DATA2TAG" (
	"SCINTIDENTIFIER_TAG_ID" SLONGLONG,
	"SCINTIDENTIFIER_DATA_ID" SLONGLONG
);
-- 
DROP TABLE IF EXISTS "TRACKERIDENTIFIER_DATA";
CREATE TABLE IF NOT EXISTS "TRACKERIDENTIFIER_DATA" ( 
	"TRACKERIDENTIFIER_DATA_ID" SLONGLONG UNIQUE,
	"DICT_NAME" TEXT ,
	"DICT_FILENAME" TEXT ,
	"DICT_TAG" TEXT 
);
DROP TABLE IF EXISTS "TRACKERIDENTIFIER_DATA2TAG";
CREATE TABLE IF NOT EXISTS "TRACKERIDENTIFIER_DATA2TAG" (
	"TRACKERIDENTIFIER_TAG_ID" SLONGLONG,
	"TRACKERIDENTIFIER_DATA_ID" SLONGLONG
);
-- 
DROP TABLE IF EXISTS "CALOIDENTIFIER_DATA";
CREATE TABLE IF NOT EXISTS "CALOIDENTIFIER_DATA" ( 
	"CALOIDENTIFIER_DATA_ID" SLONGLONG UNIQUE,
	"DICT_NAME" TEXT ,
	"DICT_FILENAME" TEXT ,
	"DICT_TAG" TEXT 
);
DROP TABLE IF EXISTS "CALOIDENTIFIER_DATA2TAG";
CREATE TABLE IF NOT EXISTS "CALOIDENTIFIER_DATA2TAG" (
	"CALOIDENTIFIER_TAG_ID" SLONGLONG,
	"CALOIDENTIFIER_DATA_ID" SLONGLONG
);
--
-- Part 2a: HVS data
--
-- Data for the HVS_NODE table
INSERT INTO "HVS_NODE" VALUES (0,   "FASER", 0, 1, NULL);
INSERT INTO "HVS_NODE" VALUES (1,   "Scintillator", 0, 1, NULL);
INSERT INTO "HVS_NODE" VALUES (11,  "Veto", 1, 1, NULL);
INSERT INTO "HVS_NODE" VALUES (12,  "Trigger", 1, 1, NULL);
INSERT INTO "HVS_NODE" VALUES (13,  "Preshower", 1, 1, NULL);
INSERT INTO "HVS_NODE" VALUES (2,   "Tracker", 0, 1, NULL);
INSERT INTO "HVS_NODE" VALUES (21,  "SCT", 2, 1, NULL);
INSERT INTO "HVS_NODE" VALUES (22,  "Dipole", 2, 1, NULL);
INSERT INTO "HVS_NODE" VALUES (210, "SctTopLevel", 21, 0, NULL);
INSERT INTO "HVS_NODE" VALUES (211, "SctBrlModule", 21, 0, NULL);
INSERT INTO "HVS_NODE" VALUES (212, "SctBrlSensor", 21, 0, NULL);
INSERT INTO "HVS_NODE" VALUES (213, "SctFaserGeneral", 21, 0, NULL);
INSERT INTO "HVS_NODE" VALUES (214, "SctSwitches", 21, 0, NULL);
INSERT INTO "HVS_NODE" VALUES (215, "SCTMaterials", 21, 0, NULL);
INSERT INTO "HVS_NODE" VALUES (216, "SCTMatComponents", 21, 0, NULL);
INSERT INTO "HVS_NODE" VALUES (217, "SctConditions", 21, 0, NULL);
INSERT INTO "HVS_NODE" VALUES (220, "DipoleTopLevel", 22, 0, NULL);
INSERT INTO "HVS_NODE" VALUES (221, "DipoleGeneral", 22, 0, NULL);
INSERT INTO "HVS_NODE" VALUES (224, "DipoleSwitches", 22, 0, NULL);
INSERT INTO "HVS_NODE" VALUES (3,    "Calorimeter", 0, 1, NULL);
INSERT INTO "HVS_NODE" VALUES (100,  "Materials", 0, 1, NULL);
INSERT INTO "HVS_NODE" VALUES (101,  "StdMaterials", 100, 0, NULL);
INSERT INTO "HVS_NODE" VALUES (102,  "StdMatComponents", 100, 0, NULL);
INSERT INTO "HVS_NODE" VALUES (103,  "Elements", 100, 0, NULL);
INSERT INTO "HVS_NODE" VALUES (1001, "VetoTopLevel", 11, 0, NULL);
INSERT INTO "HVS_NODE" VALUES (1002, "VetoStationGeneral", 11, 0, NULL);
INSERT INTO "HVS_NODE" VALUES (1006, "VetoPlateGeneral", 11, 0, NULL);
INSERT INTO "HVS_NODE" VALUES (1003, "ScintMaterials", 1, 0, NULL);
INSERT INTO "HVS_NODE" VALUES (1004, "ScintMatComponents", 1, 0, NULL);
INSERT INTO "HVS_NODE" VALUES (2003, "TrackerMaterials", 2, 0, NULL);
INSERT INTO "HVS_NODE" VALUES (2004, "TrackerMatComponents", 2, 0, NULL);
INSERT INTO "HVS_NODE" VALUES (3003, "CaloMaterials", 3, 0, NULL);
INSERT INTO "HVS_NODE" VALUES (3004, "CaloMatComponents", 3, 0, NULL);
INSERT INTO "HVS_NODE" VALUES (110,  "FaserCommon", 0, 0, NULL);
INSERT INTO "HVS_NODE" VALUES (1100, "VetoSwitches", 11, 0, NULL );
INSERT INTO "HVS_NODE" VALUES (1005, "ScintIdentifier", 1, 0, NULL);
INSERT INTO "HVS_NODE" VALUES (2005, "TrackerIdentifier", 2, 0, NULL);
INSERT INTO "HVS_NODE" VALUES (3005, "CaloIdentifier", 3, 0, NULL);
-- Data for the HVS_TAG2NODE table
-- Command to get midnight of current date in UT:
-- date -u --date '00:00 today' +%s
INSERT INTO "HVS_TAG2NODE" VALUES (0, "FASER-00", 100000, NULL, 0, 0, 1549238400000000000, NULL, 22);
INSERT INTO "HVS_TAG2NODE" VALUES (1, "Scintillator-00", 100001, NULL, 0, 0, 1549238400000000000, NULL, 22);
INSERT INTO "HVS_TAG2NODE" VALUES (2, "Tracker-00", 100002, NULL, 0, 0, 1549238400000000000, NULL, 22);
INSERT INTO "HVS_TAG2NODE" VALUES (21, "SCT-00", 100026, NULL, 0, 0, 1567987200000000000, NULL, 22);
INSERT INTO "HVS_TAG2NODE" VALUES (22, "Dipole-00", 100027, NULL, 0, 0, 1568678400000000000, NULL, 22);
INSERT INTO "HVS_TAG2NODE" VALUES (210, "SctTopLevel-00", 106788, NULL, 0, 0, 1567987200000000000, NULL, 22);
INSERT INTO "HVS_TAG2NODE" VALUES (211, "SctBarrelModule-00", 107003, NULL, 0, 0, 1567987200000000000, NULL, 22);
INSERT INTO "HVS_TAG2NODE" VALUES (212, "SctBarrelSensor-00", 106730, NULL, 0, 0, 1567987200000000000, NULL, 22);
INSERT INTO "HVS_TAG2NODE" VALUES (213, "SctFaserGeneral-00", 106789, NULL, 0, 0, 1567987200000000000, NULL, 22);
INSERT INTO "HVS_TAG2NODE" VALUES (214, "SctSwitches-00", 107782, NULL, 0, 0, 1567987200000000000, NULL, 22);
INSERT INTO "HVS_TAG2NODE" VALUES (215, "SctMaterials-00", 107777, NULL, 0, 0, 1567987200000000000, NULL, 22);
INSERT INTO "HVS_TAG2NODE" VALUES (216, "SctMatComponents-00", 107778, NULL, 0, 0, 1567987200000000000, NULL, 22);
INSERT INTO "HVS_TAG2NODE" VALUES (217, "SctConditions-00", 107779, NULL, 0, 0, 1579564800000000000, NULL, 22);
INSERT INTO "HVS_TAG2NODE" VALUES (220, "DipoleTopLevel-00", 100029, NULL, 0, 0, 1568678400000000000, NULL, 22);
INSERT INTO "HVS_TAG2NODE" VALUES (221, "DipoleGeneral-00", 100004, NULL, 0, 0, 1568678400000000000, NULL, 22);
INSERT INTO "HVS_TAG2NODE" VALUES (224, "DipoleSwitches-00", 100028, NULL, 0, 0, 1568678400000000000, NULL, 22);
INSERT INTO "HVS_TAG2NODE" VALUES (3, "Calorimeter-00", 100003, NULL, 0, 0, 1549238400000000000, NULL, 22);
INSERT INTO "HVS_TAG2NODE" VALUES (100, "Materials-00", 100005, NULL, 0, 0, 1549238400000000000, NULL, 22);
INSERT INTO "HVS_TAG2NODE" VALUES (101, "StdMaterials-00", 100006, NULL, 0, 0, 1549238400000000000, NULL, 22);
INSERT INTO "HVS_TAG2NODE" VALUES (102, "StdMatComponents-00", 100007, NULL, 0, 0, 1549238400000000000, NULL, 22);
INSERT INTO "HVS_TAG2NODE" VALUES (103, "Elements-00", 100008, NULL, 0, 0, 1549238400000000000, NULL, 22);
INSERT INTO "HVS_TAG2NODE" VALUES (1001, "VetoTopLevel-00", 100009, NULL, 0, 0, 1567123200000000000, NULL, 22);
INSERT INTO "HVS_TAG2NODE" VALUES (1002, "VetoStationGeneral-00", 100010, NULL, 0, 0, 1567123200000000000, NULL, 22);
INSERT INTO "HVS_TAG2NODE" VALUES (1006, "VetoPlateGeneral-00", 100025, NULL, 0, 0, 1567209600000000000, NULL, 22);
INSERT INTO "HVS_TAG2NODE" VALUES (1003, "ScintMaterials-00", 100011, NULL, 0, 0, 1549238400000000000, NULL, 22);
INSERT INTO "HVS_TAG2NODE" VALUES (1004, "ScintMatComponents-00", 100012, NULL, 0, 0, 1549238400000000000, NULL, 22);
INSERT INTO "HVS_TAG2NODE" VALUES (2003, "TrackerMaterials-00", 100021, NULL, 0, 0, 1550448000000000000, NULL, 22);
INSERT INTO "HVS_TAG2NODE" VALUES (2004, "TrackerMatComponents-00", 100022, NULL, 0, 0, 1550448000000000000, NULL, 22);
INSERT INTO "HVS_TAG2NODE" VALUES (3003, "CaloMaterials-00", 100023, NULL, 0, 0, 1550448000000000000, NULL, 22);
INSERT INTO "HVS_TAG2NODE" VALUES (3004, "CaloMatComponents-00", 100024, NULL, 0, 0, 1550448000000000000, NULL, 22);
INSERT INTO "HVS_TAG2NODE" VALUES (110,  "FaserCommon-00", 100013, NULL, 0, 0, 1549324800000000000, NULL, 22);
INSERT INTO "HVS_TAG2NODE" VALUES (1100, "VetoSwitches-00", 100014, NULL, 0, 0, 1550361600000000000 ,NULL, 22);
INSERT INTO "HVS_TAG2NODE" VALUES (11, "Veto-00", 100015, NULL, 0, 0, 1550448000000000000, NULL, 22);
INSERT INTO "HVS_TAG2NODE" VALUES (12, "Trigger-00", 100019, NULL, 0, 0, 1550448000000000000, NULL, 22);
INSERT INTO "HVS_TAG2NODE" VALUES (13, "Preshower-00", 100020, NULL, 0, 0, 1550448000000000000, NULL, 22);
INSERT INTO "HVS_TAG2NODE" VALUES (1005, "ScintIdentifier-00", 100016, NULL, 0, 0, 1550448000000000000, NULL, 22);
INSERT INTO "HVS_TAG2NODE" VALUES (2005, "TrackerIdentifier-00", 100017, NULL, 0, 0, 1550448000000000000, NULL, 22);
INSERT INTO "HVS_TAG2NODE" VALUES (3005, "CaloIdentifier-00", 100018, NULL, 0, 0, 1550448000000000000, NULL, 22);
-- Data for the HVS_LTAG2LTAG table
INSERT INTO "HVS_LTAG2LTAG" VALUES (0,   100000, 1,    100001);
INSERT INTO "HVS_LTAG2LTAG" VALUES (0,   100000, 2,    100002);
INSERT INTO "HVS_LTAG2LTAG" VALUES (0,   100000, 3,    100003);
INSERT INTO "HVS_LTAG2LTAG" VALUES (0,   100000, 100,  100005);
INSERT INTO "HVS_LTAG2LTAG" VALUES (100, 100005, 101,  100006);
INSERT INTO "HVS_LTAG2LTAG" VALUES (100, 100005, 102,  100007);
INSERT INTO "HVS_LTAG2LTAG" VALUES (100, 100005, 103,  100008);
INSERT INTO "HVS_LTAG2LTAG" VALUES (11,  100015, 1001, 100009);
INSERT INTO "HVS_LTAG2LTAG" VALUES (11,  100015, 1002, 100010);
INSERT INTO "HVS_LTAG2LTAG" VALUES (11,  100015, 1006, 100025);
INSERT INTO "HVS_LTAG2LTAG" VALUES (1,   100001, 1003, 100011);
INSERT INTO "HVS_LTAG2LTAG" VALUES (1,   100001, 1004, 100012);
INSERT INTO "HVS_LTAG2LTAG" VALUES (2,   100002, 2003, 100021);
INSERT INTO "HVS_LTAG2LTAG" VALUES (2,   100002, 2004, 100022);
INSERT INTO "HVS_LTAG2LTAG" VALUES (2,   100002, 21,   100026);
INSERT INTO "HVS_LTAG2LTAG" VALUES (21,  100026, 210,  106788);
INSERT INTO "HVS_LTAG2LTAG" VALUES (21,  100026, 211,  107003);
INSERT INTO "HVS_LTAG2LTAG" VALUES (21,  100026, 212,  106730);
INSERT INTO "HVS_LTAG2LTAG" VALUES (21,  100026, 213,  106789);
INSERT INTO "HVS_LTAG2LTAG" VALUES (21,  100026, 214,  107782);
INSERT INTO "HVS_LTAG2LTAG" VALUES (21,  100026, 215,  107777);
INSERT INTO "HVS_LTAG2LTAG" VALUES (21,  100026, 216,  107778);
INSERT INTO "HVS_LTAG2LTAG" VALUES (21,  100026, 217,  107779);
INSERT INTO "HVS_LTAG2LTAG" VALUES (2,   100002, 22,   100027);
INSERT INTO "HVS_LTAG2LTAG" VALUES (22,  100027, 220,  100029);
INSERT INTO "HVS_LTAG2LTAG" VALUES (22,  100027, 221,  100004);
INSERT INTO "HVS_LTAG2LTAG" VALUES (22,  100027, 224,  100028);
INSERT INTO "HVS_LTAG2LTAG" VALUES (3,   100003, 3003, 100023);
INSERT INTO "HVS_LTAG2LTAG" VALUES (3,   100003, 3004, 100024);
INSERT INTO "HVS_LTAG2LTAG" VALUES (0,   100000, 110,  100013);
INSERT INTO "HVS_LTAG2LTAG" VALUES (1,   100001, 11,   100015);
INSERT INTO "HVS_LTAG2LTAG" VALUES (1,   100001, 12,   100019);
INSERT INTO "HVS_LTAG2LTAG" VALUES (1,   100001, 13,   100020);
INSERT INTO "HVS_LTAG2LTAG" VALUES (11,  100015, 1100, 100014);
INSERT INTO "HVS_LTAG2LTAG" VALUES (1,   100001, 1005, 100016);
INSERT INTO "HVS_LTAG2LTAG" VALUES (2,   100002, 2005, 100017);
INSERT INTO "HVS_LTAG2LTAG" VALUES (3,   100003, 3005, 100018);
-- Data for the HVS_TAGCACHE table
INSERT INTO "HVS_TAGCACHE" VALUES ("FASER-00", "FASER",              "FASER-00",                100000);
INSERT INTO "HVS_TAGCACHE" VALUES ("FASER-00", "Scintillator",       "Scintillator-00",         100001);
INSERT INTO "HVS_TAGCACHE" VALUES ("FASER-00", "Tracker",            "Tracker-00",              100002);
INSERT INTO "HVS_TAGCACHE" VALUES ("FASER-00", "SCT",                "SCT-00",                  100026);
INSERT INTO "HVS_TAGCACHE" VALUES ("FASER-00", "SctTopLevel",        "SCTTopLevel-00",          106788);
INSERT INTO "HVS_TAGCACHE" VALUES ("FASER-00", "SctBrlModule",       "SCTBrlModule-00",         107003);
INSERT INTO "HVS_TAGCACHE" VALUES ("FASER-00", "SctBrlSensor",       "SCTBrlSensor-00",         106730);
INSERT INTO "HVS_TAGCACHE" VALUES ("FASER-00", "SctFaserGeneral",    "SCTFaserGeneral-00",      106789);
INSERT INTO "HVS_TAGCACHE" VALUES ("FASER-00", "SctSwitches",        "SCTSwitches-00",          107782);
INSERT INTO "HVS_TAGCACHE" VALUES ("FASER-00", "SCTMaterials",       "SCTMaterials-00",         107777);
INSERT INTO "HVS_TAGCACHE" VALUES ("FASER-00", "SCTMatComponents",   "SCTMatComponents-00",     107778);
INSERT INTO "HVS_TAGCACHE" VALUES ("FASER-00", "SctConditions",      "SctConditions-00",        107779);
INSERT INTO "HVS_TAGCACHE" VALUES ("FASER-00", "Dipole",             "Dipole-00",               100027);
INSERT INTO "HVS_TAGCACHE" VALUES ("FASER-00", "DipoleTopLevel",     "DipoleTopLevel-00",       100029);
INSERT INTO "HVS_TAGCACHE" VALUES ("FASER-00", "DipoleGeneral",      "DipoleGeneral-00",        100004);
INSERT INTO "HVS_TAGCACHE" VALUES ("FASER-00", "DipoleSwitches",     "DipoleSwitches-00",       100028);
INSERT INTO "HVS_TAGCACHE" VALUES ("FASER-00", "Calorimeter",        "Calorimeter-00",          100003);
INSERT INTO "HVS_TAGCACHE" VALUES ("FASER-00", "Materials",          "Materials-00",            100005);
INSERT INTO "HVS_TAGCACHE" VALUES ("FASER-00", "StdMaterials",       "StdMaterials-00",         100006);
INSERT INTO "HVS_TAGCACHE" VALUES ("FASER-00", "StdMatComponents",   "StdMatComponents-00",     100007);
INSERT INTO "HVS_TAGCACHE" VALUES ("FASER-00", "Elements",           "Elements-00",             100008);
INSERT INTO "HVS_TAGCACHE" VALUES ("FASER-00", "VetoTopLevel",       "VetoTopLevel-00",         100009);
INSERT INTO "HVS_TAGCACHE" VALUES ("FASER-00", "VetoStationGeneral", "VetoStationGeneral-00",   100010);
INSERT INTO "HVS_TAGCACHE" VALUES ("FASER-00", "VetoPlateGeneral",   "VetoPlateGeneral-00",     100025);
INSERT INTO "HVS_TAGCACHE" VALUES ("FASER-00", "ScintMaterials",     "ScintMaterials-00",       100011);
INSERT INTO "HVS_TAGCACHE" VALUES ("FASER-00", "ScintMatComponents", "ScintMatComponents-00",   100012);
INSERT INTO "HVS_TAGCACHE" VALUES ("FASER-00", "TrackerMaterials",     "TrackerMaterials-00",     100021);
INSERT INTO "HVS_TAGCACHE" VALUES ("FASER-00", "TrackerMatComponents", "TrackerMatComponents-00", 100022);
INSERT INTO "HVS_TAGCACHE" VALUES ("FASER-00", "CaloMaterials",     "CaloMaterials-00",         100023);
INSERT INTO "HVS_TAGCACHE" VALUES ("FASER-00", "CaloMatComponents", "CaloMatComponents-00",     100024);
INSERT INTO "HVS_TAGCACHE" VALUES ("FASER-00", "FaserCommon",        "FaserCommon-00",          100013);
INSERT INTO "HVS_TAGCACHE" VALUES ("FASER-00", "VetoSwitches",       "VetoSwitches-00",         100014);
INSERT INTO "HVS_TAGCACHE" VALUES ("FASER-00", "Veto",               "Veto-00",                 100015);
INSERT INTO "HVS_TAGCACHE" VALUES ("FASER-00", "Trigger",            "Trigger-00",              100019);
INSERT INTO "HVS_TAGCACHE" VALUES ("FASER-00", "Preshower",          "Preshower-00",            100020);
INSERT INTO "HVS_TAGCACHE" VALUES ("FASER-00", "ScintIdentifier",    "ScintIdentifier-00",      100016);
INSERT INTO "HVS_TAGCACHE" VALUES ("FASER-00", "TrackerIdentifier",  "TrackerIdentifier-00",    100017);
INSERT INTO "HVS_TAGCACHE" VALUES ("FASER-00", "CaloIdentifier",     "CaloIdentifier-00",       100018);
-- 
--
-- Part 2b: Content (Leaf node) data
--
-- Data for the standard material tables (copied directly from ATLAS geomDB)
INSERT INTO "STDMATERIALS_DATA" VALUES (0,'Air',0.001214);
INSERT INTO "STDMATERIALS_DATA" VALUES (1,'Vacuum',1.0e-06);
INSERT INTO "STDMATERIALS_DATA" VALUES (2,'Carbon',2.265);
INSERT INTO "STDMATERIALS_DATA" VALUES (3,'Aluminium',2.7);
INSERT INTO "STDMATERIALS_DATA" VALUES (4,'Silicon',2.33);
INSERT INTO "STDMATERIALS_DATA" VALUES (5,'Copper',8.96);
INSERT INTO "STDMATERIALS_DATA" VALUES (6,'Beryllia',3.01);
INSERT INTO "STDMATERIALS_DATA" VALUES (7,'Polystyrene',1.032);
INSERT INTO "STDMATERIALS_DATA" VALUES (8,'Polyethylene',0.95);
INSERT INTO "STDMATERIALS_DATA" VALUES (9,'C3F8',1.032);
INSERT INTO "STDMATERIALS_DATA" VALUES (10,'Kapton',1.46);
INSERT INTO "STDMATERIALS_DATA" VALUES (11,'G10',2.0);
INSERT INTO "STDMATERIALS_DATA" VALUES (12,'Bakelite',1.4);
INSERT INTO "STDMATERIALS_DATA" VALUES (13,'Iron',7.87);
INSERT INTO "STDMATERIALS_DATA" VALUES (14,'Beryllium',1.848);
INSERT INTO "STDMATERIALS_DATA" VALUES (15,'LiquidArgon',1.396);
INSERT INTO "STDMATERIALS_DATA" VALUES (16,'Lead',11.35);
INSERT INTO "STDMATERIALS_DATA" VALUES (17,'Quartz',2.62);
INSERT INTO "STDMATERIALS_DATA" VALUES (18,'Feldspar',2.56);
INSERT INTO "STDMATERIALS_DATA" VALUES (19,'Rock',2.33);
INSERT INTO "STDMATERIALS_DATA" VALUES (20,'Concrete',2.4);
INSERT INTO "STDMATERIALS_DATA" VALUES (21,'Mag_Concrete',3.67);
INSERT INTO "STDMATERIALS_DATA" VALUES (22,'Titanium',4.507);
INSERT INTO "STDMATERIALS_DATA" VALUES (23,'Mylar',1.39);
INSERT INTO "STDMATERIALS_DATA" VALUES (24,'Water',1.0);
INSERT INTO "STDMATERIALS_DATA" VALUES (25,'Aerogel',0.2);
INSERT INTO "STDMATERIALS_DATA" VALUES (26,'Pump_Ti',0.885);
INSERT INTO "STDMATERIALS_DATA" VALUES (27,'Aerogel',0.182);
INSERT INTO "STDMATERIALS_DATA" VALUES (28,'Getter',5.8);
INSERT INTO "STDMATERIALS_DATA" VALUES (29,'Inconel',8.47);
INSERT INTO "STDMATERIALS_DATA" VALUES (30,'SSteel',7.87);
INSERT INTO "STDMATERIALS_DATA" VALUES (31,'Brass',1.0);
INSERT INTO "STDMATERIALS_DATA" VALUES (32,'Pump_Ti',1.7);
INSERT INTO "STDMATERIALS_DATA" VALUES (33,'Inconel_H1',4.235);
INSERT INTO "STDMATERIALS_DATA" VALUES (34,'TiO2',4.23);
INSERT INTO "STDMATERIALS_DATA" VALUES (35,'AerogelBase',2.7);
INSERT INTO "STDMATERIALS_DATA" VALUES (36,'AerogelRun2',0.212);
INSERT INTO "STDMATERIALS_DATA" VALUES (37,'Polyester',1.4);
INSERT INTO "STDMATERIALS_DATA" VALUES (38,'Viscose',1.51);
INSERT INTO "STDMATERIALS_DATA" VALUES (39,'Valmat',1.25);
INSERT INTO "STDMATERIALS_DATA" VALUES (40,'Silica',0.7);
INSERT INTO "STDMATERIALS_DATA" VALUES (41,'AlH6O3',2.42);
INSERT INTO "STDMATERIALS_DATA" VALUES (42,'PyrogelXT',0.18);
INSERT INTO "STDMATERIALS_DATA" VALUES (43,'Wolfram',19.3);
INSERT INTO "STDMATERIALS_DATA" VALUES (44,'Nd2Fe14B',5.8);
--
INSERT INTO "STDMATERIALS_DATA2TAG" VALUES (100006, 0);
INSERT INTO "STDMATERIALS_DATA2TAG" VALUES (100006, 1);
INSERT INTO "STDMATERIALS_DATA2TAG" VALUES (100006, 2);
INSERT INTO "STDMATERIALS_DATA2TAG" VALUES (100006, 3);
INSERT INTO "STDMATERIALS_DATA2TAG" VALUES (100006, 4);
INSERT INTO "STDMATERIALS_DATA2TAG" VALUES (100006, 5);
INSERT INTO "STDMATERIALS_DATA2TAG" VALUES (100006, 6);
INSERT INTO "STDMATERIALS_DATA2TAG" VALUES (100006, 7);
INSERT INTO "STDMATERIALS_DATA2TAG" VALUES (100006, 8);
INSERT INTO "STDMATERIALS_DATA2TAG" VALUES (100006, 9);
INSERT INTO "STDMATERIALS_DATA2TAG" VALUES (100006, 10);
INSERT INTO "STDMATERIALS_DATA2TAG" VALUES (100006, 11);
INSERT INTO "STDMATERIALS_DATA2TAG" VALUES (100006, 12);
INSERT INTO "STDMATERIALS_DATA2TAG" VALUES (100006, 13);
INSERT INTO "STDMATERIALS_DATA2TAG" VALUES (100006, 14);
INSERT INTO "STDMATERIALS_DATA2TAG" VALUES (100006, 15);
INSERT INTO "STDMATERIALS_DATA2TAG" VALUES (100006, 16);
INSERT INTO "STDMATERIALS_DATA2TAG" VALUES (100006, 17);
INSERT INTO "STDMATERIALS_DATA2TAG" VALUES (100006, 18);
INSERT INTO "STDMATERIALS_DATA2TAG" VALUES (100006, 19);
INSERT INTO "STDMATERIALS_DATA2TAG" VALUES (100006, 20);
INSERT INTO "STDMATERIALS_DATA2TAG" VALUES (100006, 21);
INSERT INTO "STDMATERIALS_DATA2TAG" VALUES (100006, 22);
INSERT INTO "STDMATERIALS_DATA2TAG" VALUES (100006, 23);
INSERT INTO "STDMATERIALS_DATA2TAG" VALUES (100006, 24);
INSERT INTO "STDMATERIALS_DATA2TAG" VALUES (100006, 25);
INSERT INTO "STDMATERIALS_DATA2TAG" VALUES (100006, 26);
INSERT INTO "STDMATERIALS_DATA2TAG" VALUES (100006, 27);
INSERT INTO "STDMATERIALS_DATA2TAG" VALUES (100006, 28);
INSERT INTO "STDMATERIALS_DATA2TAG" VALUES (100006, 29);
INSERT INTO "STDMATERIALS_DATA2TAG" VALUES (100006, 30);
INSERT INTO "STDMATERIALS_DATA2TAG" VALUES (100006, 31);
INSERT INTO "STDMATERIALS_DATA2TAG" VALUES (100006, 32);
INSERT INTO "STDMATERIALS_DATA2TAG" VALUES (100006, 33);
INSERT INTO "STDMATERIALS_DATA2TAG" VALUES (100006, 34);
INSERT INTO "STDMATERIALS_DATA2TAG" VALUES (100006, 35);
INSERT INTO "STDMATERIALS_DATA2TAG" VALUES (100006, 36);
INSERT INTO "STDMATERIALS_DATA2TAG" VALUES (100006, 37);
INSERT INTO "STDMATERIALS_DATA2TAG" VALUES (100006, 38);
INSERT INTO "STDMATERIALS_DATA2TAG" VALUES (100006, 39);
INSERT INTO "STDMATERIALS_DATA2TAG" VALUES (100006, 40);
INSERT INTO "STDMATERIALS_DATA2TAG" VALUES (100006, 41);
INSERT INTO "STDMATERIALS_DATA2TAG" VALUES (100006, 42);
INSERT INTO "STDMATERIALS_DATA2TAG" VALUES (100006, 43);
INSERT INTO "STDMATERIALS_DATA2TAG" VALUES (100006, 44);
--
--
INSERT INTO "STDMATCOMPONENTS_DATA" VALUES (0,0,'Nitrogen',0.7494);
INSERT INTO "STDMATCOMPONENTS_DATA" VALUES (1,0,'Oxygen',0.2369);
INSERT INTO "STDMATCOMPONENTS_DATA" VALUES (2,0,'Argon',0.0129);
INSERT INTO "STDMATCOMPONENTS_DATA" VALUES (3,0,'Hydrogen',0.0008);
INSERT INTO "STDMATCOMPONENTS_DATA" VALUES (4,1,'Nitrogen',0.7494);
INSERT INTO "STDMATCOMPONENTS_DATA" VALUES (5,1,'Oxygen',0.2369);
INSERT INTO "STDMATCOMPONENTS_DATA" VALUES (6,1,'Argon',0.0129);
INSERT INTO "STDMATCOMPONENTS_DATA" VALUES (7,1,'Hydrogen',0.0008);
INSERT INTO "STDMATCOMPONENTS_DATA" VALUES (8,2,'Carbon',1.0);
INSERT INTO "STDMATCOMPONENTS_DATA" VALUES (9,3,'Aluminium',1.0);
INSERT INTO "STDMATCOMPONENTS_DATA" VALUES (10,4,'Silicon',1.0);
INSERT INTO "STDMATCOMPONENTS_DATA" VALUES (11,5,'Copper',1.0);
INSERT INTO "STDMATCOMPONENTS_DATA" VALUES (12,6,'Beryllium',0.33);
INSERT INTO "STDMATCOMPONENTS_DATA" VALUES (13,6,'Oxygen',0.66);
INSERT INTO "STDMATCOMPONENTS_DATA" VALUES (14,7,'Carbon',1.0);
INSERT INTO "STDMATCOMPONENTS_DATA" VALUES (15,7,'Hydrogen',1.0);
INSERT INTO "STDMATCOMPONENTS_DATA" VALUES (16,8,'Carbon',1.0);
INSERT INTO "STDMATCOMPONENTS_DATA" VALUES (17,8,'Hydrogen',2.0);
INSERT INTO "STDMATCOMPONENTS_DATA" VALUES (18,9,'Carbon',3.0);
INSERT INTO "STDMATCOMPONENTS_DATA" VALUES (19,9,'Fluorine',8.0);
INSERT INTO "STDMATCOMPONENTS_DATA" VALUES (20,10,'Carbon',22.0);
INSERT INTO "STDMATCOMPONENTS_DATA" VALUES (21,10,'Hydrogen',10.0);
INSERT INTO "STDMATCOMPONENTS_DATA" VALUES (22,10,'Oxygen',5.0);
INSERT INTO "STDMATCOMPONENTS_DATA" VALUES (23,10,'Nitrogen',2.0);
INSERT INTO "STDMATCOMPONENTS_DATA" VALUES (24,11,'Carbon',2.0);
INSERT INTO "STDMATCOMPONENTS_DATA" VALUES (25,11,'Hydrogen',2.0);
INSERT INTO "STDMATCOMPONENTS_DATA" VALUES (26,11,'Fluorine',4.0);
INSERT INTO "STDMATCOMPONENTS_DATA" VALUES (27,12,'Carbon',1.0);
INSERT INTO "STDMATCOMPONENTS_DATA" VALUES (28,12,'Hydrogen',4.0);
INSERT INTO "STDMATCOMPONENTS_DATA" VALUES (29,12,'Oxygen',2.0);
INSERT INTO "STDMATCOMPONENTS_DATA" VALUES (30,13,'Iron',1.0);
INSERT INTO "STDMATCOMPONENTS_DATA" VALUES (31,14,'Beryllium',1.0);
INSERT INTO "STDMATCOMPONENTS_DATA" VALUES (32,15,'Argon',1.0);
INSERT INTO "STDMATCOMPONENTS_DATA" VALUES (33,16,'Lead',1.0);
INSERT INTO "STDMATCOMPONENTS_DATA" VALUES (34,17,'Silicon',0.47);
INSERT INTO "STDMATCOMPONENTS_DATA" VALUES (35,17,'Oxygen',0.53);
INSERT INTO "STDMATCOMPONENTS_DATA" VALUES (36,18,'Oxygen',0.46);
INSERT INTO "STDMATCOMPONENTS_DATA" VALUES (37,18,'Silicon',0.3);
INSERT INTO "STDMATCOMPONENTS_DATA" VALUES (38,18,'Potassium',0.14);
INSERT INTO "STDMATCOMPONENTS_DATA" VALUES (39,18,'Aluminium',0.1);
INSERT INTO "STDMATCOMPONENTS_DATA" VALUES (40,19,'std::Quartz',0.83);
INSERT INTO "STDMATCOMPONENTS_DATA" VALUES (41,19,'std::Feldspar',0.17);
INSERT INTO "STDMATCOMPONENTS_DATA" VALUES (42,20,'Oxygen',0.5);
INSERT INTO "STDMATCOMPONENTS_DATA" VALUES (43,20,'Calcium',0.2);
INSERT INTO "STDMATCOMPONENTS_DATA" VALUES (44,20,'Silicon',0.2);
INSERT INTO "STDMATCOMPONENTS_DATA" VALUES (45,20,'Carbon',0.03);
INSERT INTO "STDMATCOMPONENTS_DATA" VALUES (46,20,'Aluminium',0.03);
INSERT INTO "STDMATCOMPONENTS_DATA" VALUES (47,20,'Iron',0.014);
INSERT INTO "STDMATCOMPONENTS_DATA" VALUES (48,20,'Potassium',0.01);
INSERT INTO "STDMATCOMPONENTS_DATA" VALUES (49,20,'Sodium',0.01);
INSERT INTO "STDMATCOMPONENTS_DATA" VALUES (50,20,'Hydrogen',0.006);
INSERT INTO "STDMATCOMPONENTS_DATA" VALUES (51,21,'Oxygen',0.35);
INSERT INTO "STDMATCOMPONENTS_DATA" VALUES (52,21,'Calcium',0.027);
INSERT INTO "STDMATCOMPONENTS_DATA" VALUES (53,21,'Silicon',0.02);
INSERT INTO "STDMATCOMPONENTS_DATA" VALUES (54,21,'Aluminium',0.02);
INSERT INTO "STDMATCOMPONENTS_DATA" VALUES (55,21,'Iron',0.55);
INSERT INTO "STDMATCOMPONENTS_DATA" VALUES (56,21,'Sodium',0.013);
INSERT INTO "STDMATCOMPONENTS_DATA" VALUES (57,21,'Hydrogen',0.007);
INSERT INTO "STDMATCOMPONENTS_DATA" VALUES (58,21,'Boron',0.013);
INSERT INTO "STDMATCOMPONENTS_DATA" VALUES (59,22,'Titanium',1.0);
INSERT INTO "STDMATCOMPONENTS_DATA" VALUES (60,23,'Carbon',5.0);
INSERT INTO "STDMATCOMPONENTS_DATA" VALUES (61,23,'Oxygen',2.0);
INSERT INTO "STDMATCOMPONENTS_DATA" VALUES (62,23,'Hydrogen',4.0);
INSERT INTO "STDMATCOMPONENTS_DATA" VALUES (63,24,'Hydrogen',2.0);
INSERT INTO "STDMATCOMPONENTS_DATA" VALUES (64,24,'Oxygen',1.0);
INSERT INTO "STDMATCOMPONENTS_DATA" VALUES (65,25,'std::Quartz',0.625);
INSERT INTO "STDMATCOMPONENTS_DATA" VALUES (66,25,'std::Water',0.374);
INSERT INTO "STDMATCOMPONENTS_DATA" VALUES (67,25,'Carbon',0.001);
INSERT INTO "STDMATCOMPONENTS_DATA" VALUES (68,26,'Titanium',1.0);
INSERT INTO "STDMATCOMPONENTS_DATA" VALUES (69,27,'std::Quartz',0.97);
INSERT INTO "STDMATCOMPONENTS_DATA" VALUES (70,27,'std::Water',0.03);
INSERT INTO "STDMATCOMPONENTS_DATA" VALUES (71,28,'Titanium',3.0);
INSERT INTO "STDMATCOMPONENTS_DATA" VALUES (72,28,'Zirconium',3.0);
INSERT INTO "STDMATCOMPONENTS_DATA" VALUES (73,28,'Vanadium',4.0);
INSERT INTO "STDMATCOMPONENTS_DATA" VALUES (74,29,'Nickel',0.75);
INSERT INTO "STDMATCOMPONENTS_DATA" VALUES (75,29,'Chromium',0.16);
INSERT INTO "STDMATCOMPONENTS_DATA" VALUES (76,29,'Iron',0.08);
INSERT INTO "STDMATCOMPONENTS_DATA" VALUES (77,29,'Manganese',0.005);
INSERT INTO "STDMATCOMPONENTS_DATA" VALUES (78,29,'Silicon',0.0025);
INSERT INTO "STDMATCOMPONENTS_DATA" VALUES (79,29,'Copper',0.0025);
INSERT INTO "STDMATCOMPONENTS_DATA" VALUES (80,30,'Iron',0.74);
INSERT INTO "STDMATCOMPONENTS_DATA" VALUES (81,30,'Chromium',0.18);
INSERT INTO "STDMATCOMPONENTS_DATA" VALUES (82,30,'Nickel',0.08);
INSERT INTO "STDMATCOMPONENTS_DATA" VALUES (83,31,'Copper',0.9);
INSERT INTO "STDMATCOMPONENTS_DATA" VALUES (84,31,'Zinc',0.1);
INSERT INTO "STDMATCOMPONENTS_DATA" VALUES (85,32,'Titanium',1.0);
INSERT INTO "STDMATCOMPONENTS_DATA" VALUES (86,33,'std::Inconel',1.0);
INSERT INTO "STDMATCOMPONENTS_DATA" VALUES (87,34,'Titanium',0.599);
INSERT INTO "STDMATCOMPONENTS_DATA" VALUES (88,34,'Oxygen',0.401);
INSERT INTO "STDMATCOMPONENTS_DATA" VALUES (89,35,'std::Quartz',0.919);
INSERT INTO "STDMATCOMPONENTS_DATA" VALUES (90,35,'std::TiO2',0.081);
INSERT INTO "STDMATCOMPONENTS_DATA" VALUES (91,36,'std::AerogelBase',0.97);
INSERT INTO "STDMATCOMPONENTS_DATA" VALUES (92,36,'std::Water',0.03);
INSERT INTO "STDMATCOMPONENTS_DATA" VALUES (93,37,'Carbon',15.0);
INSERT INTO "STDMATCOMPONENTS_DATA" VALUES (94,37,'Hydrogen',12.0);
INSERT INTO "STDMATCOMPONENTS_DATA" VALUES (95,37,'Bromine',4.0);
INSERT INTO "STDMATCOMPONENTS_DATA" VALUES (96,37,'Oxygen',2.0);
INSERT INTO "STDMATCOMPONENTS_DATA" VALUES (97,38,'Carbon',6.0);
INSERT INTO "STDMATCOMPONENTS_DATA" VALUES (98,38,'Hydrogen',10.0);
INSERT INTO "STDMATCOMPONENTS_DATA" VALUES (99,38,'Oxygen',5.0);
INSERT INTO "STDMATCOMPONENTS_DATA" VALUES (100,39,'Polyester',0.3);
INSERT INTO "STDMATCOMPONENTS_DATA" VALUES (101,39,'Viscose',0.7);
INSERT INTO "STDMATCOMPONENTS_DATA" VALUES (102,40,'Silicon',1.0);
INSERT INTO "STDMATCOMPONENTS_DATA" VALUES (103,40,'Oxygen',3.0);
INSERT INTO "STDMATCOMPONENTS_DATA" VALUES (104,40,'Hydrogen',2.0);
INSERT INTO "STDMATCOMPONENTS_DATA" VALUES (105,40,'Chlorine',2.0);
INSERT INTO "STDMATCOMPONENTS_DATA" VALUES (106,40,'Cobalt',2.0);
INSERT INTO "STDMATCOMPONENTS_DATA" VALUES (107,41,'Aluminium',6.0);
INSERT INTO "STDMATCOMPONENTS_DATA" VALUES (108,41,'Hydrogen',6.0);
INSERT INTO "STDMATCOMPONENTS_DATA" VALUES (109,41,'Oxygen',3.0);
INSERT INTO "STDMATCOMPONENTS_DATA" VALUES (110,42,'Silica',0.45);
INSERT INTO "STDMATCOMPONENTS_DATA" VALUES (111,42,'Quartz',0.45);
INSERT INTO "STDMATCOMPONENTS_DATA" VALUES (112,42,'TiO2',0.7);
INSERT INTO "STDMATCOMPONENTS_DATA" VALUES (113,42,'AlH6O3',0.7);
INSERT INTO "STDMATCOMPONENTS_DATA" VALUES (114,42,'TiO2',0.05);
INSERT INTO "STDMATCOMPONENTS_DATA" VALUES (115,42,'AlH6O3',0.05);
INSERT INTO "STDMATCOMPONENTS_DATA" VALUES (116,39,'std::Polyester',0.3);
INSERT INTO "STDMATCOMPONENTS_DATA" VALUES (117,39,'std:Viscose',0.7);
INSERT INTO "STDMATCOMPONENTS_DATA" VALUES (118,42,'std::Silica',0.45);
INSERT INTO "STDMATCOMPONENTS_DATA" VALUES (119,42,'std::Quartz',0.45);
INSERT INTO "STDMATCOMPONENTS_DATA" VALUES (120,42,'std::TiO2',0.05);
INSERT INTO "STDMATCOMPONENTS_DATA" VALUES (121,42,'std::AlH6O3',0.05);
INSERT INTO "STDMATCOMPONENTS_DATA" VALUES (122,39,'std::Viscose',0.7);
INSERT INTO "STDMATCOMPONENTS_DATA" VALUES (123,43,'Wolfram',1.0);
INSERT INTO "STDMATCOMPONENTS_DATA" VALUES (124,44,'Neodymium',2.0);
INSERT INTO "STDMATCOMPONENTS_DATA" VALUES (125,44,'Iron',14.0);
INSERT INTO "STDMATCOMPONENTS_DATA" VALUES (126,44,'Boron',1.0);
--
INSERT INTO "STDMATCOMPONENTS_DATA2TAG" VALUES (100007, 0);
INSERT INTO "STDMATCOMPONENTS_DATA2TAG" VALUES (100007, 1);
INSERT INTO "STDMATCOMPONENTS_DATA2TAG" VALUES (100007, 2);
INSERT INTO "STDMATCOMPONENTS_DATA2TAG" VALUES (100007, 3);
INSERT INTO "STDMATCOMPONENTS_DATA2TAG" VALUES (100007, 4);
INSERT INTO "STDMATCOMPONENTS_DATA2TAG" VALUES (100007, 5);
INSERT INTO "STDMATCOMPONENTS_DATA2TAG" VALUES (100007, 6);
INSERT INTO "STDMATCOMPONENTS_DATA2TAG" VALUES (100007, 7);
INSERT INTO "STDMATCOMPONENTS_DATA2TAG" VALUES (100007, 8);
INSERT INTO "STDMATCOMPONENTS_DATA2TAG" VALUES (100007, 9);
INSERT INTO "STDMATCOMPONENTS_DATA2TAG" VALUES (100007, 10);
INSERT INTO "STDMATCOMPONENTS_DATA2TAG" VALUES (100007, 11);
INSERT INTO "STDMATCOMPONENTS_DATA2TAG" VALUES (100007, 12);
INSERT INTO "STDMATCOMPONENTS_DATA2TAG" VALUES (100007, 13);
INSERT INTO "STDMATCOMPONENTS_DATA2TAG" VALUES (100007, 14);
INSERT INTO "STDMATCOMPONENTS_DATA2TAG" VALUES (100007, 15);
INSERT INTO "STDMATCOMPONENTS_DATA2TAG" VALUES (100007, 16);
INSERT INTO "STDMATCOMPONENTS_DATA2TAG" VALUES (100007, 17);
INSERT INTO "STDMATCOMPONENTS_DATA2TAG" VALUES (100007, 18);
INSERT INTO "STDMATCOMPONENTS_DATA2TAG" VALUES (100007, 19);
INSERT INTO "STDMATCOMPONENTS_DATA2TAG" VALUES (100007, 20);
INSERT INTO "STDMATCOMPONENTS_DATA2TAG" VALUES (100007, 21);
INSERT INTO "STDMATCOMPONENTS_DATA2TAG" VALUES (100007, 22);
INSERT INTO "STDMATCOMPONENTS_DATA2TAG" VALUES (100007, 23);
INSERT INTO "STDMATCOMPONENTS_DATA2TAG" VALUES (100007, 24);
INSERT INTO "STDMATCOMPONENTS_DATA2TAG" VALUES (100007, 25);
INSERT INTO "STDMATCOMPONENTS_DATA2TAG" VALUES (100007, 26);
INSERT INTO "STDMATCOMPONENTS_DATA2TAG" VALUES (100007, 27);
INSERT INTO "STDMATCOMPONENTS_DATA2TAG" VALUES (100007, 28);
INSERT INTO "STDMATCOMPONENTS_DATA2TAG" VALUES (100007, 29);
INSERT INTO "STDMATCOMPONENTS_DATA2TAG" VALUES (100007, 30);
INSERT INTO "STDMATCOMPONENTS_DATA2TAG" VALUES (100007, 31);
INSERT INTO "STDMATCOMPONENTS_DATA2TAG" VALUES (100007, 32);
INSERT INTO "STDMATCOMPONENTS_DATA2TAG" VALUES (100007, 33);
INSERT INTO "STDMATCOMPONENTS_DATA2TAG" VALUES (100007, 34);
INSERT INTO "STDMATCOMPONENTS_DATA2TAG" VALUES (100007, 35);
INSERT INTO "STDMATCOMPONENTS_DATA2TAG" VALUES (100007, 36);
INSERT INTO "STDMATCOMPONENTS_DATA2TAG" VALUES (100007, 37);
INSERT INTO "STDMATCOMPONENTS_DATA2TAG" VALUES (100007, 38);
INSERT INTO "STDMATCOMPONENTS_DATA2TAG" VALUES (100007, 39);
INSERT INTO "STDMATCOMPONENTS_DATA2TAG" VALUES (100007, 40);
INSERT INTO "STDMATCOMPONENTS_DATA2TAG" VALUES (100007, 41);
INSERT INTO "STDMATCOMPONENTS_DATA2TAG" VALUES (100007, 42);
INSERT INTO "STDMATCOMPONENTS_DATA2TAG" VALUES (100007, 43);
INSERT INTO "STDMATCOMPONENTS_DATA2TAG" VALUES (100007, 44);
INSERT INTO "STDMATCOMPONENTS_DATA2TAG" VALUES (100007, 45);
INSERT INTO "STDMATCOMPONENTS_DATA2TAG" VALUES (100007, 46);
INSERT INTO "STDMATCOMPONENTS_DATA2TAG" VALUES (100007, 47);
INSERT INTO "STDMATCOMPONENTS_DATA2TAG" VALUES (100007, 48);
INSERT INTO "STDMATCOMPONENTS_DATA2TAG" VALUES (100007, 49);
INSERT INTO "STDMATCOMPONENTS_DATA2TAG" VALUES (100007, 50);
INSERT INTO "STDMATCOMPONENTS_DATA2TAG" VALUES (100007, 51);
INSERT INTO "STDMATCOMPONENTS_DATA2TAG" VALUES (100007, 52);
INSERT INTO "STDMATCOMPONENTS_DATA2TAG" VALUES (100007, 53);
INSERT INTO "STDMATCOMPONENTS_DATA2TAG" VALUES (100007, 54);
INSERT INTO "STDMATCOMPONENTS_DATA2TAG" VALUES (100007, 55);
INSERT INTO "STDMATCOMPONENTS_DATA2TAG" VALUES (100007, 56);
INSERT INTO "STDMATCOMPONENTS_DATA2TAG" VALUES (100007, 57);
INSERT INTO "STDMATCOMPONENTS_DATA2TAG" VALUES (100007, 58);
INSERT INTO "STDMATCOMPONENTS_DATA2TAG" VALUES (100007, 59);
INSERT INTO "STDMATCOMPONENTS_DATA2TAG" VALUES (100007, 60);
INSERT INTO "STDMATCOMPONENTS_DATA2TAG" VALUES (100007, 61);
INSERT INTO "STDMATCOMPONENTS_DATA2TAG" VALUES (100007, 62);
INSERT INTO "STDMATCOMPONENTS_DATA2TAG" VALUES (100007, 63);
INSERT INTO "STDMATCOMPONENTS_DATA2TAG" VALUES (100007, 64);
INSERT INTO "STDMATCOMPONENTS_DATA2TAG" VALUES (100007, 65);
INSERT INTO "STDMATCOMPONENTS_DATA2TAG" VALUES (100007, 66);
INSERT INTO "STDMATCOMPONENTS_DATA2TAG" VALUES (100007, 67);
INSERT INTO "STDMATCOMPONENTS_DATA2TAG" VALUES (100007, 68);
INSERT INTO "STDMATCOMPONENTS_DATA2TAG" VALUES (100007, 69);
INSERT INTO "STDMATCOMPONENTS_DATA2TAG" VALUES (100007, 70);
INSERT INTO "STDMATCOMPONENTS_DATA2TAG" VALUES (100007, 71);
INSERT INTO "STDMATCOMPONENTS_DATA2TAG" VALUES (100007, 72);
INSERT INTO "STDMATCOMPONENTS_DATA2TAG" VALUES (100007, 73);
INSERT INTO "STDMATCOMPONENTS_DATA2TAG" VALUES (100007, 74);
INSERT INTO "STDMATCOMPONENTS_DATA2TAG" VALUES (100007, 75);
INSERT INTO "STDMATCOMPONENTS_DATA2TAG" VALUES (100007, 76);
INSERT INTO "STDMATCOMPONENTS_DATA2TAG" VALUES (100007, 77);
INSERT INTO "STDMATCOMPONENTS_DATA2TAG" VALUES (100007, 78);
INSERT INTO "STDMATCOMPONENTS_DATA2TAG" VALUES (100007, 79);
INSERT INTO "STDMATCOMPONENTS_DATA2TAG" VALUES (100007, 80);
INSERT INTO "STDMATCOMPONENTS_DATA2TAG" VALUES (100007, 81);
INSERT INTO "STDMATCOMPONENTS_DATA2TAG" VALUES (100007, 82);
INSERT INTO "STDMATCOMPONENTS_DATA2TAG" VALUES (100007, 83);
INSERT INTO "STDMATCOMPONENTS_DATA2TAG" VALUES (100007, 84);
INSERT INTO "STDMATCOMPONENTS_DATA2TAG" VALUES (100007, 85);
INSERT INTO "STDMATCOMPONENTS_DATA2TAG" VALUES (100007, 86);
INSERT INTO "STDMATCOMPONENTS_DATA2TAG" VALUES (100007, 87);
INSERT INTO "STDMATCOMPONENTS_DATA2TAG" VALUES (100007, 88);
INSERT INTO "STDMATCOMPONENTS_DATA2TAG" VALUES (100007, 89);
INSERT INTO "STDMATCOMPONENTS_DATA2TAG" VALUES (100007, 90);
INSERT INTO "STDMATCOMPONENTS_DATA2TAG" VALUES (100007, 91);
INSERT INTO "STDMATCOMPONENTS_DATA2TAG" VALUES (100007, 92);
INSERT INTO "STDMATCOMPONENTS_DATA2TAG" VALUES (100007, 93);
INSERT INTO "STDMATCOMPONENTS_DATA2TAG" VALUES (100007, 94);
INSERT INTO "STDMATCOMPONENTS_DATA2TAG" VALUES (100007, 95);
INSERT INTO "STDMATCOMPONENTS_DATA2TAG" VALUES (100007, 96);
INSERT INTO "STDMATCOMPONENTS_DATA2TAG" VALUES (100007, 97);
INSERT INTO "STDMATCOMPONENTS_DATA2TAG" VALUES (100007, 98);
INSERT INTO "STDMATCOMPONENTS_DATA2TAG" VALUES (100007, 99);
INSERT INTO "STDMATCOMPONENTS_DATA2TAG" VALUES (100007, 100);
INSERT INTO "STDMATCOMPONENTS_DATA2TAG" VALUES (100007, 101);
INSERT INTO "STDMATCOMPONENTS_DATA2TAG" VALUES (100007, 102);
INSERT INTO "STDMATCOMPONENTS_DATA2TAG" VALUES (100007, 103);
INSERT INTO "STDMATCOMPONENTS_DATA2TAG" VALUES (100007, 104);
INSERT INTO "STDMATCOMPONENTS_DATA2TAG" VALUES (100007, 105);
INSERT INTO "STDMATCOMPONENTS_DATA2TAG" VALUES (100007, 106);
INSERT INTO "STDMATCOMPONENTS_DATA2TAG" VALUES (100007, 107);
INSERT INTO "STDMATCOMPONENTS_DATA2TAG" VALUES (100007, 108);
INSERT INTO "STDMATCOMPONENTS_DATA2TAG" VALUES (100007, 109);
INSERT INTO "STDMATCOMPONENTS_DATA2TAG" VALUES (100007, 110);
INSERT INTO "STDMATCOMPONENTS_DATA2TAG" VALUES (100007, 111);
INSERT INTO "STDMATCOMPONENTS_DATA2TAG" VALUES (100007, 112);
INSERT INTO "STDMATCOMPONENTS_DATA2TAG" VALUES (100007, 113);
INSERT INTO "STDMATCOMPONENTS_DATA2TAG" VALUES (100007, 114);
INSERT INTO "STDMATCOMPONENTS_DATA2TAG" VALUES (100007, 115);
INSERT INTO "STDMATCOMPONENTS_DATA2TAG" VALUES (100007, 116);
INSERT INTO "STDMATCOMPONENTS_DATA2TAG" VALUES (100007, 117);
INSERT INTO "STDMATCOMPONENTS_DATA2TAG" VALUES (100007, 118);
INSERT INTO "STDMATCOMPONENTS_DATA2TAG" VALUES (100007, 119);
INSERT INTO "STDMATCOMPONENTS_DATA2TAG" VALUES (100007, 120);
INSERT INTO "STDMATCOMPONENTS_DATA2TAG" VALUES (100007, 121);
INSERT INTO "STDMATCOMPONENTS_DATA2TAG" VALUES (100007, 122);
INSERT INTO "STDMATCOMPONENTS_DATA2TAG" VALUES (100007, 123);
INSERT INTO "STDMATCOMPONENTS_DATA2TAG" VALUES (100007, 124);
INSERT INTO "STDMATCOMPONENTS_DATA2TAG" VALUES (100007, 125);
INSERT INTO "STDMATCOMPONENTS_DATA2TAG" VALUES (100007, 126);
--
--
INSERT INTO "ELEMENTS_DATA" VALUES (0,'Hydrogen','H',1.00797,1.0);
INSERT INTO "ELEMENTS_DATA" VALUES (1,'Helium','He',4.0026,2.0);
INSERT INTO "ELEMENTS_DATA" VALUES (2,'Lithium','Li',6.939,3.0);
INSERT INTO "ELEMENTS_DATA" VALUES (3,'Beryllium','Be',9.0122,4.0);
INSERT INTO "ELEMENTS_DATA" VALUES (4,'Boron','B',10.811,5.0);
INSERT INTO "ELEMENTS_DATA" VALUES (5,'Carbon','C',12.0112,6.0);
INSERT INTO "ELEMENTS_DATA" VALUES (6,'Nitrogen','N',14.0067,7.0);
INSERT INTO "ELEMENTS_DATA" VALUES (7,'Oxygen','O',15.9994,8.0);
INSERT INTO "ELEMENTS_DATA" VALUES (8,'Fluorine','F',18.9984,9.0);
INSERT INTO "ELEMENTS_DATA" VALUES (9,'Neon','Ne',20.183,10.0);
INSERT INTO "ELEMENTS_DATA" VALUES (10,'Sodium','Na',22.9898,11.0);
INSERT INTO "ELEMENTS_DATA" VALUES (11,'Magnesium','Mg',24.312,12.0);
INSERT INTO "ELEMENTS_DATA" VALUES (12,'Aluminium','Al',26.9815,13.0);
INSERT INTO "ELEMENTS_DATA" VALUES (13,'Silicon','Si',28.086,14.0);
INSERT INTO "ELEMENTS_DATA" VALUES (14,'Phosphorus','P',30.984,15.0);
INSERT INTO "ELEMENTS_DATA" VALUES (15,'Sulfur','S',32.064,16.0);
INSERT INTO "ELEMENTS_DATA" VALUES (16,'Chlorine','Cl',35.453,17.0);
INSERT INTO "ELEMENTS_DATA" VALUES (17,'Argon','Ar',39.948,18.0);
INSERT INTO "ELEMENTS_DATA" VALUES (18,'Potassium','K',39.102,19.0);
INSERT INTO "ELEMENTS_DATA" VALUES (19,'Calcium','Ca',40.08,20.0);
INSERT INTO "ELEMENTS_DATA" VALUES (20,'Scandium','Sc',44.956,21.0);
INSERT INTO "ELEMENTS_DATA" VALUES (21,'Titanium','Ti',47.9,22.0);
INSERT INTO "ELEMENTS_DATA" VALUES (22,'Vanadium','V',50.942,23.0);
INSERT INTO "ELEMENTS_DATA" VALUES (23,'Chromium','Cr',51.996,24.0);
INSERT INTO "ELEMENTS_DATA" VALUES (24,'Manganese','Mn',54.938,25.0);
INSERT INTO "ELEMENTS_DATA" VALUES (25,'Iron','Fe',55.847,26.0);
INSERT INTO "ELEMENTS_DATA" VALUES (26,'Cobalt','Co',58.933,27.0);
INSERT INTO "ELEMENTS_DATA" VALUES (27,'Nickel','Ni',58.71,28.0);
INSERT INTO "ELEMENTS_DATA" VALUES (28,'Copper','Cu',63.54,29.0);
INSERT INTO "ELEMENTS_DATA" VALUES (29,'Zinc','Zn',65.37,30.0);
INSERT INTO "ELEMENTS_DATA" VALUES (30,'Gallium','Ga',69.72,31.0);
INSERT INTO "ELEMENTS_DATA" VALUES (31,'Germanium','Ge',72.59,32.0);
INSERT INTO "ELEMENTS_DATA" VALUES (32,'Arsenic','As',74.992,33.0);
INSERT INTO "ELEMENTS_DATA" VALUES (33,'Selenium','Se',78.96,34.0);
INSERT INTO "ELEMENTS_DATA" VALUES (34,'Bromine','Br',79.909,35.0);
INSERT INTO "ELEMENTS_DATA" VALUES (35,'Krypton','Kr',83.8,36.0);
INSERT INTO "ELEMENTS_DATA" VALUES (36,'Rubidium','Rb',85.47,37.0);
INSERT INTO "ELEMENTS_DATA" VALUES (37,'Strontium','Sr',87.62,38.0);
INSERT INTO "ELEMENTS_DATA" VALUES (38,'Yttrium','Y',88.9059,39.0);
INSERT INTO "ELEMENTS_DATA" VALUES (39,'Zirconium','Zr',91.22,40.0);
INSERT INTO "ELEMENTS_DATA" VALUES (40,'Niobium','Nb',92.906,41.0);
INSERT INTO "ELEMENTS_DATA" VALUES (41,'Molybdenum','Mo',95.94,42.0);
INSERT INTO "ELEMENTS_DATA" VALUES (42,'Technetium','Tc',96.9062,43.0);
INSERT INTO "ELEMENTS_DATA" VALUES (43,'Ruthenium','Ru',101.07,44.0);
INSERT INTO "ELEMENTS_DATA" VALUES (44,'Rhodium','Rh',102.905,45.0);
INSERT INTO "ELEMENTS_DATA" VALUES (45,'Palladium','Pd',106.4,46.0);
INSERT INTO "ELEMENTS_DATA" VALUES (46,'Silver','Ag',107.87,47.0);
INSERT INTO "ELEMENTS_DATA" VALUES (47,'Cadmium','Cd',112.4,48.0);
INSERT INTO "ELEMENTS_DATA" VALUES (48,'Indium','In',114.82,49.0);
INSERT INTO "ELEMENTS_DATA" VALUES (49,'Tin','Sn',118.69,50.0);
INSERT INTO "ELEMENTS_DATA" VALUES (50,'Antimony','Sb',121.75,51.0);
INSERT INTO "ELEMENTS_DATA" VALUES (51,'Tellurium','Te',127.6,52.0);
INSERT INTO "ELEMENTS_DATA" VALUES (52,'Iodine','I',126.904,53.0);
INSERT INTO "ELEMENTS_DATA" VALUES (53,'Xenon','Xe',131.3,54.0);
INSERT INTO "ELEMENTS_DATA" VALUES (54,'Cesium','Cs',132.905,55.0);
INSERT INTO "ELEMENTS_DATA" VALUES (55,'Barium','Ba',137.34,56.0);
INSERT INTO "ELEMENTS_DATA" VALUES (56,'Lanthanum','La',138.91,57.0);
INSERT INTO "ELEMENTS_DATA" VALUES (57,'Cerium','Ce',140.12,58.0);
INSERT INTO "ELEMENTS_DATA" VALUES (58,'Praseodymium','Pr',140.907,59.0);
INSERT INTO "ELEMENTS_DATA" VALUES (59,'Neodymium','Nd',144.24,60.0);
INSERT INTO "ELEMENTS_DATA" VALUES (60,'Promethium','Pm',144.9128,61.0);
INSERT INTO "ELEMENTS_DATA" VALUES (61,'Samarium','Sm',150.35,62.0);
INSERT INTO "ELEMENTS_DATA" VALUES (62,'Europium','Eu',151.96,63.0);
INSERT INTO "ELEMENTS_DATA" VALUES (63,'Gadolinium','Gd',157.25,64.0);
INSERT INTO "ELEMENTS_DATA" VALUES (64,'Terbium','Tb',158.924,65.0);
INSERT INTO "ELEMENTS_DATA" VALUES (65,'Dysprosium','Dy',162.5,66.0);
INSERT INTO "ELEMENTS_DATA" VALUES (66,'Holmium','Ho',164.93,67.0);
INSERT INTO "ELEMENTS_DATA" VALUES (67,'Erbium','Er',167.26,68.0);
INSERT INTO "ELEMENTS_DATA" VALUES (68,'Thulium','Tm',168.934,69.0);
INSERT INTO "ELEMENTS_DATA" VALUES (69,'Ytterbium','Yb',173.04,70.0);
INSERT INTO "ELEMENTS_DATA" VALUES (70,'Lutetium','Lu',174.97,71.0);
INSERT INTO "ELEMENTS_DATA" VALUES (71,'Hafnium','Hf',178.49,72.0);
INSERT INTO "ELEMENTS_DATA" VALUES (72,'Tantalum','Ta',180.948,73.0);
INSERT INTO "ELEMENTS_DATA" VALUES (73,'Wolfram','W',183.85,74.0);
INSERT INTO "ELEMENTS_DATA" VALUES (74,'Rhenium','Re',186.2,75.0);
INSERT INTO "ELEMENTS_DATA" VALUES (75,'Osmium','Os',190.2,76.0);
INSERT INTO "ELEMENTS_DATA" VALUES (76,'Iridium','Ir',192.22,77.0);
INSERT INTO "ELEMENTS_DATA" VALUES (77,'Platinum','Pt',195.09,78.0);
INSERT INTO "ELEMENTS_DATA" VALUES (78,'Gold','Au',196.967,79.0);
INSERT INTO "ELEMENTS_DATA" VALUES (79,'Mercury','Hg',200.59,80.0);
INSERT INTO "ELEMENTS_DATA" VALUES (80,'Thallium','Tl',204.37,81.0);
INSERT INTO "ELEMENTS_DATA" VALUES (81,'Lead','Pb',207.19,82.0);
INSERT INTO "ELEMENTS_DATA" VALUES (82,'Bismuth','Bi',208.98,83.0);
INSERT INTO "ELEMENTS_DATA" VALUES (83,'Polonium','Po',208.98,84.0);
INSERT INTO "ELEMENTS_DATA" VALUES (84,'Astatine','At',209.987,85.0);
INSERT INTO "ELEMENTS_DATA" VALUES (85,'Radon','Rn',222.0176,86.0);
INSERT INTO "ELEMENTS_DATA" VALUES (86,'Francium','Fr',223.0189,87.0);
INSERT INTO "ELEMENTS_DATA" VALUES (87,'Radium','Ra',226.0,88.0);
INSERT INTO "ELEMENTS_DATA" VALUES (88,'Actinium','Ac',227.0278,89.0);
INSERT INTO "ELEMENTS_DATA" VALUES (89,'Thorium','Th',232.038,90.0);
INSERT INTO "ELEMENTS_DATA" VALUES (90,'Protactinium','Pa',231.0359,91.0);
INSERT INTO "ELEMENTS_DATA" VALUES (91,'Uranium','U',238.03,92.0);
--
INSERT INTO "ELEMENTS_DATA2TAG" VALUES (100008, 0);
INSERT INTO "ELEMENTS_DATA2TAG" VALUES (100008, 1);
INSERT INTO "ELEMENTS_DATA2TAG" VALUES (100008, 2);
INSERT INTO "ELEMENTS_DATA2TAG" VALUES (100008, 3);
INSERT INTO "ELEMENTS_DATA2TAG" VALUES (100008, 4);
INSERT INTO "ELEMENTS_DATA2TAG" VALUES (100008, 5);
INSERT INTO "ELEMENTS_DATA2TAG" VALUES (100008, 6);
INSERT INTO "ELEMENTS_DATA2TAG" VALUES (100008, 7);
INSERT INTO "ELEMENTS_DATA2TAG" VALUES (100008, 8);
INSERT INTO "ELEMENTS_DATA2TAG" VALUES (100008, 9);
INSERT INTO "ELEMENTS_DATA2TAG" VALUES (100008, 10);
INSERT INTO "ELEMENTS_DATA2TAG" VALUES (100008, 11);
INSERT INTO "ELEMENTS_DATA2TAG" VALUES (100008, 12);
INSERT INTO "ELEMENTS_DATA2TAG" VALUES (100008, 13);
INSERT INTO "ELEMENTS_DATA2TAG" VALUES (100008, 14);
INSERT INTO "ELEMENTS_DATA2TAG" VALUES (100008, 15);
INSERT INTO "ELEMENTS_DATA2TAG" VALUES (100008, 16);
INSERT INTO "ELEMENTS_DATA2TAG" VALUES (100008, 17);
INSERT INTO "ELEMENTS_DATA2TAG" VALUES (100008, 18);
INSERT INTO "ELEMENTS_DATA2TAG" VALUES (100008, 19);
INSERT INTO "ELEMENTS_DATA2TAG" VALUES (100008, 20);
INSERT INTO "ELEMENTS_DATA2TAG" VALUES (100008, 21);
INSERT INTO "ELEMENTS_DATA2TAG" VALUES (100008, 22);
INSERT INTO "ELEMENTS_DATA2TAG" VALUES (100008, 23);
INSERT INTO "ELEMENTS_DATA2TAG" VALUES (100008, 24);
INSERT INTO "ELEMENTS_DATA2TAG" VALUES (100008, 25);
INSERT INTO "ELEMENTS_DATA2TAG" VALUES (100008, 26);
INSERT INTO "ELEMENTS_DATA2TAG" VALUES (100008, 27);
INSERT INTO "ELEMENTS_DATA2TAG" VALUES (100008, 28);
INSERT INTO "ELEMENTS_DATA2TAG" VALUES (100008, 29);
INSERT INTO "ELEMENTS_DATA2TAG" VALUES (100008, 30);
INSERT INTO "ELEMENTS_DATA2TAG" VALUES (100008, 31);
INSERT INTO "ELEMENTS_DATA2TAG" VALUES (100008, 32);
INSERT INTO "ELEMENTS_DATA2TAG" VALUES (100008, 33);
INSERT INTO "ELEMENTS_DATA2TAG" VALUES (100008, 34);
INSERT INTO "ELEMENTS_DATA2TAG" VALUES (100008, 35);
INSERT INTO "ELEMENTS_DATA2TAG" VALUES (100008, 36);
INSERT INTO "ELEMENTS_DATA2TAG" VALUES (100008, 37);
INSERT INTO "ELEMENTS_DATA2TAG" VALUES (100008, 38);
INSERT INTO "ELEMENTS_DATA2TAG" VALUES (100008, 39);
INSERT INTO "ELEMENTS_DATA2TAG" VALUES (100008, 40);
INSERT INTO "ELEMENTS_DATA2TAG" VALUES (100008, 41);
INSERT INTO "ELEMENTS_DATA2TAG" VALUES (100008, 42);
INSERT INTO "ELEMENTS_DATA2TAG" VALUES (100008, 43);
INSERT INTO "ELEMENTS_DATA2TAG" VALUES (100008, 44);
INSERT INTO "ELEMENTS_DATA2TAG" VALUES (100008, 45);
INSERT INTO "ELEMENTS_DATA2TAG" VALUES (100008, 46);
INSERT INTO "ELEMENTS_DATA2TAG" VALUES (100008, 47);
INSERT INTO "ELEMENTS_DATA2TAG" VALUES (100008, 48);
INSERT INTO "ELEMENTS_DATA2TAG" VALUES (100008, 49);
INSERT INTO "ELEMENTS_DATA2TAG" VALUES (100008, 50);
INSERT INTO "ELEMENTS_DATA2TAG" VALUES (100008, 51);
INSERT INTO "ELEMENTS_DATA2TAG" VALUES (100008, 52);
INSERT INTO "ELEMENTS_DATA2TAG" VALUES (100008, 53);
INSERT INTO "ELEMENTS_DATA2TAG" VALUES (100008, 54);
INSERT INTO "ELEMENTS_DATA2TAG" VALUES (100008, 55);
INSERT INTO "ELEMENTS_DATA2TAG" VALUES (100008, 56);
INSERT INTO "ELEMENTS_DATA2TAG" VALUES (100008, 57);
INSERT INTO "ELEMENTS_DATA2TAG" VALUES (100008, 58);
INSERT INTO "ELEMENTS_DATA2TAG" VALUES (100008, 59);
INSERT INTO "ELEMENTS_DATA2TAG" VALUES (100008, 60);
INSERT INTO "ELEMENTS_DATA2TAG" VALUES (100008, 61);
INSERT INTO "ELEMENTS_DATA2TAG" VALUES (100008, 62);
INSERT INTO "ELEMENTS_DATA2TAG" VALUES (100008, 63);
INSERT INTO "ELEMENTS_DATA2TAG" VALUES (100008, 64);
INSERT INTO "ELEMENTS_DATA2TAG" VALUES (100008, 65);
INSERT INTO "ELEMENTS_DATA2TAG" VALUES (100008, 66);
INSERT INTO "ELEMENTS_DATA2TAG" VALUES (100008, 67);
INSERT INTO "ELEMENTS_DATA2TAG" VALUES (100008, 68);
INSERT INTO "ELEMENTS_DATA2TAG" VALUES (100008, 69);
INSERT INTO "ELEMENTS_DATA2TAG" VALUES (100008, 70);
INSERT INTO "ELEMENTS_DATA2TAG" VALUES (100008, 71);
INSERT INTO "ELEMENTS_DATA2TAG" VALUES (100008, 72);
INSERT INTO "ELEMENTS_DATA2TAG" VALUES (100008, 73);
INSERT INTO "ELEMENTS_DATA2TAG" VALUES (100008, 74);
INSERT INTO "ELEMENTS_DATA2TAG" VALUES (100008, 75);
INSERT INTO "ELEMENTS_DATA2TAG" VALUES (100008, 76);
INSERT INTO "ELEMENTS_DATA2TAG" VALUES (100008, 77);
INSERT INTO "ELEMENTS_DATA2TAG" VALUES (100008, 78);
INSERT INTO "ELEMENTS_DATA2TAG" VALUES (100008, 79);
INSERT INTO "ELEMENTS_DATA2TAG" VALUES (100008, 80);
INSERT INTO "ELEMENTS_DATA2TAG" VALUES (100008, 81);
INSERT INTO "ELEMENTS_DATA2TAG" VALUES (100008, 82);
INSERT INTO "ELEMENTS_DATA2TAG" VALUES (100008, 83);
INSERT INTO "ELEMENTS_DATA2TAG" VALUES (100008, 84);
INSERT INTO "ELEMENTS_DATA2TAG" VALUES (100008, 85);
INSERT INTO "ELEMENTS_DATA2TAG" VALUES (100008, 86);
INSERT INTO "ELEMENTS_DATA2TAG" VALUES (100008, 87);
INSERT INTO "ELEMENTS_DATA2TAG" VALUES (100008, 88);
INSERT INTO "ELEMENTS_DATA2TAG" VALUES (100008, 89);
INSERT INTO "ELEMENTS_DATA2TAG" VALUES (100008, 90);
INSERT INTO "ELEMENTS_DATA2TAG" VALUES (100008, 91);
--
--
INSERT INTO "VETOTOPLEVEL_DATA" VALUES (0, 0.0, 0.0, -1725.0, 0.0, 0.0, 0.0, 321, "Veto");
INSERT INTO "VETOTOPLEVEL_DATA" VALUES (1, 0.0, 0.0, -160.0, 0.0, 0.0, 0.0, 321, "StationA");
INSERT INTO "VETOTOPLEVEL_DATA" VALUES (2, 0.0, 0.0,  160.0, 0.0, 0.0, 0.0, 321, "StationB");
INSERT INTO "VETOTOPLEVEL_DATA2TAG" VALUES (100009, 0);
INSERT INTO "VETOTOPLEVEL_DATA2TAG" VALUES (100009, 1);
INSERT INTO "VETOTOPLEVEL_DATA2TAG" VALUES (100009, 2);
--
--
INSERT INTO "VETOSTATIONGENERAL_DATA" VALUES (0, 2, 100.0);
INSERT INTO "VETOSTATIONGENERAL_DATA2TAG" VALUES (100010, 0);
--
INSERT INTO "VETOPLATEGENERAL_DATA" VALUES (0, 1, 300.0, 300.0, 20.0, "scint::Scintillator");
INSERT INTO "VETOPLATEGENERAL_DATA2TAG" VALUES (100025, 0);
--
INSERT INTO "SCINTMATERIALS_DATA" VALUES (0, "Scintillator", 1.032);
INSERT INTO "SCINTMATERIALS_DATA2TAG" VALUES (100011, 0);
--
--
INSERT INTO "SCINTMATCOMPONENTS_DATA" VALUES (0, 0, "Carbon", 0.475);
INSERT INTO "SCINTMATCOMPONENTS_DATA" VALUES (1, 0, "Hydrogen", 0.525);
INSERT INTO "SCINTMATCOMPONENTS_DATA2TAG" VALUES (100012, 0);
INSERT INTO "SCINTMATCOMPONENTS_DATA2TAG" VALUES (100012, 1);
--
--
INSERT INTO "FASERCOMMON_DATA" VALUES (0, "RUN3", "UNDEFINED", "UNDEFINED");
INSERT INTO "FASERCOMMON_DATA2TAG" VALUES (100013, 0);
--
--
INSERT INTO "VETOSWITCHES_DATA" VALUES  (0, "Veto", 1, 0, "GEO", "Development", "Baseline geometry");
INSERT INTO "VETOSWITCHES_DATA2TAG" VALUES (100014, 0);
--
--
INSERT INTO "SCINTIDENTIFIER_DATA" VALUES (0, "Scintillator", "ScintIdDictFiles/IdDictScintillator.xml", "Baseline layout");
INSERT INTO "SCINTIDENTIFIER_DATA2TAG" VALUES (100016, 0);
--
--
INSERT INTO "TRACKERIDENTIFIER_DATA" VALUES (0, "Tracker", "TrackerIdDictFiles/IdDictTracker.xml", "Baseline layout");
INSERT INTO "TRACKERIDENTIFIER_DATA2TAG" VALUES (100017, 0);
--
--
INSERT INTO "CALOIDENTIFIER_DATA" VALUES (0, "Calorimeter", "CaloIdDictFiles/IdDictCalorimeter.xml", "Baseline layout");
INSERT INTO "CALOIDENTIFIER_DATA2TAG" VALUES (100018, 0);
--
--
DROP TABLE IF EXISTS "SCTBRLSENSOR_DATA";
CREATE TABLE "SCTBRLSENSOR_DATA" ( "SCTBRLSENSOR_DATA_ID" SLONGLONG ,"THICKNESS" DOUBLE ,"WIDTH" DOUBLE ,"WAFERLENGTH" DOUBLE ,"NUMWAFERS" INT ,"MATERIAL" TEXT ,
"FIDUCIALSEP" DOUBLE ,"CENTERTOFIDUCIAL" DOUBLE ,"STRIPPITCH" DOUBLE ,"NUMSTRIPS" INT ,"NUMREADOUTSTRIPS" INT ,"STRIPSHIFT" INT ,"ACTIVEHALFLENGTH" DOUBLE , UNIQUE ( "SCTBRLSENSOR_DATA_ID" ) );
INSERT INTO "SCTBRLSENSOR_DATA" VALUES(0,0.285,63.56,63.96,2,'std::Silicon',2.19,30.95,0.08,770,768,1,31.0);
DROP TABLE IF EXISTS "SCTBRLSENSOR_DATA2TAG";
CREATE TABLE "SCTBRLSENSOR_DATA2TAG" ( "SCTBRLSENSOR_TAG_ID" SLONGLONG ,"SCTBRLSENSOR_DATA_ID" SLONGLONG  );
INSERT INTO "SCTBRLSENSOR_DATA2TAG" VALUES(106730,0);
--
--
DROP TABLE IF EXISTS "SCTBRLMODULE_DATA";
CREATE TABLE "SCTBRLMODULE_DATA" ( "SCTBRLMODULE_DATA_ID" SLONGLONG ,"BASEBOARDTHICKNESS" DOUBLE ,"BASEBOARDWIDTH" DOUBLE ,"BASEBOARDLENGTH" DOUBLE ,
"BASEBOARDMATERIAL" TEXT ,"BASEBOARDOFFSETY" DOUBLE ,"BASEBOARDOFFSETZ" DOUBLE ,"HYBRIDTHICKNESS" DOUBLE ,"HYBRIDWIDTH" DOUBLE ,"HYBRIDLENGTH" DOUBLE ,
"HYBRIDMATERIAL" TEXT ,"HYBRIDOFFSETX" DOUBLE ,"HYBRIDOFFSETZ" DOUBLE ,"PIGTAILTHICKNESS" DOUBLE ,"PIGTAILWIDTH" DOUBLE ,"PIGTAILLENGTH" DOUBLE ,
"PIGTAILMATERIAL" TEXT ,"STEREOUPPERSIGN" INT ,"STEREOANGLE" DOUBLE ,"SENSORTOSENSORGAP" DOUBLE ,"SIDEUPPER" INT , UNIQUE ( "SCTBRLMODULE_DATA_ID" ) );
INSERT INTO "SCTBRLMODULE_DATA" VALUES(0,0.58,87.6,61.8,'sct::BrlBaseBoard',-5.7,-7.1,0.9,74.6,21.0,'sct::BrlHybrid',1.058,-15.5,0.9,25.4,35.4,'sct::PigTail',-1,40.0,0.6,0);
DROP TABLE IF EXISTS "SCTBRLMODULE_DATA2TAG";
CREATE TABLE "SCTBRLMODULE_DATA2TAG" ( "SCTBRLMODULE_TAG_ID" SLONGLONG ,"SCTBRLMODULE_DATA_ID" SLONGLONG  );
INSERT INTO "SCTBRLMODULE_DATA2TAG" VALUES(107003,0);
--
--
DROP TABLE IF EXISTS "SCTTOPLEVEL_DATA";
CREATE TABLE "SCTTOPLEVEL_DATA" ( "SCTTOPLEVEL_DATA_ID" SLONGLONG ,"POSX" DOUBLE ,"POSY" DOUBLE ,"POSZ" DOUBLE ,"ROTX" DOUBLE ,"ROTY" DOUBLE ,"ROTZ" DOUBLE ,"ROTORDER" INT ,"LABEL" TEXT , UNIQUE ( "SCTTOPLEVEL_DATA_ID" ) );
INSERT INTO "SCTTOPLEVEL_DATA" VALUES(0,0.0,0.0,-1200.0,0.0,0.0,0.0,312,'StationA');
INSERT INTO "SCTTOPLEVEL_DATA" VALUES(1,0.0,0.0,    0.0,0.0,0.0,0.0,312,'StationB');
INSERT INTO "SCTTOPLEVEL_DATA" VALUES(2,0.0,0.0, 1200.0,0.0,0.0,0.0,312,'StationC');
INSERT INTO "SCTTOPLEVEL_DATA" VALUES(3,0.0,0.0, 1290.0,0.0,0.0,0.0,312,'SCT');
DROP TABLE IF EXISTS "SCTTOPLEVEL_DATA2TAG";
CREATE TABLE "SCTTOPLEVEL_DATA2TAG" ( "SCTTOPLEVEL_TAG_ID" SLONGLONG ,"SCTTOPLEVEL_DATA_ID" SLONGLONG  );
INSERT INTO "SCTTOPLEVEL_DATA2TAG" VALUES(106788,0);
INSERT INTO "SCTTOPLEVEL_DATA2TAG" VALUES(106788,1);
INSERT INTO "SCTTOPLEVEL_DATA2TAG" VALUES(106788,2);
INSERT INTO "SCTTOPLEVEL_DATA2TAG" VALUES(106788,3);
--
--
DROP TABLE IF EXISTS "SCTFASERGENERAL_DATA";
CREATE TABLE "SCTFASERGENERAL_DATA" ("SCTFASERGENERAL_DATA_ID" SLONGLONG, "NUMLAYERS" INT, "LAYERPITCH" DOUBLE, "ETAHALFPITCH" DOUBLE, "PHIHALFPITCH" DOUBLE, "DEPTHHALFPITCH" DOUBLE, "SIDEHALFPITCH" DOUBLE, UNIQUE ( "SCTFASERGENERAL_DATA_ID") );
INSERT INTO "SCTFASERGENERAL_DATA" VALUES (0, 3, 65.0, 60.0, 30.0, 2.5, 2.5);
DROP TABLE IF EXISTS "SCTFASERGENERAL_DATA2TAG";
CREATE TABLE "SCTFASERGENERAL_DATA2TAG" ( "SCTFASERGENERAL_TAG_ID" SLONGLONG ,"SCTFASERGENERAL_DATA_ID" SLONGLONG  );
INSERT INTO "SCTFASERGENERAL_DATA2TAG" VALUES(106789, 0);
--
--
DROP TABLE IF EXISTS "SCTSWITCHES_DATA";
CREATE TABLE "SCTSWITCHES_DATA" ( "SCTSWITCHES_DATA_ID" SLONGLONG ,"DETECTORNAME" TEXT ,"G3COMPATIBLE" INT ,"G3DIGITSCOMPATIBLE" INT ,"DC2GEOMETRY" INT ,"USEMAGFIELDSVC" INT ,"COSMICLAYOUT" INT ,"VERSIONNAME" TEXT ,"LAYOUT" TEXT ,"DESCRIPTION" TEXT , UNIQUE ( "SCTSWITCHES_DATA_ID" ) );
INSERT INTO "SCTSWITCHES_DATA" VALUES(0,'SCT',0,0,0,1,0,'GEO','Final','Atlas Geometry 2008');
DROP TABLE IF EXISTS "SCTSWITCHES_DATA2TAG";
CREATE TABLE "SCTSWITCHES_DATA2TAG" ( "SCTSWITCHES_TAG_ID" SLONGLONG ,"SCTSWITCHES_DATA_ID" SLONGLONG  );
INSERT INTO "SCTSWITCHES_DATA2TAG" VALUES(107782,0);
--
--
DROP TABLE IF EXISTS "SCTCONDITIONS_DATA";
CREATE TABLE "SCTCONDITIONS_DATA" ( "SCTCONDITIONS_DATA_ID" SLONGLONG, "TEMPERATURE" DOUBLE, "BIASVOLT" DOUBLE, "DEPLETIONVOLT" DOUBLE, "USECONDDB" INT, UNIQUE ( "SCTCONDITIONS_DATA_ID" ) );
INSERT INTO "SCTCONDITIONS_DATA" VALUES(0, 4.6, 70.0, 150.0, 0);
DROP TABLE IF EXISTS "SCTCONDITIONS_DATA2TAG";
CREATE TABLE "SCTCONDITIONS_DATA2TAG" ( "SCTCONDITIONS_TAG_ID" SLONGSLONG , "SCTCONDITIONS_DATA_ID" SLONGLONG );
INSERT INTO "SCTCONDITIONS_DATA2TAG" VALUES(107779, 0);
--
--
DROP TABLE IF EXISTS "DIPOLESWITCHES_DATA";
CREATE TABLE "DIPOLESWITCHES_DATA" ( "DIPOLESWITCHES_DATA_ID" SLONGLONG ,"DETECTORNAME" TEXT ,"G3COMPATIBLE" INT ,"G3DIGITSCOMPATIBLE" INT ,"DC2GEOMETRY" INT ,"USEMAGFIELDSVC" INT ,"COSMICLAYOUT" INT ,"VERSIONNAME" TEXT ,"LAYOUT" TEXT ,"DESCRIPTION" TEXT , UNIQUE ( "DIPOLESWITCHES_DATA_ID" ) );
INSERT INTO "DIPOLESWITCHES_DATA" VALUES(0,'Dipole',0,0,0,1,0,'GEO','Prelim','Faser Geometry 2019');
DROP TABLE IF EXISTS "DIPOLESWITCHES_DATA2TAG";
CREATE TABLE "DIPOLESWITCHES_DATA2TAG" ( "DIPOLESWITCHES_TAG_ID" SLONGLONG ,"DIPOLESWITCHES_DATA_ID" SLONGLONG  );
INSERT INTO "DIPOLESWITCHES_DATA2TAG" VALUES(100028,0);
--
--
DROP TABLE IF EXISTS "DIPOLETOPLEVEL_DATA";
CREATE TABLE "DIPOLETOPLEVEL_DATA" ( "DIPOLETOPLEVEL_DATA_ID" SLONGLONG ,"POSX" DOUBLE ,"POSY" DOUBLE ,"POSZ" DOUBLE ,"ROTX" DOUBLE ,"ROTY" DOUBLE ,"ROTZ" DOUBLE ,"ROTORDER" INT ,"LABEL" TEXT , UNIQUE ( "DIPOLETOPLEVEL_DATA_ID" ) );
INSERT INTO "DIPOLETOPLEVEL_DATA" VALUES(0,0.0,0.0,-750.0,0.0,0.0,0.0,312,'UpstreamDipole');
INSERT INTO "DIPOLETOPLEVEL_DATA" VALUES(1,0.0,0.0, 700.0,0.0,0.0,0.0,312,'CentralDipole');
INSERT INTO "DIPOLETOPLEVEL_DATA" VALUES(2,0.0,0.0,1900.0,0.0,0.0,0.0,312,'DownstreamDipole');
INSERT INTO "DIPOLETOPLEVEL_DATA" VALUES(3,0.0,0.0, 0.0,0.0,0.0,0.0,312,'Dipole');
DROP TABLE IF EXISTS "DIPOLETOPLEVEL_DATA2TAG";
CREATE TABLE "DIPOLETOPLEVEL_DATA2TAG" ( "DIPOLETOPLEVEL_TAG_ID" SLONGLONG ,"DIPOLETOPLEVEL_DATA_ID" SLONGLONG  );
INSERT INTO "DIPOLETOPLEVEL_DATA2TAG" VALUES(100029,0);
INSERT INTO "DIPOLETOPLEVEL_DATA2TAG" VALUES(100029,1);
INSERT INTO "DIPOLETOPLEVEL_DATA2TAG" VALUES(100029,2);
INSERT INTO "DIPOLETOPLEVEL_DATA2TAG" VALUES(100029,3);
--
--
DROP TABLE IF EXISTS "DIPOLEGENERAL_DATA";
CREATE TABLE "DIPOLEGENERAL_DATA" ( "DIPOLEGENERAL_DATA_ID" SLONGLONG, "MATERIAL" TEXT, "INNERRAD" DOUBLE, "OUTERRAD" DOUBLE, "SHORTLENGTH" DOUBLE, "LONGLENGTH" DOUBLE, UNIQUE ( "DIPOLEGENERAL_DATA_ID") );
INSERT INTO "DIPOLEGENERAL_DATA" VALUES(0, 'std::Nd2Fe14B', 100.0, 215.0, 1000.0, 1500.0);
DROP TABLE IF EXISTS "DIPOLEGENERAL_DATA2TAG";
CREATE TABLE "DIPOLEGENERAL_DATA2TAG" ( "DIPOLEGENERAL_TAG_ID" SLONGLONG, "DIPOLEGENERAL_DATA_ID" SLONGLONG );
INSERT INTO "DIPOLEGENERAL_DATA2TAG" VALUES(100004, 0);
--
--
DROP TABLE IF EXISTS "SCTMATCOMPONENTS_DATA";
CREATE TABLE "SCTMATCOMPONENTS_DATA" ( "SCTMATCOMPONENTS_DATA_ID" SLONGLONG ,"MATERIAL_ID" SLONGLONG ,"COMPNAME" TEXT ,"FRACTION" DOUBLE , UNIQUE ( "SCTMATCOMPONENTS_DATA_ID" ) );
INSERT INTO "SCTMATCOMPONENTS_DATA" VALUES(201,50,'Carbon',0.4816);
INSERT INTO "SCTMATCOMPONENTS_DATA" VALUES(202,50,'sct::AlNitride',0.1576);
INSERT INTO "SCTMATCOMPONENTS_DATA" VALUES(203,50,'sct::Elastosil',0.0056);
INSERT INTO "SCTMATCOMPONENTS_DATA" VALUES(204,50,'sct::Epoxy',0.117);
INSERT INTO "SCTMATCOMPONENTS_DATA" VALUES(205,50,'Aluminium',0.0212);
INSERT INTO "SCTMATCOMPONENTS_DATA" VALUES(206,50,'sct::FR4',0.0644);
INSERT INTO "SCTMATCOMPONENTS_DATA" VALUES(207,50,'sct::Glass',0.1526);
INSERT INTO "SCTMATCOMPONENTS_DATA" VALUES(208,51,'Carbon',0.4081);
INSERT INTO "SCTMATCOMPONENTS_DATA" VALUES(209,51,'sct::AlNitride',0.1528);
INSERT INTO "SCTMATCOMPONENTS_DATA" VALUES(210,51,'sct::Elastosil',0.0111);
INSERT INTO "SCTMATCOMPONENTS_DATA" VALUES(211,51,'sct::Epoxy',0.1908);
INSERT INTO "SCTMATCOMPONENTS_DATA" VALUES(212,51,'Aluminium',0.0156);
INSERT INTO "SCTMATCOMPONENTS_DATA" VALUES(213,51,'sct::FR4',0.083);
INSERT INTO "SCTMATCOMPONENTS_DATA" VALUES(214,51,'sct::Glass',0.1386);
INSERT INTO "SCTMATCOMPONENTS_DATA" VALUES(544,124,'Iron',0.187);
INSERT INTO "SCTMATCOMPONENTS_DATA" VALUES(545,124,'Aluminium',0.491);
INSERT INTO "SCTMATCOMPONENTS_DATA" VALUES(546,124,'sct::BeCu',0.322);
INSERT INTO "SCTMATCOMPONENTS_DATA" VALUES(897,175,'sct::CN107',0.226);
INSERT INTO "SCTMATCOMPONENTS_DATA" VALUES(161,42,'sct::Peek',0.0251);
INSERT INTO "SCTMATCOMPONENTS_DATA" VALUES(168,43,'sct::Peek',0.0327);
INSERT INTO "SCTMATCOMPONENTS_DATA" VALUES(174,44,'sct::Peek',0.0192);
INSERT INTO "SCTMATCOMPONENTS_DATA" VALUES(178,45,'sct::Peek',0.0175);
INSERT INTO "SCTMATCOMPONENTS_DATA" VALUES(898,175,'sct::C6F14',0.076);
INSERT INTO "SCTMATCOMPONENTS_DATA" VALUES(961,174,'Copper',0.575);
INSERT INTO "SCTMATCOMPONENTS_DATA" VALUES(962,174,'std::C3F8',0.06);
INSERT INTO "SCTMATCOMPONENTS_DATA" VALUES(963,174,'Iron',0.252);
INSERT INTO "SCTMATCOMPONENTS_DATA" VALUES(964,174,'sct::CN107',0.06);
INSERT INTO "SCTMATCOMPONENTS_DATA" VALUES(965,174,'sct::Rubber',0.053);
INSERT INTO "SCTMATCOMPONENTS_DATA" VALUES(966,188,'Copper',0.775);
INSERT INTO "SCTMATCOMPONENTS_DATA" VALUES(967,188,'std::C3F8',0.047);
INSERT INTO "SCTMATCOMPONENTS_DATA" VALUES(968,188,'sct::Rubber',0.178);
INSERT INTO "SCTMATCOMPONENTS_DATA" VALUES(0,0,'Carbon',1.0);
INSERT INTO "SCTMATCOMPONENTS_DATA" VALUES(1,1,'Carbon',1.0);
INSERT INTO "SCTMATCOMPONENTS_DATA" VALUES(2,2,'Carbon',1.0);
INSERT INTO "SCTMATCOMPONENTS_DATA" VALUES(3,3,'Carbon',1.0);
INSERT INTO "SCTMATCOMPONENTS_DATA" VALUES(4,4,'Copper',0.863);
INSERT INTO "SCTMATCOMPONENTS_DATA" VALUES(5,4,'std::Kapton',0.137);
INSERT INTO "SCTMATCOMPONENTS_DATA" VALUES(6,5,'Aluminium',1.0);
INSERT INTO "SCTMATCOMPONENTS_DATA" VALUES(7,6,'Aluminium',0.369);
INSERT INTO "SCTMATCOMPONENTS_DATA" VALUES(24,14,'sct::AirexR82',0.057);
INSERT INTO "SCTMATCOMPONENTS_DATA" VALUES(9,7,'Copper',0.7);
INSERT INTO "SCTMATCOMPONENTS_DATA" VALUES(10,7,'Nickel',0.3);
INSERT INTO "SCTMATCOMPONENTS_DATA" VALUES(11,8,'sct::CN107',0.09);
INSERT INTO "SCTMATCOMPONENTS_DATA" VALUES(12,8,'std::C3F8',0.91);
INSERT INTO "SCTMATCOMPONENTS_DATA" VALUES(13,9,'Carbon',1.0);
INSERT INTO "SCTMATCOMPONENTS_DATA" VALUES(14,10,'Carbon',1.0);
INSERT INTO "SCTMATCOMPONENTS_DATA" VALUES(15,11,'Carbon',1.0);
INSERT INTO "SCTMATCOMPONENTS_DATA" VALUES(16,12,'std::Polystyrene',1.0);
INSERT INTO "SCTMATCOMPONENTS_DATA" VALUES(17,13,'sct::CFRP',0.367);
INSERT INTO "SCTMATCOMPONENTS_DATA" VALUES(18,13,'std::Aluminium',0.495);
INSERT INTO "SCTMATCOMPONENTS_DATA" VALUES(19,13,'std::C3F8',0.116);
INSERT INTO "SCTMATCOMPONENTS_DATA" VALUES(20,13,'std::Kapton',0.022);
INSERT INTO "SCTMATCOMPONENTS_DATA" VALUES(21,14,'sct::CFRP',0.508);
INSERT INTO "SCTMATCOMPONENTS_DATA" VALUES(22,14,'std::Aluminium',0.193);
INSERT INTO "SCTMATCOMPONENTS_DATA" VALUES(23,14,'std::C3F8',0.242);
INSERT INTO "SCTMATCOMPONENTS_DATA" VALUES(27,15,'sct::AirexR82',0.005);
INSERT INTO "SCTMATCOMPONENTS_DATA" VALUES(25,15,'sct::CFRP',0.9);
INSERT INTO "SCTMATCOMPONENTS_DATA" VALUES(26,15,'std::Aluminium',0.095);
INSERT INTO "SCTMATCOMPONENTS_DATA" VALUES(28,16,'std::Aluminium',0.588);
INSERT INTO "SCTMATCOMPONENTS_DATA" VALUES(29,16,'std::Kapton',0.412);
INSERT INTO "SCTMATCOMPONENTS_DATA" VALUES(30,17,'Silicon',1.0);
INSERT INTO "SCTMATCOMPONENTS_DATA" VALUES(31,18,'Carbon',1.0);
INSERT INTO "SCTMATCOMPONENTS_DATA" VALUES(32,19,'Carbon',1.0);
INSERT INTO "SCTMATCOMPONENTS_DATA" VALUES(33,20,'Hydrogen',0.092);
INSERT INTO "SCTMATCOMPONENTS_DATA" VALUES(34,20,'Oxygen',0.366);
INSERT INTO "SCTMATCOMPONENTS_DATA" VALUES(35,20,'Aluminium',0.542);
INSERT INTO "SCTMATCOMPONENTS_DATA" VALUES(36,21,'Aluminium',1.0);
INSERT INTO "SCTMATCOMPONENTS_DATA" VALUES(37,22,'std::Polystyrene',1.0);
INSERT INTO "SCTMATCOMPONENTS_DATA" VALUES(38,23,'std::Polyethylene',1.0);
INSERT INTO "SCTMATCOMPONENTS_DATA" VALUES(8,6,'std::Kapton',0.631);
INSERT INTO "SCTMATCOMPONENTS_DATA" VALUES(338,77,'Carbon',37.0);
INSERT INTO "SCTMATCOMPONENTS_DATA" VALUES(339,77,'Hydrogen',24.0);
INSERT INTO "SCTMATCOMPONENTS_DATA" VALUES(340,77,'Oxygen',4.0);
INSERT INTO "SCTMATCOMPONENTS_DATA" VALUES(341,77,'Nitrogen',2.0);
INSERT INTO "SCTMATCOMPONENTS_DATA" VALUES(342,78,'Hydrogen',0.026);
INSERT INTO "SCTMATCOMPONENTS_DATA" VALUES(343,78,'Carbon',0.692);
INSERT INTO "SCTMATCOMPONENTS_DATA" VALUES(344,78,'Nitrogen',0.073);
INSERT INTO "SCTMATCOMPONENTS_DATA" VALUES(345,78,'Oxygen',0.209);
INSERT INTO "SCTMATCOMPONENTS_DATA" VALUES(346,79,'Aluminium',0.0496);
INSERT INTO "SCTMATCOMPONENTS_DATA" VALUES(347,79,'Iron',0.0468);
INSERT INTO "SCTMATCOMPONENTS_DATA" VALUES(348,79,'Copper',0.185);
INSERT INTO "SCTMATCOMPONENTS_DATA" VALUES(349,79,'Nickel',0.0027);
INSERT INTO "SCTMATCOMPONENTS_DATA" VALUES(350,79,'Silicon',0.0012);
INSERT INTO "SCTMATCOMPONENTS_DATA" VALUES(351,79,'sct::Solder',0.0091);
INSERT INTO "SCTMATCOMPONENTS_DATA" VALUES(352,79,'std::Kapton',0.119);
INSERT INTO "SCTMATCOMPONENTS_DATA" VALUES(353,79,'sct::Peek',0.0409);
INSERT INTO "SCTMATCOMPONENTS_DATA" VALUES(354,79,'sct::PEI',0.0126);
INSERT INTO "SCTMATCOMPONENTS_DATA" VALUES(355,79,'sct::Glass',0.0136);
INSERT INTO "SCTMATCOMPONENTS_DATA" VALUES(356,79,'sct::Plastic',0.0085);
INSERT INTO "SCTMATCOMPONENTS_DATA" VALUES(357,79,'sct::CFRP',0.1192);
INSERT INTO "SCTMATCOMPONENTS_DATA" VALUES(358,79,'sct::FR4',0.1344);
INSERT INTO "SCTMATCOMPONENTS_DATA" VALUES(359,79,'sct::Adhesive',0.119);
INSERT INTO "SCTMATCOMPONENTS_DATA" VALUES(360,79,'sct::AlNitride',0.1384);
INSERT INTO "SCTMATCOMPONENTS_DATA" VALUES(490,107,'sct::Epoxy',0.6925);
INSERT INTO "SCTMATCOMPONENTS_DATA" VALUES(491,107,'sct::BoronNitride',0.3075);
INSERT INTO "SCTMATCOMPONENTS_DATA" VALUES(533,122,'sct::Peek',0.4);
INSERT INTO "SCTMATCOMPONENTS_DATA" VALUES(534,122,'sct::CFRP',0.45);
INSERT INTO "SCTMATCOMPONENTS_DATA" VALUES(535,122,'sct::PEI',0.11);
INSERT INTO "SCTMATCOMPONENTS_DATA" VALUES(536,122,'sct::Epoxy',0.04);
INSERT INTO "SCTMATCOMPONENTS_DATA" VALUES(547,125,'Iron',0.0417);
INSERT INTO "SCTMATCOMPONENTS_DATA" VALUES(548,125,'Copper',0.333);
INSERT INTO "SCTMATCOMPONENTS_DATA" VALUES(549,125,'sct::CN107',0.6249);
INSERT INTO "SCTMATCOMPONENTS_DATA" VALUES(550,125,'sct::solder',0.0004);
INSERT INTO "SCTMATCOMPONENTS_DATA" VALUES(561,128,'Silver',0.15);
INSERT INTO "SCTMATCOMPONENTS_DATA" VALUES(562,128,'Nickel',0.6);
INSERT INTO "SCTMATCOMPONENTS_DATA" VALUES(563,128,'sct::Epoxy',0.25);
INSERT INTO "SCTMATCOMPONENTS_DATA" VALUES(684,148,'Copper',0.9);
INSERT INTO "SCTMATCOMPONENTS_DATA" VALUES(685,148,'Zinc',0.1);
INSERT INTO "SCTMATCOMPONENTS_DATA" VALUES(686,149,'Aluminium',0.2722);
INSERT INTO "SCTMATCOMPONENTS_DATA" VALUES(687,149,'Iron',0.0168);
INSERT INTO "SCTMATCOMPONENTS_DATA" VALUES(688,149,'sct::CFRP',0.6314);
INSERT INTO "SCTMATCOMPONENTS_DATA" VALUES(689,149,'sct::Peek',0.0701);
INSERT INTO "SCTMATCOMPONENTS_DATA" VALUES(690,149,'sct::EPDM',0.0018);
INSERT INTO "SCTMATCOMPONENTS_DATA" VALUES(691,149,'sct::Brass',0.0077);
INSERT INTO "SCTMATCOMPONENTS_DATA" VALUES(737,157,'Carbon',1.0);
INSERT INTO "SCTMATCOMPONENTS_DATA" VALUES(738,158,'Carbon',1.0);
INSERT INTO "SCTMATCOMPONENTS_DATA" VALUES(826,142,'sct::CFRP',0.613);
INSERT INTO "SCTMATCOMPONENTS_DATA" VALUES(827,142,'sct::CuKaptonEC',0.053);
INSERT INTO "SCTMATCOMPONENTS_DATA" VALUES(828,142,'std::Kapton',0.04);
INSERT INTO "SCTMATCOMPONENTS_DATA" VALUES(829,142,'Copper',0.065);
INSERT INTO "SCTMATCOMPONENTS_DATA" VALUES(830,142,'sct::Araldite',0.072);
INSERT INTO "SCTMATCOMPONENTS_DATA" VALUES(831,142,'sct::CuOnAlWire',0.007);
INSERT INTO "SCTMATCOMPONENTS_DATA" VALUES(832,142,'std::G10',0.15);
INSERT INTO "SCTMATCOMPONENTS_DATA" VALUES(906,174,'Copper',0.696);
INSERT INTO "SCTMATCOMPONENTS_DATA" VALUES(907,174,'std::C3F8',0.052);
INSERT INTO "SCTMATCOMPONENTS_DATA" VALUES(908,174,'Iron',0.1);
INSERT INTO "SCTMATCOMPONENTS_DATA" VALUES(909,174,'sct::CN107',0.024);
INSERT INTO "SCTMATCOMPONENTS_DATA" VALUES(910,174,'sct::Rubber',0.128);
INSERT INTO "SCTMATCOMPONENTS_DATA" VALUES(937,184,'Aluminium',0.004);
INSERT INTO "SCTMATCOMPONENTS_DATA" VALUES(938,184,'sct::Peek',0.6584);
INSERT INTO "SCTMATCOMPONENTS_DATA" VALUES(939,184,'sct::Vectra',0.2431);
INSERT INTO "SCTMATCOMPONENTS_DATA" VALUES(940,184,'sct::Glass',0.0026);
INSERT INTO "SCTMATCOMPONENTS_DATA" VALUES(941,184,'sct::Plastic',0.0374);
INSERT INTO "SCTMATCOMPONENTS_DATA" VALUES(942,184,'sct::Silica',0.0545);
INSERT INTO "SCTMATCOMPONENTS_DATA" VALUES(943,185,'sct::Peek',0.6677);
INSERT INTO "SCTMATCOMPONENTS_DATA" VALUES(944,185,'sct::Glass',0.1638);
INSERT INTO "SCTMATCOMPONENTS_DATA" VALUES(945,185,'sct::Plastic',0.102);
INSERT INTO "SCTMATCOMPONENTS_DATA" VALUES(946,185,'sct::Araldite',0.0665);
INSERT INTO "SCTMATCOMPONENTS_DATA" VALUES(947,186,'Aluminium',0.0293);
INSERT INTO "SCTMATCOMPONENTS_DATA" VALUES(948,186,'sct::Peek',0.7988);
INSERT INTO "SCTMATCOMPONENTS_DATA" VALUES(949,186,'sct::Vectra',0.1237);
INSERT INTO "SCTMATCOMPONENTS_DATA" VALUES(950,186,'sct::Glass',0.0153);
INSERT INTO "SCTMATCOMPONENTS_DATA" VALUES(951,186,'sct::Silica',0.0053);
INSERT INTO "SCTMATCOMPONENTS_DATA" VALUES(952,186,'sct::Araldite',0.0276);
INSERT INTO "SCTMATCOMPONENTS_DATA" VALUES(953,187,'Aluminium',0.0021);
INSERT INTO "SCTMATCOMPONENTS_DATA" VALUES(954,187,'sct::Peek',0.2746);
INSERT INTO "SCTMATCOMPONENTS_DATA" VALUES(955,187,'sct::Vectra',0.418);
INSERT INTO "SCTMATCOMPONENTS_DATA" VALUES(956,187,'sct::Glass',0.026);
INSERT INTO "SCTMATCOMPONENTS_DATA" VALUES(957,187,'sct::Plastic',0.2038);
INSERT INTO "SCTMATCOMPONENTS_DATA" VALUES(958,187,'sct::Silica',0.0247);
INSERT INTO "SCTMATCOMPONENTS_DATA" VALUES(959,187,'std::Kapton',0.001);
INSERT INTO "SCTMATCOMPONENTS_DATA" VALUES(960,187,'sct::Araldite',0.0498);
INSERT INTO "SCTMATCOMPONENTS_DATA" VALUES(510,116,'sct::CN107',0.785);
INSERT INTO "SCTMATCOMPONENTS_DATA" VALUES(511,116,'std::C3F8',0.127);
INSERT INTO "SCTMATCOMPONENTS_DATA" VALUES(512,116,'Copper',0.088);
INSERT INTO "SCTMATCOMPONENTS_DATA" VALUES(513,117,'std::Kapton',0.27);
INSERT INTO "SCTMATCOMPONENTS_DATA" VALUES(514,117,'Copper',0.61);
INSERT INTO "SCTMATCOMPONENTS_DATA" VALUES(515,117,'sct::Epoxy',0.12);
INSERT INTO "SCTMATCOMPONENTS_DATA" VALUES(516,118,'sct::CN107',0.52);
INSERT INTO "SCTMATCOMPONENTS_DATA" VALUES(517,118,'std::C3F8',0.21);
INSERT INTO "SCTMATCOMPONENTS_DATA" VALUES(518,118,'Aluminium',0.1);
INSERT INTO "SCTMATCOMPONENTS_DATA" VALUES(519,118,'std::Kapton',0.03);
INSERT INTO "SCTMATCOMPONENTS_DATA" VALUES(520,118,'sct::BeCu',0.14);
INSERT INTO "SCTMATCOMPONENTS_DATA" VALUES(521,119,'sct::Plastic',0.33);
INSERT INTO "SCTMATCOMPONENTS_DATA" VALUES(522,119,'sct::Epoxy',0.06);
INSERT INTO "SCTMATCOMPONENTS_DATA" VALUES(523,119,'sct::BeCu',0.14);
INSERT INTO "SCTMATCOMPONENTS_DATA" VALUES(524,119,'std::Polyethylene',0.47);
INSERT INTO "SCTMATCOMPONENTS_DATA" VALUES(525,120,'Aluminium',0.219);
INSERT INTO "SCTMATCOMPONENTS_DATA" VALUES(526,120,'sct::Peek',0.522);
INSERT INTO "SCTMATCOMPONENTS_DATA" VALUES(527,120,'Copper',0.125);
INSERT INTO "SCTMATCOMPONENTS_DATA" VALUES(528,120,'Iron',0.134);
INSERT INTO "SCTMATCOMPONENTS_DATA" VALUES(529,121,'sct::Peek',0.4);
INSERT INTO "SCTMATCOMPONENTS_DATA" VALUES(530,121,'sct::CFRP',0.45);
INSERT INTO "SCTMATCOMPONENTS_DATA" VALUES(531,121,'sct::PEI',0.11);
INSERT INTO "SCTMATCOMPONENTS_DATA" VALUES(532,121,'sct::Epoxy',0.04);
INSERT INTO "SCTMATCOMPONENTS_DATA" VALUES(537,123,'Aluminium',0.044);
INSERT INTO "SCTMATCOMPONENTS_DATA" VALUES(538,123,'sct::CFRP',0.821);
INSERT INTO "SCTMATCOMPONENTS_DATA" VALUES(539,123,'sct::CuKapton',0.079);
INSERT INTO "SCTMATCOMPONENTS_DATA" VALUES(540,123,'sct::Solder',0.001);
INSERT INTO "SCTMATCOMPONENTS_DATA" VALUES(541,123,'Copper',0.006);
INSERT INTO "SCTMATCOMPONENTS_DATA" VALUES(542,123,'sct::Plastic',0.036);
INSERT INTO "SCTMATCOMPONENTS_DATA" VALUES(543,123,'sct::Peek',0.013);
INSERT INTO "SCTMATCOMPONENTS_DATA" VALUES(264,34,'sct::Plastic',0.23);
INSERT INTO "SCTMATCOMPONENTS_DATA" VALUES(265,34,'Copper',0.32);
INSERT INTO "SCTMATCOMPONENTS_DATA" VALUES(266,34,'sct::FR4',0.27);
INSERT INTO "SCTMATCOMPONENTS_DATA" VALUES(267,34,'sct::CuOnAlWire',0.04);
INSERT INTO "SCTMATCOMPONENTS_DATA" VALUES(268,34,'std::Kapton',0.14);
INSERT INTO "SCTMATCOMPONENTS_DATA" VALUES(604,132,'sct::Silica',0.99);
INSERT INTO "SCTMATCOMPONENTS_DATA" VALUES(619,138,'Copper',0.76);
INSERT INTO "SCTMATCOMPONENTS_DATA" VALUES(620,138,'std::Kapton',0.24);
INSERT INTO "SCTMATCOMPONENTS_DATA" VALUES(621,139,'sct::PEI',0.373);
INSERT INTO "SCTMATCOMPONENTS_DATA" VALUES(622,139,'sct::AlKapton',0.028);
INSERT INTO "SCTMATCOMPONENTS_DATA" VALUES(623,139,'sct::CuKaptonEC',0.166);
INSERT INTO "SCTMATCOMPONENTS_DATA" VALUES(624,139,'sct::Araldite',0.31);
INSERT INTO "SCTMATCOMPONENTS_DATA" VALUES(625,139,'std::Kapton',0.084);
INSERT INTO "SCTMATCOMPONENTS_DATA" VALUES(626,139,'Copper',0.024);
INSERT INTO "SCTMATCOMPONENTS_DATA" VALUES(627,139,'sct::CuOnAlWire',0.015);
INSERT INTO "SCTMATCOMPONENTS_DATA" VALUES(628,140,'sct::CFRP',0.512);
INSERT INTO "SCTMATCOMPONENTS_DATA" VALUES(629,140,'sct::PEI',0.163);
INSERT INTO "SCTMATCOMPONENTS_DATA" VALUES(630,140,'sct::CuKapton',0.117);
INSERT INTO "SCTMATCOMPONENTS_DATA" VALUES(631,140,'sct::Epoxy',0.208);
INSERT INTO "SCTMATCOMPONENTS_DATA" VALUES(632,141,'sct::Epoxy',0.106);
INSERT INTO "SCTMATCOMPONENTS_DATA" VALUES(633,141,'sct::PEI',0.342);
INSERT INTO "SCTMATCOMPONENTS_DATA" VALUES(634,141,'sct::CuKapton',0.552);
INSERT INTO "SCTMATCOMPONENTS_DATA" VALUES(635,142,'sct::CFRP',0.835);
INSERT INTO "SCTMATCOMPONENTS_DATA" VALUES(636,142,'sct::CuKapton',0.072);
INSERT INTO "SCTMATCOMPONENTS_DATA" VALUES(637,142,'std::Kapton',0.054);
INSERT INTO "SCTMATCOMPONENTS_DATA" VALUES(638,142,'Copper',0.009);
INSERT INTO "SCTMATCOMPONENTS_DATA" VALUES(639,142,'sct::Araldite',0.02);
INSERT INTO "SCTMATCOMPONENTS_DATA" VALUES(640,142,'sct::CuOnAlWire',0.01);
INSERT INTO "SCTMATCOMPONENTS_DATA" VALUES(641,143,'Iron',0.284);
INSERT INTO "SCTMATCOMPONENTS_DATA" VALUES(642,143,'sct::PEI',0.062);
INSERT INTO "SCTMATCOMPONENTS_DATA" VALUES(643,143,'sct::CFRP',0.522);
INSERT INTO "SCTMATCOMPONENTS_DATA" VALUES(644,143,'sct::Araldite',0.007);
INSERT INTO "SCTMATCOMPONENTS_DATA" VALUES(645,143,'std::G10',0.125);
INSERT INTO "SCTMATCOMPONENTS_DATA" VALUES(646,144,'sct::PEI',0.106);
INSERT INTO "SCTMATCOMPONENTS_DATA" VALUES(647,144,'sct::CuKapton',0.093);
INSERT INTO "SCTMATCOMPONENTS_DATA" VALUES(648,144,'Aluminium',0.008);
INSERT INTO "SCTMATCOMPONENTS_DATA" VALUES(649,144,'sct::CFRP',0.763);
INSERT INTO "SCTMATCOMPONENTS_DATA" VALUES(650,144,'Titanium',0.03);
INSERT INTO "SCTMATCOMPONENTS_DATA" VALUES(651,145,'sct::CFRP',0.796);
INSERT INTO "SCTMATCOMPONENTS_DATA" VALUES(652,145,'sct::PEI',0.069);
INSERT INTO "SCTMATCOMPONENTS_DATA" VALUES(653,145,'sct::AlKapton',0.007);
INSERT INTO "SCTMATCOMPONENTS_DATA" VALUES(654,145,'sct::Epoxy',0.061);
INSERT INTO "SCTMATCOMPONENTS_DATA" VALUES(655,145,'sct::CuKapton',0.037);
INSERT INTO "SCTMATCOMPONENTS_DATA" VALUES(656,145,'std::Kapton',0.012);
INSERT INTO "SCTMATCOMPONENTS_DATA" VALUES(657,145,'Copper',0.003);
INSERT INTO "SCTMATCOMPONENTS_DATA" VALUES(658,145,'sct::Araldite',0.007);
INSERT INTO "SCTMATCOMPONENTS_DATA" VALUES(659,145,'sct::CuOnAlWire',0.005);
INSERT INTO "SCTMATCOMPONENTS_DATA" VALUES(660,145,'Aluminium',0.002);
INSERT INTO "SCTMATCOMPONENTS_DATA" VALUES(661,145,'sct::Peek',0.001);
INSERT INTO "SCTMATCOMPONENTS_DATA" VALUES(662,146,'Iron',0.645);
INSERT INTO "SCTMATCOMPONENTS_DATA" VALUES(663,146,'sct::Peek',0.241);
INSERT INTO "SCTMATCOMPONENTS_DATA" VALUES(664,146,'Aluminium',0.114);
INSERT INTO "SCTMATCOMPONENTS_DATA" VALUES(665,147,'sct::CFRP',0.377);
INSERT INTO "SCTMATCOMPONENTS_DATA" VALUES(666,147,'Aluminium',0.04);
INSERT INTO "SCTMATCOMPONENTS_DATA" VALUES(667,147,'Iron',0.05);
INSERT INTO "SCTMATCOMPONENTS_DATA" VALUES(668,147,'sct::PEI',0.454);
INSERT INTO "SCTMATCOMPONENTS_DATA" VALUES(669,147,'sct::Silicone',0.079);
INSERT INTO "SCTMATCOMPONENTS_DATA" VALUES(750,145,'sct::CuKaptonEC',0.045);
INSERT INTO "SCTMATCOMPONENTS_DATA" VALUES(833,171,'Carbon',6.0);
INSERT INTO "SCTMATCOMPONENTS_DATA" VALUES(834,171,'Fluorine',14.0);
INSERT INTO "SCTMATCOMPONENTS_DATA" VALUES(835,172,'Carbon',15.0);
INSERT INTO "SCTMATCOMPONENTS_DATA" VALUES(836,172,'Hydrogen',6.0);
INSERT INTO "SCTMATCOMPONENTS_DATA" VALUES(837,172,'Oxygen',3.0);
INSERT INTO "SCTMATCOMPONENTS_DATA" VALUES(838,173,'sct::Polycarbonate',1.0);
INSERT INTO "SCTMATCOMPONENTS_DATA" VALUES(839,174,'Copper',0.684);
INSERT INTO "SCTMATCOMPONENTS_DATA" VALUES(840,174,'std::C3F8',0.069);
INSERT INTO "SCTMATCOMPONENTS_DATA" VALUES(841,174,'Iron',0.098);
INSERT INTO "SCTMATCOMPONENTS_DATA" VALUES(842,174,'sct::CN107',0.023);
INSERT INTO "SCTMATCOMPONENTS_DATA" VALUES(843,174,'sct::Rubber',0.126);
INSERT INTO "SCTMATCOMPONENTS_DATA" VALUES(844,175,'std::Kapton',0.18);
INSERT INTO "SCTMATCOMPONENTS_DATA" VALUES(845,175,'Copper',0.406);
INSERT INTO "SCTMATCOMPONENTS_DATA" VALUES(846,175,'sct::Epoxy',0.08);
INSERT INTO "SCTMATCOMPONENTS_DATA" VALUES(847,175,'sct:CN107',0.226);
INSERT INTO "SCTMATCOMPONENTS_DATA" VALUES(848,175,'sct:C6F14',0.076);
INSERT INTO "SCTMATCOMPONENTS_DATA" VALUES(849,175,'Aluminium',0.032);
INSERT INTO "SCTMATCOMPONENTS_DATA" VALUES(850,176,'Aluminium',0.925);
INSERT INTO "SCTMATCOMPONENTS_DATA" VALUES(851,176,'Iron',0.043);
INSERT INTO "SCTMATCOMPONENTS_DATA" VALUES(852,176,'Copper',0.002);
INSERT INTO "SCTMATCOMPONENTS_DATA" VALUES(853,176,'std::Kapton',0.03);
INSERT INTO "SCTMATCOMPONENTS_DATA" VALUES(854,155,'Aluminium',0.235);
INSERT INTO "SCTMATCOMPONENTS_DATA" VALUES(855,155,'Copper',0.118);
INSERT INTO "SCTMATCOMPONENTS_DATA" VALUES(856,155,'Iron',0.427);
INSERT INTO "SCTMATCOMPONENTS_DATA" VALUES(857,155,'std::Polyethylene',0.201);
INSERT INTO "SCTMATCOMPONENTS_DATA" VALUES(858,155,'sct::Polyester',0.019);
INSERT INTO "SCTMATCOMPONENTS_DATA" VALUES(859,177,'Copper',0.549);
INSERT INTO "SCTMATCOMPONENTS_DATA" VALUES(860,177,'sct::CN107',0.152);
INSERT INTO "SCTMATCOMPONENTS_DATA" VALUES(861,177,'Iron',0.265);
INSERT INTO "SCTMATCOMPONENTS_DATA" VALUES(862,177,'sct::Peek',0.008);
INSERT INTO "SCTMATCOMPONENTS_DATA" VALUES(863,177,'sct::Solder',0.026);
INSERT INTO "SCTMATCOMPONENTS_DATA" VALUES(864,178,'sct::CN107',0.702);
INSERT INTO "SCTMATCOMPONENTS_DATA" VALUES(865,178,'Copper',0.073);
INSERT INTO "SCTMATCOMPONENTS_DATA" VALUES(866,178,'std::C3F8',0.126);
INSERT INTO "SCTMATCOMPONENTS_DATA" VALUES(867,178,'sct::Rubber',0.099);
INSERT INTO "SCTMATCOMPONENTS_DATA" VALUES(868,179,'std::Kapton',0.258);
INSERT INTO "SCTMATCOMPONENTS_DATA" VALUES(869,179,'Copper',0.578);
INSERT INTO "SCTMATCOMPONENTS_DATA" VALUES(870,179,'sct::Epoxy',0.114);
INSERT INTO "SCTMATCOMPONENTS_DATA" VALUES(871,179,'Aluminium',0.05);
INSERT INTO "SCTMATCOMPONENTS_DATA" VALUES(872,153,'Aluminium',0.326);
INSERT INTO "SCTMATCOMPONENTS_DATA" VALUES(873,153,'Copper',0.196);
INSERT INTO "SCTMATCOMPONENTS_DATA" VALUES(874,153,'std::Polyethylene',0.478);
INSERT INTO "SCTMATCOMPONENTS_DATA" VALUES(875,180,'sct::Polyimide',0.021);
INSERT INTO "SCTMATCOMPONENTS_DATA" VALUES(876,180,'Iron',0.634);
INSERT INTO "SCTMATCOMPONENTS_DATA" VALUES(877,180,'sct::Polyester',0.239);
INSERT INTO "SCTMATCOMPONENTS_DATA" VALUES(878,180,'Aluminium',0.002);
INSERT INTO "SCTMATCOMPONENTS_DATA" VALUES(879,180,'Copper',0.1);
INSERT INTO "SCTMATCOMPONENTS_DATA" VALUES(880,180,'sct::Peek',0.004);
INSERT INTO "SCTMATCOMPONENTS_DATA" VALUES(881,181,'sct::PEI',0.533);
INSERT INTO "SCTMATCOMPONENTS_DATA" VALUES(882,181,'sct::CFRP',0.181);
INSERT INTO "SCTMATCOMPONENTS_DATA" VALUES(883,181,'sct::Araldite',0.041);
INSERT INTO "SCTMATCOMPONENTS_DATA" VALUES(884,181,'sct::Polyimide',0.002);
INSERT INTO "SCTMATCOMPONENTS_DATA" VALUES(885,181,'Aluminium',0.076);
INSERT INTO "SCTMATCOMPONENTS_DATA" VALUES(886,181,'Iron',0.03);
INSERT INTO "SCTMATCOMPONENTS_DATA" VALUES(887,181,'sct::Torlon',0.015);
INSERT INTO "SCTMATCOMPONENTS_DATA" VALUES(888,181,'sct::Silicone',0.066);
INSERT INTO "SCTMATCOMPONENTS_DATA" VALUES(889,181,'std::Kapton',0.021);
INSERT INTO "SCTMATCOMPONENTS_DATA" VALUES(890,181,'Copper',0.004);
INSERT INTO "SCTMATCOMPONENTS_DATA" VALUES(891,181,'sct::Polyimide',0.025);
INSERT INTO "SCTMATCOMPONENTS_DATA" VALUES(892,181,'sct::CuKaptonEC',0.006);
INSERT INTO "SCTMATCOMPONENTS_DATA" VALUES(893,182,'Aluminium',0.904);
INSERT INTO "SCTMATCOMPONENTS_DATA" VALUES(894,182,'Iron',0.053);
INSERT INTO "SCTMATCOMPONENTS_DATA" VALUES(895,182,'std::G10',0.031);
INSERT INTO "SCTMATCOMPONENTS_DATA" VALUES(896,182,'sct::Araldite',0.012);
INSERT INTO "SCTMATCOMPONENTS_DATA" VALUES(249,64,'Carbon',10.0);
INSERT INTO "SCTMATCOMPONENTS_DATA" VALUES(250,64,'Hydrogen',6.0);
INSERT INTO "SCTMATCOMPONENTS_DATA" VALUES(251,64,'Oxygen',1.0);
INSERT INTO "SCTMATCOMPONENTS_DATA" VALUES(252,65,'Copper',1.0);
INSERT INTO "SCTMATCOMPONENTS_DATA" VALUES(253,66,'sct::Plastic',1.0);
INSERT INTO "SCTMATCOMPONENTS_DATA" VALUES(254,67,'sct::Plastic',1.0);
INSERT INTO "SCTMATCOMPONENTS_DATA" VALUES(255,68,'sct::Plastic',1.0);
INSERT INTO "SCTMATCOMPONENTS_DATA" VALUES(256,69,'sct::Silica',1.0);
INSERT INTO "SCTMATCOMPONENTS_DATA" VALUES(257,70,'sct::Plastic',1.0);
INSERT INTO "SCTMATCOMPONENTS_DATA" VALUES(258,71,'Copper',1.0);
INSERT INTO "SCTMATCOMPONENTS_DATA" VALUES(222,52,'sct::Solder',0.0554);
INSERT INTO "SCTMATCOMPONENTS_DATA" VALUES(165,42,'sct::Araldite',0.0099);
INSERT INTO "SCTMATCOMPONENTS_DATA" VALUES(171,43,'sct::Araldite',0.0098);
INSERT INTO "SCTMATCOMPONENTS_DATA" VALUES(551,125,'sct::Solder',0.0004);
INSERT INTO "SCTMATCOMPONENTS_DATA" VALUES(925,149,'Aluminium',0.2152);
INSERT INTO "SCTMATCOMPONENTS_DATA" VALUES(926,149,'Iron',0.0013);
INSERT INTO "SCTMATCOMPONENTS_DATA" VALUES(116,35,'std::C3F8',0.1636);
INSERT INTO "SCTMATCOMPONENTS_DATA" VALUES(928,149,'sct::Peek',0.0403);
INSERT INTO "SCTMATCOMPONENTS_DATA" VALUES(929,149,'sct::EPDM',0.0017);
INSERT INTO "SCTMATCOMPONENTS_DATA" VALUES(930,183,'Aluminium',0.4829);
INSERT INTO "SCTMATCOMPONENTS_DATA" VALUES(931,183,'Iron',0.0733);
INSERT INTO "SCTMATCOMPONENTS_DATA" VALUES(932,183,'sct::CFRP',0.2265);
INSERT INTO "SCTMATCOMPONENTS_DATA" VALUES(933,183,'sct::Peek',0.1792);
INSERT INTO "SCTMATCOMPONENTS_DATA" VALUES(934,183,'sct::EPDM',0.0021);
INSERT INTO "SCTMATCOMPONENTS_DATA" VALUES(935,183,'sct::Epoxy',0.0002);
INSERT INTO "SCTMATCOMPONENTS_DATA" VALUES(936,183,'sct::Brass',0.0358);
INSERT INTO "SCTMATCOMPONENTS_DATA" VALUES(927,149,'sct::CFRP',0.7415);
INSERT INTO "SCTMATCOMPONENTS_DATA" VALUES(327,74,'Silicon',0.637);
INSERT INTO "SCTMATCOMPONENTS_DATA" VALUES(328,74,'Oxygen',0.363);
INSERT INTO "SCTMATCOMPONENTS_DATA" VALUES(329,75,'Aluminium',0.6103);
INSERT INTO "SCTMATCOMPONENTS_DATA" VALUES(330,75,'Copper',0.0126);
INSERT INTO "SCTMATCOMPONENTS_DATA" VALUES(331,75,'sct::Solder',0.1652);
INSERT INTO "SCTMATCOMPONENTS_DATA" VALUES(332,75,'sct::Peek',0.184);
INSERT INTO "SCTMATCOMPONENTS_DATA" VALUES(333,75,'sct::Silicone',0.0279);
INSERT INTO "SCTMATCOMPONENTS_DATA" VALUES(451,105,'sct::CN107',0.4811);
INSERT INTO "SCTMATCOMPONENTS_DATA" VALUES(452,105,'sct::Solder',0.0027);
INSERT INTO "SCTMATCOMPONENTS_DATA" VALUES(453,105,'std::C3F8',0.5162);
INSERT INTO "SCTMATCOMPONENTS_DATA" VALUES(558,127,'Aluminium',0.27);
INSERT INTO "SCTMATCOMPONENTS_DATA" VALUES(559,127,'sct::CFRP',0.72);
INSERT INTO "SCTMATCOMPONENTS_DATA" VALUES(560,127,'sct::Araldite',0.01);
INSERT INTO "SCTMATCOMPONENTS_DATA" VALUES(605,137,'Aluminium',0.4822);
INSERT INTO "SCTMATCOMPONENTS_DATA" VALUES(606,137,'Iron',0.0106);
INSERT INTO "SCTMATCOMPONENTS_DATA" VALUES(607,137,'Copper',0.0152);
INSERT INTO "SCTMATCOMPONENTS_DATA" VALUES(608,137,'sct::CN107',0.0012);
INSERT INTO "SCTMATCOMPONENTS_DATA" VALUES(609,137,'std::Kapton',0.1966);
INSERT INTO "SCTMATCOMPONENTS_DATA" VALUES(610,137,'sct::Peek',0.0023);
INSERT INTO "SCTMATCOMPONENTS_DATA" VALUES(611,137,'std::G10',0.2794);
INSERT INTO "SCTMATCOMPONENTS_DATA" VALUES(612,137,'sct::BeCu',0.0034);
INSERT INTO "SCTMATCOMPONENTS_DATA" VALUES(613,137,'sct::Glass',0.004);
INSERT INTO "SCTMATCOMPONENTS_DATA" VALUES(614,137,'sct::Plastic',0.0051);
INSERT INTO "SCTMATCOMPONENTS_DATA" VALUES(615,120,'Aluminium',0.242);
INSERT INTO "SCTMATCOMPONENTS_DATA" VALUES(616,120,'sct::Peek',0.471);
INSERT INTO "SCTMATCOMPONENTS_DATA" VALUES(617,120,'Copper',0.138);
INSERT INTO "SCTMATCOMPONENTS_DATA" VALUES(618,120,'Iron',0.149);
INSERT INTO "SCTMATCOMPONENTS_DATA" VALUES(260,53,'sct::Plastic',0.64);
INSERT INTO "SCTMATCOMPONENTS_DATA" VALUES(93,30,'Oxygen',0.4418);
INSERT INTO "SCTMATCOMPONENTS_DATA" VALUES(259,53,'sct::Glass',0.08);
INSERT INTO "SCTMATCOMPONENTS_DATA" VALUES(261,53,'sct::Rubber',0.23);
INSERT INTO "SCTMATCOMPONENTS_DATA" VALUES(262,53,'sct::Ceramic',0.03);
INSERT INTO "SCTMATCOMPONENTS_DATA" VALUES(263,53,'Aluminium',0.02);
INSERT INTO "SCTMATCOMPONENTS_DATA" VALUES(899,161,'Aluminium',0.3033);
INSERT INTO "SCTMATCOMPONENTS_DATA" VALUES(900,161,'Fluorine',0.3965);
INSERT INTO "SCTMATCOMPONENTS_DATA" VALUES(901,161,'Copper',0.1013);
INSERT INTO "SCTMATCOMPONENTS_DATA" VALUES(902,161,'sct::CN107',0.0797);
INSERT INTO "SCTMATCOMPONENTS_DATA" VALUES(903,161,'sct::Airex',0.02);
INSERT INTO "SCTMATCOMPONENTS_DATA" VALUES(904,161,'sct::Peek',0.0012);
INSERT INTO "SCTMATCOMPONENTS_DATA" VALUES(905,161,'std::C3F8',0.098);
INSERT INTO "SCTMATCOMPONENTS_DATA" VALUES(2009,2002,'Aluminium',0.2);
INSERT INTO "SCTMATCOMPONENTS_DATA" VALUES(2010,2002,'Carbon',0.7);
INSERT INTO "SCTMATCOMPONENTS_DATA" VALUES(2011,2002,'Copper',0.01);
INSERT INTO "SCTMATCOMPONENTS_DATA" VALUES(2012,2002,'Hydrogen',0.06);
INSERT INTO "SCTMATCOMPONENTS_DATA" VALUES(2013,2002,'Oxygen',0.03);
INSERT INTO "SCTMATCOMPONENTS_DATA" VALUES(39,24,'Hydrogen',0.0063);
INSERT INTO "SCTMATCOMPONENTS_DATA" VALUES(40,24,'Boron',0.005);
INSERT INTO "SCTMATCOMPONENTS_DATA" VALUES(41,24,'Carbon',0.4703);
INSERT INTO "SCTMATCOMPONENTS_DATA" VALUES(42,24,'Nitrogen',0.0143);
INSERT INTO "SCTMATCOMPONENTS_DATA" VALUES(43,24,'Oxygen',0.0922);
INSERT INTO "SCTMATCOMPONENTS_DATA" VALUES(44,24,'Aluminium',0.0581);
INSERT INTO "SCTMATCOMPONENTS_DATA" VALUES(45,24,'Silicon',0.1351);
INSERT INTO "SCTMATCOMPONENTS_DATA" VALUES(46,24,'Chlorine',0.0033);
INSERT INTO "SCTMATCOMPONENTS_DATA" VALUES(47,24,'Nickel',0.0038);
INSERT INTO "SCTMATCOMPONENTS_DATA" VALUES(48,24,'Copper',0.1621);
INSERT INTO "SCTMATCOMPONENTS_DATA" VALUES(49,24,'Tin',0.0094);
INSERT INTO "SCTMATCOMPONENTS_DATA" VALUES(50,24,'Silver',0.0329);
INSERT INTO "SCTMATCOMPONENTS_DATA" VALUES(51,24,'Gold',0.0017);
INSERT INTO "SCTMATCOMPONENTS_DATA" VALUES(52,24,'Lead',0.0055);
INSERT INTO "SCTMATCOMPONENTS_DATA" VALUES(53,25,'Hydrogen',0.0032);
INSERT INTO "SCTMATCOMPONENTS_DATA" VALUES(54,25,'Beryllium',0.0892);
INSERT INTO "SCTMATCOMPONENTS_DATA" VALUES(55,25,'Boron',0.0014);
INSERT INTO "SCTMATCOMPONENTS_DATA" VALUES(56,25,'Carbon',0.7198);
INSERT INTO "SCTMATCOMPONENTS_DATA" VALUES(57,25,'Nitrogen',0.0019);
INSERT INTO "SCTMATCOMPONENTS_DATA" VALUES(58,25,'Oxygen',0.166);
INSERT INTO "SCTMATCOMPONENTS_DATA" VALUES(59,25,'Aluminium',0.0175);
INSERT INTO "SCTMATCOMPONENTS_DATA" VALUES(60,25,'Silver',0.001);
INSERT INTO "SCTMATCOMPONENTS_DATA" VALUES(61,26,'Hydrogen',0.0289);
INSERT INTO "SCTMATCOMPONENTS_DATA" VALUES(62,26,'Carbon',0.3713);
INSERT INTO "SCTMATCOMPONENTS_DATA" VALUES(63,26,'Nitrogen',0.0112);
INSERT INTO "SCTMATCOMPONENTS_DATA" VALUES(64,26,'Oxygen',0.091);
INSERT INTO "SCTMATCOMPONENTS_DATA" VALUES(65,26,'Nickel',0.0009);
INSERT INTO "SCTMATCOMPONENTS_DATA" VALUES(66,26,'Copper',0.4063);
INSERT INTO "SCTMATCOMPONENTS_DATA" VALUES(67,26,'Tin',0.0606);
INSERT INTO "SCTMATCOMPONENTS_DATA" VALUES(68,26,'Gold',0.0004);
INSERT INTO "SCTMATCOMPONENTS_DATA" VALUES(69,26,'Lead',0.0294);
INSERT INTO "SCTMATCOMPONENTS_DATA" VALUES(70,27,'Hydrogen',0.0348);
INSERT INTO "SCTMATCOMPONENTS_DATA" VALUES(71,27,'Carbon',0.5257);
INSERT INTO "SCTMATCOMPONENTS_DATA" VALUES(72,27,'Oxygen',0.1733);
INSERT INTO "SCTMATCOMPONENTS_DATA" VALUES(73,27,'Aluminium',0.0929);
INSERT INTO "SCTMATCOMPONENTS_DATA" VALUES(74,27,'Silicon',0.0742);
INSERT INTO "SCTMATCOMPONENTS_DATA" VALUES(75,27,'Iron',0.0346);
INSERT INTO "SCTMATCOMPONENTS_DATA" VALUES(76,27,'Copper',0.0531);
INSERT INTO "SCTMATCOMPONENTS_DATA" VALUES(77,27,'Silver',0.0001);
INSERT INTO "SCTMATCOMPONENTS_DATA" VALUES(78,27,'Tin',0.0034);
INSERT INTO "SCTMATCOMPONENTS_DATA" VALUES(79,27,'Lead',0.0079);
INSERT INTO "SCTMATCOMPONENTS_DATA" VALUES(80,28,'Hydrogen',0.0187);
INSERT INTO "SCTMATCOMPONENTS_DATA" VALUES(81,28,'Carbon',0.3659);
INSERT INTO "SCTMATCOMPONENTS_DATA" VALUES(82,28,'Nitrogen',0.0538);
INSERT INTO "SCTMATCOMPONENTS_DATA" VALUES(83,28,'Oxygen',0.1104);
INSERT INTO "SCTMATCOMPONENTS_DATA" VALUES(84,28,'Aluminium',0.1224);
INSERT INTO "SCTMATCOMPONENTS_DATA" VALUES(85,28,'Silicon',0.032);
INSERT INTO "SCTMATCOMPONENTS_DATA" VALUES(86,28,'Iron',0.0385);
INSERT INTO "SCTMATCOMPONENTS_DATA" VALUES(87,28,'Copper',0.2487);
INSERT INTO "SCTMATCOMPONENTS_DATA" VALUES(88,28,'Nickel',0.0022);
INSERT INTO "SCTMATCOMPONENTS_DATA" VALUES(89,28,'Tin',0.0022);
INSERT INTO "SCTMATCOMPONENTS_DATA" VALUES(90,28,'Lead',0.0052);
INSERT INTO "SCTMATCOMPONENTS_DATA" VALUES(91,29,'Aluminium',0.3595);
INSERT INTO "SCTMATCOMPONENTS_DATA" VALUES(92,29,'std::Kapton',0.6405);
INSERT INTO "SCTMATCOMPONENTS_DATA" VALUES(502,114,'sct::Plastic',0.15);
INSERT INTO "SCTMATCOMPONENTS_DATA" VALUES(94,30,'Silicon',0.2743);
INSERT INTO "SCTMATCOMPONENTS_DATA" VALUES(95,30,'Boron',0.0166);
INSERT INTO "SCTMATCOMPONENTS_DATA" VALUES(96,30,'Aluminium',0.0207);
INSERT INTO "SCTMATCOMPONENTS_DATA" VALUES(97,30,'Sodium',0.0448);
INSERT INTO "SCTMATCOMPONENTS_DATA" VALUES(98,30,'Potassium',0.0822);
INSERT INTO "SCTMATCOMPONENTS_DATA" VALUES(99,30,'Zinc',0.0882);
INSERT INTO "SCTMATCOMPONENTS_DATA" VALUES(100,30,'Titanium',0.0292);
INSERT INTO "SCTMATCOMPONENTS_DATA" VALUES(101,30,'Antimony',0.0022);
INSERT INTO "SCTMATCOMPONENTS_DATA" VALUES(102,31,'Copper',0.6142);
INSERT INTO "SCTMATCOMPONENTS_DATA" VALUES(103,31,'std::Kapton',0.3858);
INSERT INTO "SCTMATCOMPONENTS_DATA" VALUES(104,32,'Aluminium',1.0);
INSERT INTO "SCTMATCOMPONENTS_DATA" VALUES(105,32,'Nitrogen',1.0);
INSERT INTO "SCTMATCOMPONENTS_DATA" VALUES(106,33,'Copper',0.2571);
INSERT INTO "SCTMATCOMPONENTS_DATA" VALUES(107,33,'Aluminium',0.5199);
INSERT INTO "SCTMATCOMPONENTS_DATA" VALUES(108,33,'std::Kapton',0.223);
INSERT INTO "SCTMATCOMPONENTS_DATA" VALUES(109,34,'Sct:Plastic',0.346);
INSERT INTO "SCTMATCOMPONENTS_DATA" VALUES(110,34,'Copper',0.4613);
INSERT INTO "SCTMATCOMPONENTS_DATA" VALUES(111,34,'Sct::FR4',0.118);
INSERT INTO "SCTMATCOMPONENTS_DATA" VALUES(112,34,'Sct::CuOnAlWire',0.0157);
INSERT INTO "SCTMATCOMPONENTS_DATA" VALUES(113,34,'std::Kapton',0.059);
INSERT INTO "SCTMATCOMPONENTS_DATA" VALUES(114,35,'sct::CN107',0.747);
INSERT INTO "SCTMATCOMPONENTS_DATA" VALUES(115,35,'sct::Solder',0.0894);
INSERT INTO "SCTMATCOMPONENTS_DATA" VALUES(503,114,'Copper',0.09);
INSERT INTO "SCTMATCOMPONENTS_DATA" VALUES(504,114,'sct::FR4',0.5);
INSERT INTO "SCTMATCOMPONENTS_DATA" VALUES(505,114,'sct::CuOnAlWire',0.09);
INSERT INTO "SCTMATCOMPONENTS_DATA" VALUES(506,114,'std::Kapton',0.17);
INSERT INTO "SCTMATCOMPONENTS_DATA" VALUES(508,115,'Titanium',0.22);
INSERT INTO "SCTMATCOMPONENTS_DATA" VALUES(509,115,'Aluminium',0.3);
INSERT INTO "SCTMATCOMPONENTS_DATA" VALUES(507,115,'sct::CN107',0.48);
INSERT INTO "SCTMATCOMPONENTS_DATA" VALUES(552,16,'Aluminium',0.27);
INSERT INTO "SCTMATCOMPONENTS_DATA" VALUES(553,16,'sct::CFRP',0.72);
INSERT INTO "SCTMATCOMPONENTS_DATA" VALUES(554,16,'sct::Araldite',0.01);
INSERT INTO "SCTMATCOMPONENTS_DATA" VALUES(555,126,'Silver',0.15);
INSERT INTO "SCTMATCOMPONENTS_DATA" VALUES(556,126,'Nickel',0.6);
INSERT INTO "SCTMATCOMPONENTS_DATA" VALUES(557,126,'sct::Epoxy',0.25);
INSERT INTO "SCTMATCOMPONENTS_DATA" VALUES(159,42,'sct::Torlon',0.7947);
INSERT INTO "SCTMATCOMPONENTS_DATA" VALUES(160,42,'sct::Silica',0.0585);
INSERT INTO "SCTMATCOMPONENTS_DATA" VALUES(162,42,'sct::Vectra',0.0472);
INSERT INTO "SCTMATCOMPONENTS_DATA" VALUES(163,42,'sct::Plastic',0.0622);
INSERT INTO "SCTMATCOMPONENTS_DATA" VALUES(164,42,'Aluminium',0.0024);
INSERT INTO "SCTMATCOMPONENTS_DATA" VALUES(166,43,'sct::Torlon',0.8186);
INSERT INTO "SCTMATCOMPONENTS_DATA" VALUES(167,43,'sct::Silica',0.0131);
INSERT INTO "SCTMATCOMPONENTS_DATA" VALUES(169,43,'sct::Vectra',0.0114);
INSERT INTO "SCTMATCOMPONENTS_DATA" VALUES(170,43,'sct::Plastic',0.1144);
INSERT INTO "SCTMATCOMPONENTS_DATA" VALUES(172,44,'sct::Torlon',0.8208);
INSERT INTO "SCTMATCOMPONENTS_DATA" VALUES(173,44,'sct::Silica',0.1454);
INSERT INTO "SCTMATCOMPONENTS_DATA" VALUES(175,44,'Aluminium',0.0146);
INSERT INTO "SCTMATCOMPONENTS_DATA" VALUES(176,45,'sct::Torlon',0.76);
INSERT INTO "SCTMATCOMPONENTS_DATA" VALUES(177,45,'sct::Silica',0.196);
INSERT INTO "SCTMATCOMPONENTS_DATA" VALUES(179,45,'Aluminium',0.0265);
INSERT INTO "SCTMATCOMPONENTS_DATA" VALUES(194,49,'Carbon',0.4895);
INSERT INTO "SCTMATCOMPONENTS_DATA" VALUES(195,49,'sct::AlNitride',0.1511);
INSERT INTO "SCTMATCOMPONENTS_DATA" VALUES(196,49,'sct::Elastosil',0.0052);
INSERT INTO "SCTMATCOMPONENTS_DATA" VALUES(197,49,'sct::Epoxy',0.1179);
INSERT INTO "SCTMATCOMPONENTS_DATA" VALUES(198,49,'Aluminium',0.021);
INSERT INTO "SCTMATCOMPONENTS_DATA" VALUES(199,49,'sct::FR4',0.0639);
INSERT INTO "SCTMATCOMPONENTS_DATA" VALUES(200,49,'sct::Glass',0.1514);
INSERT INTO "SCTMATCOMPONENTS_DATA" VALUES(215,52,'Copper',0.2873);
INSERT INTO "SCTMATCOMPONENTS_DATA" VALUES(216,52,'Carbon',0.2376);
INSERT INTO "SCTMATCOMPONENTS_DATA" VALUES(217,52,'Silicon',0.1024);
INSERT INTO "SCTMATCOMPONENTS_DATA" VALUES(218,52,'std::Kapton',0.105);
INSERT INTO "SCTMATCOMPONENTS_DATA" VALUES(219,52,'sct::Epoxy',0.1013);
INSERT INTO "SCTMATCOMPONENTS_DATA" VALUES(220,52,'sct::Al2O3',0.0531);
INSERT INTO "SCTMATCOMPONENTS_DATA" VALUES(221,52,'sct::Plastic',0.0226);
INSERT INTO "SCTMATCOMPONENTS_DATA" VALUES(223,52,'sct::AlNitride',0.0179);
INSERT INTO "SCTMATCOMPONENTS_DATA" VALUES(224,52,'sct::EotiteP102',0.0128);
INSERT INTO "SCTMATCOMPONENTS_DATA" VALUES(225,52,'sct::AIT',0.0046);
INSERT INTO "SCTMATCOMPONENTS_DATA" VALUES(226,53,'sct::Glass',0.0825);
INSERT INTO "SCTMATCOMPONENTS_DATA" VALUES(227,53,'sct::Plastic',0.5408);
INSERT INTO "SCTMATCOMPONENTS_DATA" VALUES(228,53,'sct::Rubber',0.2291);
INSERT INTO "SCTMATCOMPONENTS_DATA" VALUES(229,53,'sct::Ceramic',0.0261);
INSERT INTO "SCTMATCOMPONENTS_DATA" VALUES(230,53,'Aluminium',0.0215);
INSERT INTO "SCTMATCOMPONENTS_DATA" VALUES(231,54,'Silicon',1.0);
INSERT INTO "SCTMATCOMPONENTS_DATA" VALUES(232,54,'Oxygen',2.0);
INSERT INTO "SCTMATCOMPONENTS_DATA" VALUES(233,55,'Tin',0.3642);
INSERT INTO "SCTMATCOMPONENTS_DATA" VALUES(234,55,'Lead',0.6358);
INSERT INTO "SCTMATCOMPONENTS_DATA" VALUES(235,56,'sct::Epoxy',0.2064);
INSERT INTO "SCTMATCOMPONENTS_DATA" VALUES(236,56,'sct::Glass',0.7936);
INSERT INTO "SCTMATCOMPONENTS_DATA" VALUES(237,57,'Aluminium',2.0);
INSERT INTO "SCTMATCOMPONENTS_DATA" VALUES(238,57,'Oxygen',3.0);
INSERT INTO "SCTMATCOMPONENTS_DATA" VALUES(239,58,'sct::Plastic',1.0);
INSERT INTO "SCTMATCOMPONENTS_DATA" VALUES(240,59,'sct::Plastic',1.0);
INSERT INTO "SCTMATCOMPONENTS_DATA" VALUES(241,60,'Carbon',6.0);
INSERT INTO "SCTMATCOMPONENTS_DATA" VALUES(242,60,'Hydrogen',6.0);
INSERT INTO "SCTMATCOMPONENTS_DATA" VALUES(243,60,'Oxygen',1.0);
INSERT INTO "SCTMATCOMPONENTS_DATA" VALUES(244,61,'sct::AIT',1.0);
INSERT INTO "SCTMATCOMPONENTS_DATA" VALUES(245,62,'sct::Epoxy',0.6514);
INSERT INTO "SCTMATCOMPONENTS_DATA" VALUES(246,62,'Silver',0.3486);
INSERT INTO "SCTMATCOMPONENTS_DATA" VALUES(247,63,'Silicon',1.0);
INSERT INTO "SCTMATCOMPONENTS_DATA" VALUES(248,63,'Hydrogen',2.0);
INSERT INTO "SCTMATCOMPONENTS_DATA" VALUES(564,129,'sct::PEI',1.0);
INSERT INTO "SCTMATCOMPONENTS_DATA" VALUES(565,130,'sct::Silicone',1.0);
INSERT INTO "SCTMATCOMPONENTS_DATA" VALUES(566,131,'Aluminium',0.15);
INSERT INTO "SCTMATCOMPONENTS_DATA" VALUES(567,131,'std::Kapton',0.85);
INSERT INTO "SCTMATCOMPONENTS_DATA" VALUES(568,132,'Silica',0.99);
INSERT INTO "SCTMATCOMPONENTS_DATA" VALUES(569,132,'std::Air',0.01);
INSERT INTO "SCTMATCOMPONENTS_DATA" VALUES(570,133,'sct::Rubber',1.0);
INSERT INTO "SCTMATCOMPONENTS_DATA" VALUES(571,134,'Aluminium',0.4334);
INSERT INTO "SCTMATCOMPONENTS_DATA" VALUES(572,134,'std::Kapton',0.0064);
INSERT INTO "SCTMATCOMPONENTS_DATA" VALUES(573,134,'sct::AlKapton',0.0293);
INSERT INTO "SCTMATCOMPONENTS_DATA" VALUES(574,134,'sct::Pyrogel',0.1619);
INSERT INTO "SCTMATCOMPONENTS_DATA" VALUES(575,134,'sct::CFRP',0.261);
INSERT INTO "SCTMATCOMPONENTS_DATA" VALUES(576,134,'sct::Airex',0.015);
INSERT INTO "SCTMATCOMPONENTS_DATA" VALUES(577,134,'sct::Araldite',0.0864);
INSERT INTO "SCTMATCOMPONENTS_DATA" VALUES(578,134,'sct::Epoxy',0.0014);
INSERT INTO "SCTMATCOMPONENTS_DATA" VALUES(579,134,'sct::Techsil',0.001);
INSERT INTO "SCTMATCOMPONENTS_DATA" VALUES(580,134,'Nickel',0.0034);
INSERT INTO "SCTMATCOMPONENTS_DATA" VALUES(581,134,'Silver',0.0008);
INSERT INTO "SCTMATCOMPONENTS_DATA" VALUES(582,135,'Aluminium',0.7898);
INSERT INTO "SCTMATCOMPONENTS_DATA" VALUES(583,135,'Iron',0.002);
INSERT INTO "SCTMATCOMPONENTS_DATA" VALUES(584,135,'sct::CN107',0.0622);
INSERT INTO "SCTMATCOMPONENTS_DATA" VALUES(585,135,'sct::Peek',0.0682);
INSERT INTO "SCTMATCOMPONENTS_DATA" VALUES(586,135,'sct::EPDM',0.0258);
INSERT INTO "SCTMATCOMPONENTS_DATA" VALUES(587,135,'sct::Araldite',0.0109);
INSERT INTO "SCTMATCOMPONENTS_DATA" VALUES(588,135,'sct::Silicone',0.0003);
INSERT INTO "SCTMATCOMPONENTS_DATA" VALUES(589,135,'sct::Techsil',0.0408);
INSERT INTO "SCTMATCOMPONENTS_DATA" VALUES(590,136,'Aluminium',0.4126);
INSERT INTO "SCTMATCOMPONENTS_DATA" VALUES(591,136,'Iron',0.0096);
INSERT INTO "SCTMATCOMPONENTS_DATA" VALUES(592,136,'Copper',0.0085);
INSERT INTO "SCTMATCOMPONENTS_DATA" VALUES(593,136,'std::Kapton',0.007);
INSERT INTO "SCTMATCOMPONENTS_DATA" VALUES(594,136,'sct::AlKapton',0.0126);
INSERT INTO "SCTMATCOMPONENTS_DATA" VALUES(595,136,'sct::CuKapton',0.0114);
INSERT INTO "SCTMATCOMPONENTS_DATA" VALUES(596,136,'sct::Pyrogel',0.0788);
INSERT INTO "SCTMATCOMPONENTS_DATA" VALUES(597,136,'sct::CFRP',0.241);
INSERT INTO "SCTMATCOMPONENTS_DATA" VALUES(598,136,'sct::Airex',0.0066);
INSERT INTO "SCTMATCOMPONENTS_DATA" VALUES(599,136,'sct::Peek',0.0099);
INSERT INTO "SCTMATCOMPONENTS_DATA" VALUES(600,136,'sct::EPDM',0.0142);
INSERT INTO "SCTMATCOMPONENTS_DATA" VALUES(601,136,'sct::Araldite',0.1864);
INSERT INTO "SCTMATCOMPONENTS_DATA" VALUES(602,136,'sct::Epoxy',0.0013);
INSERT INTO "SCTMATCOMPONENTS_DATA" VALUES(603,136,'sct::Solder',0.0001);
INSERT INTO "SCTMATCOMPONENTS_DATA" VALUES(739,145,'sct::CFRP',0.75);
INSERT INTO "SCTMATCOMPONENTS_DATA" VALUES(740,145,'sct::PEI',0.085);
INSERT INTO "SCTMATCOMPONENTS_DATA" VALUES(741,145,'sct::AlKapton',0.008);
INSERT INTO "SCTMATCOMPONENTS_DATA" VALUES(742,145,'sct::Epoxy',0.075);
INSERT INTO "SCTMATCOMPONENTS_DATA" VALUES(743,145,'sct::CuKapton',0.045);
INSERT INTO "SCTMATCOMPONENTS_DATA" VALUES(744,145,'std::Kapton',0.015);
INSERT INTO "SCTMATCOMPONENTS_DATA" VALUES(745,145,'Copper',0.004);
INSERT INTO "SCTMATCOMPONENTS_DATA" VALUES(746,145,'sct::Araldite',0.009);
INSERT INTO "SCTMATCOMPONENTS_DATA" VALUES(747,145,'sct::CuOnAlWire',0.006);
INSERT INTO "SCTMATCOMPONENTS_DATA" VALUES(748,145,'Aluminium',0.002);
INSERT INTO "SCTMATCOMPONENTS_DATA" VALUES(749,145,'sct::Peek',0.001);
INSERT INTO "SCTMATCOMPONENTS_DATA" VALUES(816,137,'Aluminium',0.4985);
INSERT INTO "SCTMATCOMPONENTS_DATA" VALUES(817,137,'Iron',0.0103);
INSERT INTO "SCTMATCOMPONENTS_DATA" VALUES(818,137,'Copper',0.0147);
INSERT INTO "SCTMATCOMPONENTS_DATA" VALUES(819,137,'sct::CN107',0.0011);
INSERT INTO "SCTMATCOMPONENTS_DATA" VALUES(820,137,'std::Kapton',0.1904);
INSERT INTO "SCTMATCOMPONENTS_DATA" VALUES(821,137,'sct::Peek',0.0022);
INSERT INTO "SCTMATCOMPONENTS_DATA" VALUES(822,137,'std::G10',0.2705);
INSERT INTO "SCTMATCOMPONENTS_DATA" VALUES(823,137,'sct::BeCu',0.0034);
INSERT INTO "SCTMATCOMPONENTS_DATA" VALUES(824,137,'sct::Glass',0.0039);
INSERT INTO "SCTMATCOMPONENTS_DATA" VALUES(825,137,'sct::Plastic',0.005);
INSERT INTO "SCTMATCOMPONENTS_DATA" VALUES(2000,2000,'Carbon',0.7);
INSERT INTO "SCTMATCOMPONENTS_DATA" VALUES(2001,2000,'Aluminium',0.2);
INSERT INTO "SCTMATCOMPONENTS_DATA" VALUES(2002,2000,'Hydrogen',0.06);
INSERT INTO "SCTMATCOMPONENTS_DATA" VALUES(2003,2000,'Oxygen',0.03);
INSERT INTO "SCTMATCOMPONENTS_DATA" VALUES(2004,2000,'Copper',0.01);
INSERT INTO "SCTMATCOMPONENTS_DATA" VALUES(2005,2001,'Hydrogen',0.129);
INSERT INTO "SCTMATCOMPONENTS_DATA" VALUES(2006,2001,'Carbon',0.73);
INSERT INTO "SCTMATCOMPONENTS_DATA" VALUES(2007,2001,'Oxygen',0.091);
INSERT INTO "SCTMATCOMPONENTS_DATA" VALUES(2008,2001,'Boron',0.05);
INSERT INTO "SCTMATCOMPONENTS_DATA" VALUES(361,80,'Copper',0.95);
INSERT INTO "SCTMATCOMPONENTS_DATA" VALUES(362,80,'Gold',0.05);
INSERT INTO "SCTMATCOMPONENTS_DATA" VALUES(363,81,'Aluminium',0.0087);
INSERT INTO "SCTMATCOMPONENTS_DATA" VALUES(364,81,'sct::CFRP',0.9913);
INSERT INTO "SCTMATCOMPONENTS_DATA" VALUES(365,82,'Aluminium',0.0086);
INSERT INTO "SCTMATCOMPONENTS_DATA" VALUES(366,82,'sct::CFRP',0.9914);
INSERT INTO "SCTMATCOMPONENTS_DATA" VALUES(367,83,'Aluminium',0.007);
INSERT INTO "SCTMATCOMPONENTS_DATA" VALUES(368,83,'sct::CFRP',0.993);
INSERT INTO "SCTMATCOMPONENTS_DATA" VALUES(369,84,'Aluminium',0.0077);
INSERT INTO "SCTMATCOMPONENTS_DATA" VALUES(370,84,'sct::CFRP',0.9923);
INSERT INTO "SCTMATCOMPONENTS_DATA" VALUES(371,85,'sct::Peek',0.0511);
INSERT INTO "SCTMATCOMPONENTS_DATA" VALUES(372,85,'sct::CFRP',0.9472);
INSERT INTO "SCTMATCOMPONENTS_DATA" VALUES(373,85,'sct::CuAu',0.0017);
INSERT INTO "SCTMATCOMPONENTS_DATA" VALUES(374,86,'sct::Peek',0.0373);
INSERT INTO "SCTMATCOMPONENTS_DATA" VALUES(375,86,'sct::CFRP',0.9616);
INSERT INTO "SCTMATCOMPONENTS_DATA" VALUES(376,86,'sct::CuAu',0.0011);
INSERT INTO "SCTMATCOMPONENTS_DATA" VALUES(377,87,'sct::Peek',0.0311);
INSERT INTO "SCTMATCOMPONENTS_DATA" VALUES(378,87,'sct::CFRP',0.968);
INSERT INTO "SCTMATCOMPONENTS_DATA" VALUES(379,87,'sct::CuAu',0.0009);
INSERT INTO "SCTMATCOMPONENTS_DATA" VALUES(380,88,'sct::Peek',0.0273);
INSERT INTO "SCTMATCOMPONENTS_DATA" VALUES(381,88,'sct::CFRP',0.9719);
INSERT INTO "SCTMATCOMPONENTS_DATA" VALUES(382,88,'sct::CuAu',0.0008);
INSERT INTO "SCTMATCOMPONENTS_DATA" VALUES(383,89,'Aluminium',0.0311);
INSERT INTO "SCTMATCOMPONENTS_DATA" VALUES(384,89,'Copper',0.0347);
INSERT INTO "SCTMATCOMPONENTS_DATA" VALUES(385,89,'sct::Peek',0.6797);
INSERT INTO "SCTMATCOMPONENTS_DATA" VALUES(386,89,'sct::Glass',0.1296);
INSERT INTO "SCTMATCOMPONENTS_DATA" VALUES(387,89,'sct::Plastic',0.0807);
INSERT INTO "SCTMATCOMPONENTS_DATA" VALUES(388,89,'sct::BeCu',0.0442);
INSERT INTO "SCTMATCOMPONENTS_DATA" VALUES(389,90,'Aluminium',0.0297);
INSERT INTO "SCTMATCOMPONENTS_DATA" VALUES(390,90,'Copper',0.0322);
INSERT INTO "SCTMATCOMPONENTS_DATA" VALUES(391,90,'sct::Peek',0.6468);
INSERT INTO "SCTMATCOMPONENTS_DATA" VALUES(392,90,'sct::Glass',0.1537);
INSERT INTO "SCTMATCOMPONENTS_DATA" VALUES(393,90,'sct::Plastic',0.0957);
INSERT INTO "SCTMATCOMPONENTS_DATA" VALUES(394,90,'sct::BeCu',0.0419);
INSERT INTO "SCTMATCOMPONENTS_DATA" VALUES(395,91,'Aluminium',0.0313);
INSERT INTO "SCTMATCOMPONENTS_DATA" VALUES(396,91,'Copper',0.0295);
INSERT INTO "SCTMATCOMPONENTS_DATA" VALUES(397,91,'sct::Peek',0.6211);
INSERT INTO "SCTMATCOMPONENTS_DATA" VALUES(398,91,'sct::Glass',0.172);
INSERT INTO "SCTMATCOMPONENTS_DATA" VALUES(399,91,'sct::Plastic',0.1071);
INSERT INTO "SCTMATCOMPONENTS_DATA" VALUES(400,91,'sct::BeCu',0.039);
INSERT INTO "SCTMATCOMPONENTS_DATA" VALUES(401,92,'Aluminium',0.028);
INSERT INTO "SCTMATCOMPONENTS_DATA" VALUES(402,92,'Copper',0.0285);
INSERT INTO "SCTMATCOMPONENTS_DATA" VALUES(403,92,'sct::Peek',0.5872);
INSERT INTO "SCTMATCOMPONENTS_DATA" VALUES(404,92,'sct::Glass',0.1961);
INSERT INTO "SCTMATCOMPONENTS_DATA" VALUES(405,92,'sct::Plastic',0.1221);
INSERT INTO "SCTMATCOMPONENTS_DATA" VALUES(406,92,'sct::BeCu',0.0381);
INSERT INTO "SCTMATCOMPONENTS_DATA" VALUES(670,123,'sct::CuKaptonEC',0.079);
INSERT INTO "SCTMATCOMPONENTS_DATA" VALUES(671,140,'sct::CuKaptonEC',0.117);
INSERT INTO "SCTMATCOMPONENTS_DATA" VALUES(672,141,'sct::CuKaptonEC',0.552);
INSERT INTO "SCTMATCOMPONENTS_DATA" VALUES(673,142,'sct::CuKaptonEC',0.072);
INSERT INTO "SCTMATCOMPONENTS_DATA" VALUES(674,144,'sct::CuKaptonEC',0.093);
INSERT INTO "SCTMATCOMPONENTS_DATA" VALUES(675,145,'sct::CuKaptonEC',0.037);
INSERT INTO "SCTMATCOMPONENTS_DATA" VALUES(676,71,'Copper',0.27);
INSERT INTO "SCTMATCOMPONENTS_DATA" VALUES(677,71,'Aluminium',0.73);
INSERT INTO "SCTMATCOMPONENTS_DATA" VALUES(678,74,'Carbon',2.0);
INSERT INTO "SCTMATCOMPONENTS_DATA" VALUES(679,74,'Hydrogen',6.0);
INSERT INTO "SCTMATCOMPONENTS_DATA" VALUES(680,74,'Oxygen',1.0);
INSERT INTO "SCTMATCOMPONENTS_DATA" VALUES(681,74,'Silicon',1.0);
INSERT INTO "SCTMATCOMPONENTS_DATA" VALUES(682,133,'Carbon',3.0);
INSERT INTO "SCTMATCOMPONENTS_DATA" VALUES(683,133,'Hydrogen',10.0);
INSERT INTO "SCTMATCOMPONENTS_DATA" VALUES(729,156,'sct::PEI',0.222);
INSERT INTO "SCTMATCOMPONENTS_DATA" VALUES(730,156,'std::Kapton',0.106);
INSERT INTO "SCTMATCOMPONENTS_DATA" VALUES(731,156,'Aluminium',0.003);
INSERT INTO "SCTMATCOMPONENTS_DATA" VALUES(732,156,'Copper',0.114);
INSERT INTO "SCTMATCOMPONENTS_DATA" VALUES(733,156,'sct::CFRP',0.191);
INSERT INTO "SCTMATCOMPONENTS_DATA" VALUES(734,156,'sct::Plastic',0.016);
INSERT INTO "SCTMATCOMPONENTS_DATA" VALUES(735,156,'sct::Araldite',0.218);
INSERT INTO "SCTMATCOMPONENTS_DATA" VALUES(736,156,'sct::CuOnAlWire',0.13);
INSERT INTO "SCTMATCOMPONENTS_DATA" VALUES(751,159,'Copper',0.054);
INSERT INTO "SCTMATCOMPONENTS_DATA" VALUES(752,159,'sct::CN107',0.7994);
INSERT INTO "SCTMATCOMPONENTS_DATA" VALUES(753,159,'std::C3F8',0.1466);
INSERT INTO "SCTMATCOMPONENTS_DATA" VALUES(754,160,'Aluminium',0.2755);
INSERT INTO "SCTMATCOMPONENTS_DATA" VALUES(755,160,'Fluorine',0.0016);
INSERT INTO "SCTMATCOMPONENTS_DATA" VALUES(756,160,'Copper',0.3159);
INSERT INTO "SCTMATCOMPONENTS_DATA" VALUES(757,160,'sct::CN107',0.2966);
INSERT INTO "SCTMATCOMPONENTS_DATA" VALUES(758,160,'sct::Airex',0.0182);
INSERT INTO "SCTMATCOMPONENTS_DATA" VALUES(759,160,'sct::Peek',0.0032);
INSERT INTO "SCTMATCOMPONENTS_DATA" VALUES(760,160,'std::C3F8',0.089);
INSERT INTO "SCTMATCOMPONENTS_DATA" VALUES(761,161,'Aluminium',0.2737);
INSERT INTO "SCTMATCOMPONENTS_DATA" VALUES(762,161,'Fluorine',0.4783);
INSERT INTO "SCTMATCOMPONENTS_DATA" VALUES(763,161,'Copper',0.0831);
INSERT INTO "SCTMATCOMPONENTS_DATA" VALUES(764,161,'sct::CN107',0.0654);
INSERT INTO "SCTMATCOMPONENTS_DATA" VALUES(765,161,'sct::Airex',0.0181);
INSERT INTO "SCTMATCOMPONENTS_DATA" VALUES(766,161,'sct::Peek',0.001);
INSERT INTO "SCTMATCOMPONENTS_DATA" VALUES(767,161,'std::C3F8',0.0804);
INSERT INTO "SCTMATCOMPONENTS_DATA" VALUES(768,162,'Carbon',22.0);
INSERT INTO "SCTMATCOMPONENTS_DATA" VALUES(769,162,'Hydrogen',10.0);
INSERT INTO "SCTMATCOMPONENTS_DATA" VALUES(770,162,'Oxygen',5.0);
INSERT INTO "SCTMATCOMPONENTS_DATA" VALUES(771,162,'Nitrogen',2.0);
INSERT INTO "SCTMATCOMPONENTS_DATA" VALUES(772,163,'Aluminium',0.776);
INSERT INTO "SCTMATCOMPONENTS_DATA" VALUES(773,163,'Iron',0.0154);
INSERT INTO "SCTMATCOMPONENTS_DATA" VALUES(774,163,'Copper',0.0826);
INSERT INTO "SCTMATCOMPONENTS_DATA" VALUES(775,163,'sct::Peek',0.0069);
INSERT INTO "SCTMATCOMPONENTS_DATA" VALUES(776,163,'sct::FR4',0.0962);
INSERT INTO "SCTMATCOMPONENTS_DATA" VALUES(777,163,'sct::Polyimide',0.0213);
INSERT INTO "SCTMATCOMPONENTS_DATA" VALUES(778,163,'sct::Al2O3',0.0016);
INSERT INTO "SCTMATCOMPONENTS_DATA" VALUES(779,164,'Aluminium',0.3856);
INSERT INTO "SCTMATCOMPONENTS_DATA" VALUES(780,164,'Iron',0.0548);
INSERT INTO "SCTMATCOMPONENTS_DATA" VALUES(781,164,'Copper',0.2619);
INSERT INTO "SCTMATCOMPONENTS_DATA" VALUES(782,164,'sct::Peek',0.0019);
INSERT INTO "SCTMATCOMPONENTS_DATA" VALUES(783,164,'sct::FR4',0.2128);
INSERT INTO "SCTMATCOMPONENTS_DATA" VALUES(784,164,'sct::Polyimide',0.083);
INSERT INTO "SCTMATCOMPONENTS_DATA" VALUES(785,165,'Aluminium',0.4381);
INSERT INTO "SCTMATCOMPONENTS_DATA" VALUES(786,165,'Iron',0.0425);
INSERT INTO "SCTMATCOMPONENTS_DATA" VALUES(787,165,'Copper',0.2352);
INSERT INTO "SCTMATCOMPONENTS_DATA" VALUES(788,165,'sct::FR4',0.1912);
INSERT INTO "SCTMATCOMPONENTS_DATA" VALUES(789,165,'sct::Polyimide',0.0746);
INSERT INTO "SCTMATCOMPONENTS_DATA" VALUES(790,165,'sct::Plastic',0.0056);
INSERT INTO "SCTMATCOMPONENTS_DATA" VALUES(791,165,'sct::BeCu',0.0103);
INSERT INTO "SCTMATCOMPONENTS_DATA" VALUES(792,165,'sct::Ceramic',0.0025);
INSERT INTO "SCTMATCOMPONENTS_DATA" VALUES(793,166,'Aluminium',0.6489);
INSERT INTO "SCTMATCOMPONENTS_DATA" VALUES(794,166,'Iron',0.0145);
INSERT INTO "SCTMATCOMPONENTS_DATA" VALUES(795,166,'Copper',0.2967);
INSERT INTO "SCTMATCOMPONENTS_DATA" VALUES(796,166,'sct::FR4',0.0399);
INSERT INTO "SCTMATCOMPONENTS_DATA" VALUES(797,167,'Aluminium',0.5534);
INSERT INTO "SCTMATCOMPONENTS_DATA" VALUES(798,167,'Copper',0.3901);
INSERT INTO "SCTMATCOMPONENTS_DATA" VALUES(799,167,'sct::Araldite',0.0109);
INSERT INTO "SCTMATCOMPONENTS_DATA" VALUES(800,167,'sct::Polyimide',0.0456);
INSERT INTO "SCTMATCOMPONENTS_DATA" VALUES(801,168,'Aluminium',0.3385);
INSERT INTO "SCTMATCOMPONENTS_DATA" VALUES(802,168,'Copper',0.4877);
INSERT INTO "SCTMATCOMPONENTS_DATA" VALUES(803,168,'sct::Araldite',0.0061);
INSERT INTO "SCTMATCOMPONENTS_DATA" VALUES(804,168,'sct::Polyimide',0.1677);
INSERT INTO "SCTMATCOMPONENTS_DATA" VALUES(805,169,'Aluminium',0.4169);
INSERT INTO "SCTMATCOMPONENTS_DATA" VALUES(806,169,'Copper',0.4079);
INSERT INTO "SCTMATCOMPONENTS_DATA" VALUES(807,169,'sct::Araldite',0.0049);
INSERT INTO "SCTMATCOMPONENTS_DATA" VALUES(808,169,'sct::Polyimide',0.1363);
INSERT INTO "SCTMATCOMPONENTS_DATA" VALUES(809,169,'sct::Glass',0.0143);
INSERT INTO "SCTMATCOMPONENTS_DATA" VALUES(810,169,'sct::Plastic',0.0197);
INSERT INTO "SCTMATCOMPONENTS_DATA" VALUES(811,170,'Aluminium',0.6634);
INSERT INTO "SCTMATCOMPONENTS_DATA" VALUES(812,170,'Copper',0.2682);
INSERT INTO "SCTMATCOMPONENTS_DATA" VALUES(813,170,'sct::CN107',0.0421);
INSERT INTO "SCTMATCOMPONENTS_DATA" VALUES(814,170,'sct::Araldite',0.0112);
INSERT INTO "SCTMATCOMPONENTS_DATA" VALUES(815,170,'sct::Polyimide',0.0151);
INSERT INTO "SCTMATCOMPONENTS_DATA" VALUES(911,136,'Aluminium',0.4165);
INSERT INTO "SCTMATCOMPONENTS_DATA" VALUES(912,136,'Iron',0.0095);
INSERT INTO "SCTMATCOMPONENTS_DATA" VALUES(913,136,'Copper',0.0084);
INSERT INTO "SCTMATCOMPONENTS_DATA" VALUES(914,136,'std::Kapton',0.007);
INSERT INTO "SCTMATCOMPONENTS_DATA" VALUES(915,136,'sct::AlKapton',0.0125);
INSERT INTO "SCTMATCOMPONENTS_DATA" VALUES(916,136,'sct::CuKapton',0.0113);
INSERT INTO "SCTMATCOMPONENTS_DATA" VALUES(917,136,'sct::Pyrogel',0.0783);
INSERT INTO "SCTMATCOMPONENTS_DATA" VALUES(918,136,'sct::CFRP',0.2394);
INSERT INTO "SCTMATCOMPONENTS_DATA" VALUES(919,136,'sct::Airex',0.0066);
INSERT INTO "SCTMATCOMPONENTS_DATA" VALUES(920,136,'sct::Peek',0.0098);
INSERT INTO "SCTMATCOMPONENTS_DATA" VALUES(921,136,'sct::EPDM',0.0141);
INSERT INTO "SCTMATCOMPONENTS_DATA" VALUES(922,136,'sct::Araldite',0.1852);
INSERT INTO "SCTMATCOMPONENTS_DATA" VALUES(923,136,'sct::Epoxy',0.0013);
INSERT INTO "SCTMATCOMPONENTS_DATA" VALUES(924,136,'sct::Solder',0.0001);
INSERT INTO "SCTMATCOMPONENTS_DATA" VALUES(117,36,'sct::CN107',0.7245);
INSERT INTO "SCTMATCOMPONENTS_DATA" VALUES(118,36,'sct::Solder',0.1189);
INSERT INTO "SCTMATCOMPONENTS_DATA" VALUES(119,36,'std::C3F8',0.1566);
INSERT INTO "SCTMATCOMPONENTS_DATA" VALUES(120,37,'sct::CN107',0.7761);
INSERT INTO "SCTMATCOMPONENTS_DATA" VALUES(121,37,'sct::Solder',0.048);
INSERT INTO "SCTMATCOMPONENTS_DATA" VALUES(122,37,'std::C3F8',0.1759);
INSERT INTO "SCTMATCOMPONENTS_DATA" VALUES(123,38,'Carbon',0.7909);
INSERT INTO "SCTMATCOMPONENTS_DATA" VALUES(124,38,'sct::Peek',0.0351);
INSERT INTO "SCTMATCOMPONENTS_DATA" VALUES(125,38,'Copper',0.0175);
INSERT INTO "SCTMATCOMPONENTS_DATA" VALUES(126,38,'Aluminium',0.1059);
INSERT INTO "SCTMATCOMPONENTS_DATA" VALUES(127,38,'Gold',0.0125);
INSERT INTO "SCTMATCOMPONENTS_DATA" VALUES(128,38,'Lead',0.0108);
INSERT INTO "SCTMATCOMPONENTS_DATA" VALUES(129,38,'Tin',0.0162);
INSERT INTO "SCTMATCOMPONENTS_DATA" VALUES(130,38,'sct::BeCu',0.0093);
INSERT INTO "SCTMATCOMPONENTS_DATA" VALUES(131,38,'sct::Grease',0.0018);
INSERT INTO "SCTMATCOMPONENTS_DATA" VALUES(132,39,'Carbon',0.7267);
INSERT INTO "SCTMATCOMPONENTS_DATA" VALUES(133,39,'sct::Peek',0.0288);
INSERT INTO "SCTMATCOMPONENTS_DATA" VALUES(134,39,'Copper',0.0229);
INSERT INTO "SCTMATCOMPONENTS_DATA" VALUES(135,39,'Aluminium',0.1425);
INSERT INTO "SCTMATCOMPONENTS_DATA" VALUES(136,39,'Gold',0.0165);
INSERT INTO "SCTMATCOMPONENTS_DATA" VALUES(137,39,'Lead',0.0178);
INSERT INTO "SCTMATCOMPONENTS_DATA" VALUES(138,39,'Tin',0.0266);
INSERT INTO "SCTMATCOMPONENTS_DATA" VALUES(139,39,'sct::BeCu',0.0153);
INSERT INTO "SCTMATCOMPONENTS_DATA" VALUES(140,39,'sct::Grease',0.0029);
INSERT INTO "SCTMATCOMPONENTS_DATA" VALUES(141,40,'Carbon',0.7194);
INSERT INTO "SCTMATCOMPONENTS_DATA" VALUES(142,40,'sct::Peek',0.069);
INSERT INTO "SCTMATCOMPONENTS_DATA" VALUES(143,40,'Copper',0.0232);
INSERT INTO "SCTMATCOMPONENTS_DATA" VALUES(144,40,'Aluminium',0.1107);
INSERT INTO "SCTMATCOMPONENTS_DATA" VALUES(145,40,'Gold',0.0166);
INSERT INTO "SCTMATCOMPONENTS_DATA" VALUES(146,40,'Lead',0.0204);
INSERT INTO "SCTMATCOMPONENTS_DATA" VALUES(147,40,'Tin',0.0306);
INSERT INTO "SCTMATCOMPONENTS_DATA" VALUES(148,40,'sct::BeCu',0.0078);
INSERT INTO "SCTMATCOMPONENTS_DATA" VALUES(149,40,'sct::Grease',0.0023);
INSERT INTO "SCTMATCOMPONENTS_DATA" VALUES(150,41,'Carbon',0.6606);
INSERT INTO "SCTMATCOMPONENTS_DATA" VALUES(151,41,'sct::Peek',0.0494);
INSERT INTO "SCTMATCOMPONENTS_DATA" VALUES(152,41,'Copper',0.0283);
INSERT INTO "SCTMATCOMPONENTS_DATA" VALUES(153,41,'Aluminium',0.1446);
INSERT INTO "SCTMATCOMPONENTS_DATA" VALUES(154,41,'Gold',0.0203);
INSERT INTO "SCTMATCOMPONENTS_DATA" VALUES(155,41,'Lead',0.0323);
INSERT INTO "SCTMATCOMPONENTS_DATA" VALUES(156,41,'Tin',0.0485);
INSERT INTO "SCTMATCOMPONENTS_DATA" VALUES(157,41,'sct::BeCu',0.0124);
INSERT INTO "SCTMATCOMPONENTS_DATA" VALUES(158,41,'sct::Grease',0.0036);
INSERT INTO "SCTMATCOMPONENTS_DATA" VALUES(180,46,'Aluminium',0.5957);
INSERT INTO "SCTMATCOMPONENTS_DATA" VALUES(181,46,'sct::Peek',0.0618);
INSERT INTO "SCTMATCOMPONENTS_DATA" VALUES(182,46,'sct::Plastic',0.05);
INSERT INTO "SCTMATCOMPONENTS_DATA" VALUES(183,46,'Copper',0.0297);
INSERT INTO "SCTMATCOMPONENTS_DATA" VALUES(184,46,'sct::FR4',0.1728);
INSERT INTO "SCTMATCOMPONENTS_DATA" VALUES(185,46,'sct::CuOnAlWire',0.0313);
INSERT INTO "SCTMATCOMPONENTS_DATA" VALUES(186,46,'std::Kapton',0.0587);
INSERT INTO "SCTMATCOMPONENTS_DATA" VALUES(187,47,'Aluminium',0.1778);
INSERT INTO "SCTMATCOMPONENTS_DATA" VALUES(188,47,'sct::Plastic',0.6784);
INSERT INTO "SCTMATCOMPONENTS_DATA" VALUES(189,47,'sct::BeCu',0.1438);
INSERT INTO "SCTMATCOMPONENTS_DATA" VALUES(190,48,'Aluminium',0.4371);
INSERT INTO "SCTMATCOMPONENTS_DATA" VALUES(191,48,'sct::CN107',0.3171);
INSERT INTO "SCTMATCOMPONENTS_DATA" VALUES(192,48,'sct::Solder',0.0415);
INSERT INTO "SCTMATCOMPONENTS_DATA" VALUES(193,48,'sct::PCB',0.2043);
INSERT INTO "SCTMATCOMPONENTS_DATA" VALUES(492,112,'Aluminium',0.0127);
INSERT INTO "SCTMATCOMPONENTS_DATA" VALUES(493,112,'Copper',0.2054);
INSERT INTO "SCTMATCOMPONENTS_DATA" VALUES(494,112,'sct::Solder',0.0113);
INSERT INTO "SCTMATCOMPONENTS_DATA" VALUES(495,112,'std::Kapton',0.0186);
INSERT INTO "SCTMATCOMPONENTS_DATA" VALUES(496,112,'sct::Peek',0.4896);
INSERT INTO "SCTMATCOMPONENTS_DATA" VALUES(497,112,'sct::FR4',0.2624);
INSERT INTO "SCTMATCOMPONENTS_DATA" VALUES(498,113,'Aluminium',0.3326);
INSERT INTO "SCTMATCOMPONENTS_DATA" VALUES(499,113,'std::Kapton',0.4874);
INSERT INTO "SCTMATCOMPONENTS_DATA" VALUES(500,113,'sct::Glass',0.1109);
INSERT INTO "SCTMATCOMPONENTS_DATA" VALUES(501,113,'sct::Plastic',0.0691);
INSERT INTO "SCTMATCOMPONENTS_DATA" VALUES(692,150,'sct::CFRP',0.953);
INSERT INTO "SCTMATCOMPONENTS_DATA" VALUES(693,150,'std::Kapton',0.025);
INSERT INTO "SCTMATCOMPONENTS_DATA" VALUES(694,150,'Copper',0.007);
INSERT INTO "SCTMATCOMPONENTS_DATA" VALUES(695,150,'sct::Araldite',0.015);
INSERT INTO "SCTMATCOMPONENTS_DATA" VALUES(696,151,'sct::CFRP',0.971);
INSERT INTO "SCTMATCOMPONENTS_DATA" VALUES(697,151,'std::Kapton',0.015);
INSERT INTO "SCTMATCOMPONENTS_DATA" VALUES(698,151,'Copper',0.005);
INSERT INTO "SCTMATCOMPONENTS_DATA" VALUES(699,151,'sct::Araldite',0.009);
INSERT INTO "SCTMATCOMPONENTS_DATA" VALUES(700,152,'Aluminium',0.472);
INSERT INTO "SCTMATCOMPONENTS_DATA" VALUES(701,152,'Iron',0.528);
INSERT INTO "SCTMATCOMPONENTS_DATA" VALUES(702,153,'Aluminium',0.423);
INSERT INTO "SCTMATCOMPONENTS_DATA" VALUES(703,153,'Iron',0.017);
INSERT INTO "SCTMATCOMPONENTS_DATA" VALUES(704,153,'sct::Torlon',0.006);
INSERT INTO "SCTMATCOMPONENTS_DATA" VALUES(705,153,'sct::PEI',0.2);
INSERT INTO "SCTMATCOMPONENTS_DATA" VALUES(706,153,'Carbon',0.005);
INSERT INTO "SCTMATCOMPONENTS_DATA" VALUES(707,153,'std::Kapton',0.04);
INSERT INTO "SCTMATCOMPONENTS_DATA" VALUES(708,153,'Copper',0.133);
INSERT INTO "SCTMATCOMPONENTS_DATA" VALUES(709,153,'sct::Epoxy',0.018);
INSERT INTO "SCTMATCOMPONENTS_DATA" VALUES(710,153,'sct::Silicone',0.011);
INSERT INTO "SCTMATCOMPONENTS_DATA" VALUES(711,153,'sct::CuKaptonEC',0.001);
INSERT INTO "SCTMATCOMPONENTS_DATA" VALUES(712,153,'sct::CN107',0.139);
INSERT INTO "SCTMATCOMPONENTS_DATA" VALUES(713,153,'sct::Solder',0.002);
INSERT INTO "SCTMATCOMPONENTS_DATA" VALUES(714,153,'std::Polyethylene',0.005);
INSERT INTO "SCTMATCOMPONENTS_DATA" VALUES(715,154,'Aluminium',0.315);
INSERT INTO "SCTMATCOMPONENTS_DATA" VALUES(716,154,'Copper',0.312);
INSERT INTO "SCTMATCOMPONENTS_DATA" VALUES(717,154,'sct::CN107',0.013);
INSERT INTO "SCTMATCOMPONENTS_DATA" VALUES(718,154,'Iron',0.269);
INSERT INTO "SCTMATCOMPONENTS_DATA" VALUES(719,154,'std::Kapton',0.058);
INSERT INTO "SCTMATCOMPONENTS_DATA" VALUES(720,154,'sct::Epoxy',0.026);
INSERT INTO "SCTMATCOMPONENTS_DATA" VALUES(721,154,'std::Polyethylene',0.007);
INSERT INTO "SCTMATCOMPONENTS_DATA" VALUES(270,51,'sct::AlNitride',0.2196);
INSERT INTO "SCTMATCOMPONENTS_DATA" VALUES(271,51,'sct::Elastosil',0.0078);
INSERT INTO "SCTMATCOMPONENTS_DATA" VALUES(272,51,'sct::Epoxy',0.0969);
INSERT INTO "SCTMATCOMPONENTS_DATA" VALUES(273,51,'Aluminium',0.0296);
INSERT INTO "SCTMATCOMPONENTS_DATA" VALUES(274,51,'sct::FR4',0.0898);
INSERT INTO "SCTMATCOMPONENTS_DATA" VALUES(275,51,'sct::Glass',0.2127);
INSERT INTO "SCTMATCOMPONENTS_DATA" VALUES(276,35,'sct::CN107',0.5);
INSERT INTO "SCTMATCOMPONENTS_DATA" VALUES(277,35,'sct::Solder',0.06);
INSERT INTO "SCTMATCOMPONENTS_DATA" VALUES(278,35,'std::C3F8',0.44);
INSERT INTO "SCTMATCOMPONENTS_DATA" VALUES(279,36,'sct::CN107',0.49);
INSERT INTO "SCTMATCOMPONENTS_DATA" VALUES(280,36,'sct::Solder',0.08);
INSERT INTO "SCTMATCOMPONENTS_DATA" VALUES(281,36,'std::C3F8',0.43);
INSERT INTO "SCTMATCOMPONENTS_DATA" VALUES(282,37,'sct::CN107',0.51);
INSERT INTO "SCTMATCOMPONENTS_DATA" VALUES(283,37,'sct::Solder',0.03);
INSERT INTO "SCTMATCOMPONENTS_DATA" VALUES(284,37,'std::C3F8',0.46);
INSERT INTO "SCTMATCOMPONENTS_DATA" VALUES(285,18,'Carbon',0.883);
INSERT INTO "SCTMATCOMPONENTS_DATA" VALUES(286,18,'std::Kapton',0.013);
INSERT INTO "SCTMATCOMPONENTS_DATA" VALUES(287,18,'sct::Epoxy',0.004);
INSERT INTO "SCTMATCOMPONENTS_DATA" VALUES(288,18,'Aluminium',0.02);
INSERT INTO "SCTMATCOMPONENTS_DATA" VALUES(289,18,'Nickel',0.016);
INSERT INTO "SCTMATCOMPONENTS_DATA" VALUES(290,18,'Gold',0.006);
INSERT INTO "SCTMATCOMPONENTS_DATA" VALUES(291,18,'Copper',0.008);
INSERT INTO "SCTMATCOMPONENTS_DATA" VALUES(292,18,'sct::Peek',0.05);
INSERT INTO "SCTMATCOMPONENTS_DATA" VALUES(293,34,'sct::Plastic',0.19);
INSERT INTO "SCTMATCOMPONENTS_DATA" VALUES(294,34,'Copper',0.46);
INSERT INTO "SCTMATCOMPONENTS_DATA" VALUES(295,34,'sct::FR4',0.21);
INSERT INTO "SCTMATCOMPONENTS_DATA" VALUES(296,34,'sct::CuOnAlWire',0.03);
INSERT INTO "SCTMATCOMPONENTS_DATA" VALUES(297,34,'std::Kapton',0.11);
INSERT INTO "SCTMATCOMPONENTS_DATA" VALUES(269,51,'Carbon',0.3436);
INSERT INTO "SCTMATCOMPONENTS_DATA" VALUES(722,155,'Aluminium',0.315);
INSERT INTO "SCTMATCOMPONENTS_DATA" VALUES(723,155,'Copper',0.312);
INSERT INTO "SCTMATCOMPONENTS_DATA" VALUES(724,155,'sct::CN107',0.013);
INSERT INTO "SCTMATCOMPONENTS_DATA" VALUES(725,155,'Iron',0.269);
INSERT INTO "SCTMATCOMPONENTS_DATA" VALUES(726,155,'std::Kapton',0.058);
INSERT INTO "SCTMATCOMPONENTS_DATA" VALUES(727,155,'sct::Epoxy',0.026);
INSERT INTO "SCTMATCOMPONENTS_DATA" VALUES(728,155,'std::Polyethylene',0.007);
INSERT INTO "SCTMATCOMPONENTS_DATA" VALUES(298,62,'sct::Epoxy',0.29);
INSERT INTO "SCTMATCOMPONENTS_DATA" VALUES(299,62,'Silver',0.71);
INSERT INTO "SCTMATCOMPONENTS_DATA" VALUES(300,59,'Carbon',18.0);
INSERT INTO "SCTMATCOMPONENTS_DATA" VALUES(301,59,'Hydrogen',20.0);
INSERT INTO "SCTMATCOMPONENTS_DATA" VALUES(302,59,'Oxygen',3.0);
INSERT INTO "SCTMATCOMPONENTS_DATA" VALUES(303,64,'Carbon',19.0);
INSERT INTO "SCTMATCOMPONENTS_DATA" VALUES(304,64,'Hydrogen',12.0);
INSERT INTO "SCTMATCOMPONENTS_DATA" VALUES(305,64,'Oxygen',3.0);
INSERT INTO "SCTMATCOMPONENTS_DATA" VALUES(306,58,'sct::Epoxy',1.0);
INSERT INTO "SCTMATCOMPONENTS_DATA" VALUES(307,60,'sct::Peek',1.0);
INSERT INTO "SCTMATCOMPONENTS_DATA" VALUES(308,23,'Carbon',5.0);
INSERT INTO "SCTMATCOMPONENTS_DATA" VALUES(309,23,'Hydrogen',8.0);
INSERT INTO "SCTMATCOMPONENTS_DATA" VALUES(310,55,'Tin',0.63);
INSERT INTO "SCTMATCOMPONENTS_DATA" VALUES(311,55,'Lead',0.37);
INSERT INTO "SCTMATCOMPONENTS_DATA" VALUES(312,65,'Beryllium',0.01);
INSERT INTO "SCTMATCOMPONENTS_DATA" VALUES(313,65,'Copper',0.99);
INSERT INTO "SCTMATCOMPONENTS_DATA" VALUES(314,2,'sct::Epoxy',0.3);
INSERT INTO "SCTMATCOMPONENTS_DATA" VALUES(315,2,'Carbon',0.7);
INSERT INTO "SCTMATCOMPONENTS_DATA" VALUES(316,30,'sct::Silica',0.81);
INSERT INTO "SCTMATCOMPONENTS_DATA" VALUES(317,30,'sct::B2O3',0.13);
INSERT INTO "SCTMATCOMPONENTS_DATA" VALUES(318,30,'sct::Na2O',0.04);
INSERT INTO "SCTMATCOMPONENTS_DATA" VALUES(319,30,'sct::Al2O3',0.02);
INSERT INTO "SCTMATCOMPONENTS_DATA" VALUES(320,72,'Boron',2.0);
INSERT INTO "SCTMATCOMPONENTS_DATA" VALUES(321,72,'Oxygen',3.0);
INSERT INTO "SCTMATCOMPONENTS_DATA" VALUES(322,73,'Sodium',2.0);
INSERT INTO "SCTMATCOMPONENTS_DATA" VALUES(323,73,'Oxygen',1.0);
INSERT INTO "SCTMATCOMPONENTS_DATA" VALUES(324,56,'sct::Epoxy',0.23);
INSERT INTO "SCTMATCOMPONENTS_DATA" VALUES(325,56,'sct::Glass',0.77);
INSERT INTO "SCTMATCOMPONENTS_DATA" VALUES(326,66,'sct::FR4',1.0);
INSERT INTO "SCTMATCOMPONENTS_DATA" VALUES(334,76,'Aluminium',0.1528);
INSERT INTO "SCTMATCOMPONENTS_DATA" VALUES(335,76,'Iron',0.057);
INSERT INTO "SCTMATCOMPONENTS_DATA" VALUES(336,76,'sct::Peek',0.5327);
INSERT INTO "SCTMATCOMPONENTS_DATA" VALUES(337,76,'sct::CFRP',0.2575);
INSERT INTO "SCTMATCOMPONENTS_DATA" VALUES(407,93,'Aluminium',0.0087);
INSERT INTO "SCTMATCOMPONENTS_DATA" VALUES(408,93,'sct::CFRP',0.9913);
INSERT INTO "SCTMATCOMPONENTS_DATA" VALUES(409,94,'Aluminium',0.0086);
INSERT INTO "SCTMATCOMPONENTS_DATA" VALUES(410,94,'sct::CFRP',0.9914);
INSERT INTO "SCTMATCOMPONENTS_DATA" VALUES(411,95,'Aluminium',0.007);
INSERT INTO "SCTMATCOMPONENTS_DATA" VALUES(412,95,'sct::CFRP',0.993);
INSERT INTO "SCTMATCOMPONENTS_DATA" VALUES(413,96,'Aluminium',0.0077);
INSERT INTO "SCTMATCOMPONENTS_DATA" VALUES(414,96,'sct::CFRP',0.9923);
INSERT INTO "SCTMATCOMPONENTS_DATA" VALUES(415,97,'sct::Peek',0.0511);
INSERT INTO "SCTMATCOMPONENTS_DATA" VALUES(416,97,'sct::CFRP',0.9472);
INSERT INTO "SCTMATCOMPONENTS_DATA" VALUES(417,97,'sct::CuAu',0.0017);
INSERT INTO "SCTMATCOMPONENTS_DATA" VALUES(418,98,'sct::Peek',0.0373);
INSERT INTO "SCTMATCOMPONENTS_DATA" VALUES(419,98,'sct::CFRP',0.9616);
INSERT INTO "SCTMATCOMPONENTS_DATA" VALUES(420,98,'sct::CuAu',0.0011);
INSERT INTO "SCTMATCOMPONENTS_DATA" VALUES(421,99,'sct::Peek',0.0311);
INSERT INTO "SCTMATCOMPONENTS_DATA" VALUES(422,99,'sct::CFRP',0.968);
INSERT INTO "SCTMATCOMPONENTS_DATA" VALUES(423,99,'sct::CuAu',0.0009);
INSERT INTO "SCTMATCOMPONENTS_DATA" VALUES(424,100,'sct::Peek',0.0273);
INSERT INTO "SCTMATCOMPONENTS_DATA" VALUES(425,100,'sct::CFRP',0.9719);
INSERT INTO "SCTMATCOMPONENTS_DATA" VALUES(426,100,'sct::CuAu',0.0008);
INSERT INTO "SCTMATCOMPONENTS_DATA" VALUES(427,101,'Aluminium',0.0311);
INSERT INTO "SCTMATCOMPONENTS_DATA" VALUES(428,101,'Copper',0.0347);
INSERT INTO "SCTMATCOMPONENTS_DATA" VALUES(429,101,'sct::Peek',0.6797);
INSERT INTO "SCTMATCOMPONENTS_DATA" VALUES(430,101,'sct::Glass',0.1296);
INSERT INTO "SCTMATCOMPONENTS_DATA" VALUES(431,101,'sct::Plastic',0.0807);
INSERT INTO "SCTMATCOMPONENTS_DATA" VALUES(432,101,'sct::BeCu',0.0442);
INSERT INTO "SCTMATCOMPONENTS_DATA" VALUES(433,102,'Aluminium',0.0297);
INSERT INTO "SCTMATCOMPONENTS_DATA" VALUES(434,102,'Copper',0.0322);
INSERT INTO "SCTMATCOMPONENTS_DATA" VALUES(435,102,'sct::Peek',0.6468);
INSERT INTO "SCTMATCOMPONENTS_DATA" VALUES(436,102,'sct::Glass',0.1537);
INSERT INTO "SCTMATCOMPONENTS_DATA" VALUES(437,102,'sct::Plastic',0.0957);
INSERT INTO "SCTMATCOMPONENTS_DATA" VALUES(438,102,'sct::BeCu',0.0419);
INSERT INTO "SCTMATCOMPONENTS_DATA" VALUES(439,103,'Aluminium',0.0313);
INSERT INTO "SCTMATCOMPONENTS_DATA" VALUES(440,103,'Copper',0.0295);
INSERT INTO "SCTMATCOMPONENTS_DATA" VALUES(441,103,'sct::Peek',0.6211);
INSERT INTO "SCTMATCOMPONENTS_DATA" VALUES(442,103,'sct::Glass',0.172);
INSERT INTO "SCTMATCOMPONENTS_DATA" VALUES(443,103,'sct::Plastic',0.1071);
INSERT INTO "SCTMATCOMPONENTS_DATA" VALUES(444,103,'sct::BeCu',0.039);
INSERT INTO "SCTMATCOMPONENTS_DATA" VALUES(445,104,'Aluminium',0.028);
INSERT INTO "SCTMATCOMPONENTS_DATA" VALUES(446,104,'Copper',0.0285);
INSERT INTO "SCTMATCOMPONENTS_DATA" VALUES(447,104,'sct::Peek',0.5872);
INSERT INTO "SCTMATCOMPONENTS_DATA" VALUES(448,104,'sct::Glass',0.1961);
INSERT INTO "SCTMATCOMPONENTS_DATA" VALUES(449,104,'sct::Plastic',0.1221);
INSERT INTO "SCTMATCOMPONENTS_DATA" VALUES(450,104,'sct::BeCu',0.0381);
INSERT INTO "SCTMATCOMPONENTS_DATA" VALUES(454,106,'Boron',1.0);
INSERT INTO "SCTMATCOMPONENTS_DATA" VALUES(455,106,'Nitrogen',1.0);
INSERT INTO "SCTMATCOMPONENTS_DATA" VALUES(456,107,'Epoxy',0.6925);
INSERT INTO "SCTMATCOMPONENTS_DATA" VALUES(457,107,'BoronNitride',0.3075);
INSERT INTO "SCTMATCOMPONENTS_DATA" VALUES(458,108,'Aluminium',0.0435);
INSERT INTO "SCTMATCOMPONENTS_DATA" VALUES(459,108,'Iron',0.0006);
INSERT INTO "SCTMATCOMPONENTS_DATA" VALUES(460,108,'Copper',0.0033);
INSERT INTO "SCTMATCOMPONENTS_DATA" VALUES(461,108,'sct::CN107',0.8631);
INSERT INTO "SCTMATCOMPONENTS_DATA" VALUES(462,108,'sct::Solder',0.0043);
INSERT INTO "SCTMATCOMPONENTS_DATA" VALUES(463,108,'std::Kapton',0.0019);
INSERT INTO "SCTMATCOMPONENTS_DATA" VALUES(464,108,'std::C3F8',0.083);
INSERT INTO "SCTMATCOMPONENTS_DATA" VALUES(465,108,'sct::ThermalGlue',0.0003);
INSERT INTO "SCTMATCOMPONENTS_DATA" VALUES(466,109,'Aluminium',0.043);
INSERT INTO "SCTMATCOMPONENTS_DATA" VALUES(467,109,'Iron',0.0006);
INSERT INTO "SCTMATCOMPONENTS_DATA" VALUES(468,109,'Copper',0.0032);
INSERT INTO "SCTMATCOMPONENTS_DATA" VALUES(469,109,'sct::CN107',0.8646);
INSERT INTO "SCTMATCOMPONENTS_DATA" VALUES(470,109,'sct::Solder',0.0043);
INSERT INTO "SCTMATCOMPONENTS_DATA" VALUES(471,109,'std::Kapton',0.0019);
INSERT INTO "SCTMATCOMPONENTS_DATA" VALUES(472,109,'std::C3F8',0.0821);
INSERT INTO "SCTMATCOMPONENTS_DATA" VALUES(473,109,'sct::ThermalGlue',0.0003);
INSERT INTO "SCTMATCOMPONENTS_DATA" VALUES(474,110,'Aluminium',0.0421);
INSERT INTO "SCTMATCOMPONENTS_DATA" VALUES(475,110,'Iron',0.0006);
INSERT INTO "SCTMATCOMPONENTS_DATA" VALUES(476,110,'Copper',0.0031);
INSERT INTO "SCTMATCOMPONENTS_DATA" VALUES(477,110,'sct::CN107',0.8675);
INSERT INTO "SCTMATCOMPONENTS_DATA" VALUES(478,110,'sct::Solder',0.0042);
INSERT INTO "SCTMATCOMPONENTS_DATA" VALUES(479,110,'std::Kapton',0.0018);
INSERT INTO "SCTMATCOMPONENTS_DATA" VALUES(480,110,'std::C3F8',0.0804);
INSERT INTO "SCTMATCOMPONENTS_DATA" VALUES(481,110,'sct::ThermalGlue',0.0003);
INSERT INTO "SCTMATCOMPONENTS_DATA" VALUES(482,111,'Aluminium',0.041);
INSERT INTO "SCTMATCOMPONENTS_DATA" VALUES(483,111,'Iron',0.0006);
INSERT INTO "SCTMATCOMPONENTS_DATA" VALUES(484,111,'Copper',0.003);
INSERT INTO "SCTMATCOMPONENTS_DATA" VALUES(485,111,'sct::CN107',0.871);
INSERT INTO "SCTMATCOMPONENTS_DATA" VALUES(486,111,'sct::Solder',0.0041);
INSERT INTO "SCTMATCOMPONENTS_DATA" VALUES(487,111,'std::Kapton',0.0018);
INSERT INTO "SCTMATCOMPONENTS_DATA" VALUES(488,111,'std::C3F8',0.0782);
INSERT INTO "SCTMATCOMPONENTS_DATA" VALUES(489,111,'sct::ThermalGlue',0.0003);
DROP TABLE IF EXISTS "SCTMATCOMPONENTS_DATA2TAG";
CREATE TABLE "SCTMATCOMPONENTS_DATA2TAG" ( "SCTMATCOMPONENTS_TAG_ID" SLONGLONG ,"SCTMATCOMPONENTS_DATA_ID" SLONGLONG  );
INSERT INTO "SCTMATCOMPONENTS_DATA2TAG" VALUES(106560,0);
INSERT INTO "SCTMATCOMPONENTS_DATA2TAG" VALUES(106560,1);
INSERT INTO "SCTMATCOMPONENTS_DATA2TAG" VALUES(106560,2);
INSERT INTO "SCTMATCOMPONENTS_DATA2TAG" VALUES(106560,3);
INSERT INTO "SCTMATCOMPONENTS_DATA2TAG" VALUES(106560,4);
INSERT INTO "SCTMATCOMPONENTS_DATA2TAG" VALUES(106560,5);
INSERT INTO "SCTMATCOMPONENTS_DATA2TAG" VALUES(106560,6);
INSERT INTO "SCTMATCOMPONENTS_DATA2TAG" VALUES(106560,7);
INSERT INTO "SCTMATCOMPONENTS_DATA2TAG" VALUES(106560,8);
INSERT INTO "SCTMATCOMPONENTS_DATA2TAG" VALUES(106560,9);
INSERT INTO "SCTMATCOMPONENTS_DATA2TAG" VALUES(106560,10);
INSERT INTO "SCTMATCOMPONENTS_DATA2TAG" VALUES(106560,11);
INSERT INTO "SCTMATCOMPONENTS_DATA2TAG" VALUES(106560,12);
INSERT INTO "SCTMATCOMPONENTS_DATA2TAG" VALUES(106560,13);
INSERT INTO "SCTMATCOMPONENTS_DATA2TAG" VALUES(106560,14);
INSERT INTO "SCTMATCOMPONENTS_DATA2TAG" VALUES(106560,15);
INSERT INTO "SCTMATCOMPONENTS_DATA2TAG" VALUES(106560,16);
INSERT INTO "SCTMATCOMPONENTS_DATA2TAG" VALUES(106560,17);
INSERT INTO "SCTMATCOMPONENTS_DATA2TAG" VALUES(106560,18);
INSERT INTO "SCTMATCOMPONENTS_DATA2TAG" VALUES(106560,19);
INSERT INTO "SCTMATCOMPONENTS_DATA2TAG" VALUES(106560,20);
INSERT INTO "SCTMATCOMPONENTS_DATA2TAG" VALUES(106560,21);
INSERT INTO "SCTMATCOMPONENTS_DATA2TAG" VALUES(106560,22);
INSERT INTO "SCTMATCOMPONENTS_DATA2TAG" VALUES(106560,23);
INSERT INTO "SCTMATCOMPONENTS_DATA2TAG" VALUES(106560,24);
INSERT INTO "SCTMATCOMPONENTS_DATA2TAG" VALUES(106560,25);
INSERT INTO "SCTMATCOMPONENTS_DATA2TAG" VALUES(106560,26);
INSERT INTO "SCTMATCOMPONENTS_DATA2TAG" VALUES(106560,27);
INSERT INTO "SCTMATCOMPONENTS_DATA2TAG" VALUES(106560,28);
INSERT INTO "SCTMATCOMPONENTS_DATA2TAG" VALUES(106560,29);
INSERT INTO "SCTMATCOMPONENTS_DATA2TAG" VALUES(106560,30);
INSERT INTO "SCTMATCOMPONENTS_DATA2TAG" VALUES(106560,31);
INSERT INTO "SCTMATCOMPONENTS_DATA2TAG" VALUES(106560,32);
INSERT INTO "SCTMATCOMPONENTS_DATA2TAG" VALUES(106560,33);
INSERT INTO "SCTMATCOMPONENTS_DATA2TAG" VALUES(106560,34);
INSERT INTO "SCTMATCOMPONENTS_DATA2TAG" VALUES(106560,35);
INSERT INTO "SCTMATCOMPONENTS_DATA2TAG" VALUES(106560,36);
INSERT INTO "SCTMATCOMPONENTS_DATA2TAG" VALUES(106560,37);
INSERT INTO "SCTMATCOMPONENTS_DATA2TAG" VALUES(106560,38);
INSERT INTO "SCTMATCOMPONENTS_DATA2TAG" VALUES(106782,2);
INSERT INTO "SCTMATCOMPONENTS_DATA2TAG" VALUES(106782,6);
INSERT INTO "SCTMATCOMPONENTS_DATA2TAG" VALUES(106782,9);
INSERT INTO "SCTMATCOMPONENTS_DATA2TAG" VALUES(106782,10);
INSERT INTO "SCTMATCOMPONENTS_DATA2TAG" VALUES(106782,11);
INSERT INTO "SCTMATCOMPONENTS_DATA2TAG" VALUES(106782,12);
INSERT INTO "SCTMATCOMPONENTS_DATA2TAG" VALUES(106782,13);
INSERT INTO "SCTMATCOMPONENTS_DATA2TAG" VALUES(106782,14);
INSERT INTO "SCTMATCOMPONENTS_DATA2TAG" VALUES(106782,15);
INSERT INTO "SCTMATCOMPONENTS_DATA2TAG" VALUES(106782,16);
INSERT INTO "SCTMATCOMPONENTS_DATA2TAG" VALUES(106782,17);
INSERT INTO "SCTMATCOMPONENTS_DATA2TAG" VALUES(106782,18);
INSERT INTO "SCTMATCOMPONENTS_DATA2TAG" VALUES(106782,19);
INSERT INTO "SCTMATCOMPONENTS_DATA2TAG" VALUES(106782,20);
INSERT INTO "SCTMATCOMPONENTS_DATA2TAG" VALUES(106782,21);
INSERT INTO "SCTMATCOMPONENTS_DATA2TAG" VALUES(106782,22);
INSERT INTO "SCTMATCOMPONENTS_DATA2TAG" VALUES(106782,23);
INSERT INTO "SCTMATCOMPONENTS_DATA2TAG" VALUES(106782,24);
INSERT INTO "SCTMATCOMPONENTS_DATA2TAG" VALUES(106782,25);
INSERT INTO "SCTMATCOMPONENTS_DATA2TAG" VALUES(106782,26);
INSERT INTO "SCTMATCOMPONENTS_DATA2TAG" VALUES(106782,27);
INSERT INTO "SCTMATCOMPONENTS_DATA2TAG" VALUES(106782,28);
INSERT INTO "SCTMATCOMPONENTS_DATA2TAG" VALUES(106782,29);
INSERT INTO "SCTMATCOMPONENTS_DATA2TAG" VALUES(106782,31);
INSERT INTO "SCTMATCOMPONENTS_DATA2TAG" VALUES(106782,32);
INSERT INTO "SCTMATCOMPONENTS_DATA2TAG" VALUES(106782,33);
INSERT INTO "SCTMATCOMPONENTS_DATA2TAG" VALUES(106782,34);
INSERT INTO "SCTMATCOMPONENTS_DATA2TAG" VALUES(106782,35);
INSERT INTO "SCTMATCOMPONENTS_DATA2TAG" VALUES(106782,37);
INSERT INTO "SCTMATCOMPONENTS_DATA2TAG" VALUES(106782,38);
INSERT INTO "SCTMATCOMPONENTS_DATA2TAG" VALUES(106782,39);
INSERT INTO "SCTMATCOMPONENTS_DATA2TAG" VALUES(106782,40);
INSERT INTO "SCTMATCOMPONENTS_DATA2TAG" VALUES(106782,41);
INSERT INTO "SCTMATCOMPONENTS_DATA2TAG" VALUES(106782,42);
INSERT INTO "SCTMATCOMPONENTS_DATA2TAG" VALUES(106782,43);
INSERT INTO "SCTMATCOMPONENTS_DATA2TAG" VALUES(106782,44);
INSERT INTO "SCTMATCOMPONENTS_DATA2TAG" VALUES(106782,45);
INSERT INTO "SCTMATCOMPONENTS_DATA2TAG" VALUES(106782,46);
INSERT INTO "SCTMATCOMPONENTS_DATA2TAG" VALUES(106782,47);
INSERT INTO "SCTMATCOMPONENTS_DATA2TAG" VALUES(106782,48);
INSERT INTO "SCTMATCOMPONENTS_DATA2TAG" VALUES(106782,49);
INSERT INTO "SCTMATCOMPONENTS_DATA2TAG" VALUES(106782,50);
INSERT INTO "SCTMATCOMPONENTS_DATA2TAG" VALUES(106782,51);
INSERT INTO "SCTMATCOMPONENTS_DATA2TAG" VALUES(106782,52);
INSERT INTO "SCTMATCOMPONENTS_DATA2TAG" VALUES(106782,53);
INSERT INTO "SCTMATCOMPONENTS_DATA2TAG" VALUES(106782,54);
INSERT INTO "SCTMATCOMPONENTS_DATA2TAG" VALUES(106782,55);
INSERT INTO "SCTMATCOMPONENTS_DATA2TAG" VALUES(106782,56);
INSERT INTO "SCTMATCOMPONENTS_DATA2TAG" VALUES(106782,57);
INSERT INTO "SCTMATCOMPONENTS_DATA2TAG" VALUES(106782,58);
INSERT INTO "SCTMATCOMPONENTS_DATA2TAG" VALUES(106782,59);
INSERT INTO "SCTMATCOMPONENTS_DATA2TAG" VALUES(106782,60);
INSERT INTO "SCTMATCOMPONENTS_DATA2TAG" VALUES(106782,61);
INSERT INTO "SCTMATCOMPONENTS_DATA2TAG" VALUES(106782,62);
INSERT INTO "SCTMATCOMPONENTS_DATA2TAG" VALUES(106782,63);
INSERT INTO "SCTMATCOMPONENTS_DATA2TAG" VALUES(106782,64);
INSERT INTO "SCTMATCOMPONENTS_DATA2TAG" VALUES(106782,65);
INSERT INTO "SCTMATCOMPONENTS_DATA2TAG" VALUES(106782,66);
INSERT INTO "SCTMATCOMPONENTS_DATA2TAG" VALUES(106782,67);
INSERT INTO "SCTMATCOMPONENTS_DATA2TAG" VALUES(106782,68);
INSERT INTO "SCTMATCOMPONENTS_DATA2TAG" VALUES(106782,69);
INSERT INTO "SCTMATCOMPONENTS_DATA2TAG" VALUES(106782,70);
INSERT INTO "SCTMATCOMPONENTS_DATA2TAG" VALUES(106782,71);
INSERT INTO "SCTMATCOMPONENTS_DATA2TAG" VALUES(106782,72);
INSERT INTO "SCTMATCOMPONENTS_DATA2TAG" VALUES(106782,73);
INSERT INTO "SCTMATCOMPONENTS_DATA2TAG" VALUES(106782,74);
INSERT INTO "SCTMATCOMPONENTS_DATA2TAG" VALUES(106782,75);
INSERT INTO "SCTMATCOMPONENTS_DATA2TAG" VALUES(106782,76);
INSERT INTO "SCTMATCOMPONENTS_DATA2TAG" VALUES(106782,77);
INSERT INTO "SCTMATCOMPONENTS_DATA2TAG" VALUES(106782,78);
INSERT INTO "SCTMATCOMPONENTS_DATA2TAG" VALUES(106782,79);
INSERT INTO "SCTMATCOMPONENTS_DATA2TAG" VALUES(106782,80);
INSERT INTO "SCTMATCOMPONENTS_DATA2TAG" VALUES(106782,81);
INSERT INTO "SCTMATCOMPONENTS_DATA2TAG" VALUES(106782,82);
INSERT INTO "SCTMATCOMPONENTS_DATA2TAG" VALUES(106782,83);
INSERT INTO "SCTMATCOMPONENTS_DATA2TAG" VALUES(106782,84);
INSERT INTO "SCTMATCOMPONENTS_DATA2TAG" VALUES(106782,85);
INSERT INTO "SCTMATCOMPONENTS_DATA2TAG" VALUES(106782,86);
INSERT INTO "SCTMATCOMPONENTS_DATA2TAG" VALUES(106782,87);
INSERT INTO "SCTMATCOMPONENTS_DATA2TAG" VALUES(106782,88);
INSERT INTO "SCTMATCOMPONENTS_DATA2TAG" VALUES(106782,89);
INSERT INTO "SCTMATCOMPONENTS_DATA2TAG" VALUES(106782,90);
INSERT INTO "SCTMATCOMPONENTS_DATA2TAG" VALUES(106782,91);
INSERT INTO "SCTMATCOMPONENTS_DATA2TAG" VALUES(106782,92);
INSERT INTO "SCTMATCOMPONENTS_DATA2TAG" VALUES(106782,93);
INSERT INTO "SCTMATCOMPONENTS_DATA2TAG" VALUES(106782,94);
INSERT INTO "SCTMATCOMPONENTS_DATA2TAG" VALUES(106782,95);
INSERT INTO "SCTMATCOMPONENTS_DATA2TAG" VALUES(106782,96);
INSERT INTO "SCTMATCOMPONENTS_DATA2TAG" VALUES(106782,97);
INSERT INTO "SCTMATCOMPONENTS_DATA2TAG" VALUES(106782,98);
INSERT INTO "SCTMATCOMPONENTS_DATA2TAG" VALUES(106782,99);
INSERT INTO "SCTMATCOMPONENTS_DATA2TAG" VALUES(106782,100);
INSERT INTO "SCTMATCOMPONENTS_DATA2TAG" VALUES(106782,101);
INSERT INTO "SCTMATCOMPONENTS_DATA2TAG" VALUES(106782,102);
INSERT INTO "SCTMATCOMPONENTS_DATA2TAG" VALUES(106782,103);
INSERT INTO "SCTMATCOMPONENTS_DATA2TAG" VALUES(106782,104);
INSERT INTO "SCTMATCOMPONENTS_DATA2TAG" VALUES(106782,105);
INSERT INTO "SCTMATCOMPONENTS_DATA2TAG" VALUES(106782,106);
INSERT INTO "SCTMATCOMPONENTS_DATA2TAG" VALUES(106782,107);
INSERT INTO "SCTMATCOMPONENTS_DATA2TAG" VALUES(106782,108);
INSERT INTO "SCTMATCOMPONENTS_DATA2TAG" VALUES(106782,109);
INSERT INTO "SCTMATCOMPONENTS_DATA2TAG" VALUES(106782,110);
INSERT INTO "SCTMATCOMPONENTS_DATA2TAG" VALUES(106782,111);
INSERT INTO "SCTMATCOMPONENTS_DATA2TAG" VALUES(106782,112);
INSERT INTO "SCTMATCOMPONENTS_DATA2TAG" VALUES(106782,113);
INSERT INTO "SCTMATCOMPONENTS_DATA2TAG" VALUES(106782,114);
INSERT INTO "SCTMATCOMPONENTS_DATA2TAG" VALUES(106782,115);
INSERT INTO "SCTMATCOMPONENTS_DATA2TAG" VALUES(106782,116);
INSERT INTO "SCTMATCOMPONENTS_DATA2TAG" VALUES(106782,117);
INSERT INTO "SCTMATCOMPONENTS_DATA2TAG" VALUES(106782,118);
INSERT INTO "SCTMATCOMPONENTS_DATA2TAG" VALUES(106782,119);
INSERT INTO "SCTMATCOMPONENTS_DATA2TAG" VALUES(106782,120);
INSERT INTO "SCTMATCOMPONENTS_DATA2TAG" VALUES(106782,121);
INSERT INTO "SCTMATCOMPONENTS_DATA2TAG" VALUES(106782,122);
INSERT INTO "SCTMATCOMPONENTS_DATA2TAG" VALUES(106782,123);
INSERT INTO "SCTMATCOMPONENTS_DATA2TAG" VALUES(106782,124);
INSERT INTO "SCTMATCOMPONENTS_DATA2TAG" VALUES(106782,125);
INSERT INTO "SCTMATCOMPONENTS_DATA2TAG" VALUES(106782,126);
INSERT INTO "SCTMATCOMPONENTS_DATA2TAG" VALUES(106782,127);
INSERT INTO "SCTMATCOMPONENTS_DATA2TAG" VALUES(106782,128);
INSERT INTO "SCTMATCOMPONENTS_DATA2TAG" VALUES(106782,129);
INSERT INTO "SCTMATCOMPONENTS_DATA2TAG" VALUES(106782,130);
INSERT INTO "SCTMATCOMPONENTS_DATA2TAG" VALUES(106782,131);
INSERT INTO "SCTMATCOMPONENTS_DATA2TAG" VALUES(106782,132);
INSERT INTO "SCTMATCOMPONENTS_DATA2TAG" VALUES(106782,133);
INSERT INTO "SCTMATCOMPONENTS_DATA2TAG" VALUES(106782,134);
INSERT INTO "SCTMATCOMPONENTS_DATA2TAG" VALUES(106782,135);
INSERT INTO "SCTMATCOMPONENTS_DATA2TAG" VALUES(106782,136);
INSERT INTO "SCTMATCOMPONENTS_DATA2TAG" VALUES(106782,137);
INSERT INTO "SCTMATCOMPONENTS_DATA2TAG" VALUES(106782,138);
INSERT INTO "SCTMATCOMPONENTS_DATA2TAG" VALUES(106782,139);
INSERT INTO "SCTMATCOMPONENTS_DATA2TAG" VALUES(106782,140);
INSERT INTO "SCTMATCOMPONENTS_DATA2TAG" VALUES(106782,141);
INSERT INTO "SCTMATCOMPONENTS_DATA2TAG" VALUES(106782,142);
INSERT INTO "SCTMATCOMPONENTS_DATA2TAG" VALUES(106782,143);
INSERT INTO "SCTMATCOMPONENTS_DATA2TAG" VALUES(106782,144);
INSERT INTO "SCTMATCOMPONENTS_DATA2TAG" VALUES(106782,145);
INSERT INTO "SCTMATCOMPONENTS_DATA2TAG" VALUES(106782,146);
INSERT INTO "SCTMATCOMPONENTS_DATA2TAG" VALUES(106782,147);
INSERT INTO "SCTMATCOMPONENTS_DATA2TAG" VALUES(106782,148);
INSERT INTO "SCTMATCOMPONENTS_DATA2TAG" VALUES(106782,149);
INSERT INTO "SCTMATCOMPONENTS_DATA2TAG" VALUES(106782,150);
INSERT INTO "SCTMATCOMPONENTS_DATA2TAG" VALUES(106782,151);
INSERT INTO "SCTMATCOMPONENTS_DATA2TAG" VALUES(106782,152);
INSERT INTO "SCTMATCOMPONENTS_DATA2TAG" VALUES(106782,153);
INSERT INTO "SCTMATCOMPONENTS_DATA2TAG" VALUES(106782,154);
INSERT INTO "SCTMATCOMPONENTS_DATA2TAG" VALUES(106782,155);
INSERT INTO "SCTMATCOMPONENTS_DATA2TAG" VALUES(106782,156);
INSERT INTO "SCTMATCOMPONENTS_DATA2TAG" VALUES(106782,157);
INSERT INTO "SCTMATCOMPONENTS_DATA2TAG" VALUES(106782,158);
INSERT INTO "SCTMATCOMPONENTS_DATA2TAG" VALUES(106782,159);
INSERT INTO "SCTMATCOMPONENTS_DATA2TAG" VALUES(106782,160);
INSERT INTO "SCTMATCOMPONENTS_DATA2TAG" VALUES(106782,161);
INSERT INTO "SCTMATCOMPONENTS_DATA2TAG" VALUES(106782,162);
INSERT INTO "SCTMATCOMPONENTS_DATA2TAG" VALUES(106782,163);
INSERT INTO "SCTMATCOMPONENTS_DATA2TAG" VALUES(106782,164);
INSERT INTO "SCTMATCOMPONENTS_DATA2TAG" VALUES(106782,165);
INSERT INTO "SCTMATCOMPONENTS_DATA2TAG" VALUES(106782,166);
INSERT INTO "SCTMATCOMPONENTS_DATA2TAG" VALUES(106782,167);
INSERT INTO "SCTMATCOMPONENTS_DATA2TAG" VALUES(106782,168);
INSERT INTO "SCTMATCOMPONENTS_DATA2TAG" VALUES(106782,169);
INSERT INTO "SCTMATCOMPONENTS_DATA2TAG" VALUES(106782,170);
INSERT INTO "SCTMATCOMPONENTS_DATA2TAG" VALUES(106782,171);
INSERT INTO "SCTMATCOMPONENTS_DATA2TAG" VALUES(106782,172);
INSERT INTO "SCTMATCOMPONENTS_DATA2TAG" VALUES(106782,173);
INSERT INTO "SCTMATCOMPONENTS_DATA2TAG" VALUES(106782,174);
INSERT INTO "SCTMATCOMPONENTS_DATA2TAG" VALUES(106782,175);
INSERT INTO "SCTMATCOMPONENTS_DATA2TAG" VALUES(106782,176);
INSERT INTO "SCTMATCOMPONENTS_DATA2TAG" VALUES(106782,177);
INSERT INTO "SCTMATCOMPONENTS_DATA2TAG" VALUES(106782,178);
INSERT INTO "SCTMATCOMPONENTS_DATA2TAG" VALUES(106782,179);
INSERT INTO "SCTMATCOMPONENTS_DATA2TAG" VALUES(106782,180);
INSERT INTO "SCTMATCOMPONENTS_DATA2TAG" VALUES(106782,181);
INSERT INTO "SCTMATCOMPONENTS_DATA2TAG" VALUES(106782,182);
INSERT INTO "SCTMATCOMPONENTS_DATA2TAG" VALUES(106782,183);
INSERT INTO "SCTMATCOMPONENTS_DATA2TAG" VALUES(106782,184);
INSERT INTO "SCTMATCOMPONENTS_DATA2TAG" VALUES(106782,185);
INSERT INTO "SCTMATCOMPONENTS_DATA2TAG" VALUES(106782,186);
INSERT INTO "SCTMATCOMPONENTS_DATA2TAG" VALUES(106782,187);
INSERT INTO "SCTMATCOMPONENTS_DATA2TAG" VALUES(106782,188);
INSERT INTO "SCTMATCOMPONENTS_DATA2TAG" VALUES(106782,189);
INSERT INTO "SCTMATCOMPONENTS_DATA2TAG" VALUES(106782,190);
INSERT INTO "SCTMATCOMPONENTS_DATA2TAG" VALUES(106782,191);
INSERT INTO "SCTMATCOMPONENTS_DATA2TAG" VALUES(106782,192);
INSERT INTO "SCTMATCOMPONENTS_DATA2TAG" VALUES(106782,193);
INSERT INTO "SCTMATCOMPONENTS_DATA2TAG" VALUES(106782,194);
INSERT INTO "SCTMATCOMPONENTS_DATA2TAG" VALUES(106782,195);
INSERT INTO "SCTMATCOMPONENTS_DATA2TAG" VALUES(106782,196);
INSERT INTO "SCTMATCOMPONENTS_DATA2TAG" VALUES(106782,197);
INSERT INTO "SCTMATCOMPONENTS_DATA2TAG" VALUES(106782,198);
INSERT INTO "SCTMATCOMPONENTS_DATA2TAG" VALUES(106782,199);
INSERT INTO "SCTMATCOMPONENTS_DATA2TAG" VALUES(106782,200);
INSERT INTO "SCTMATCOMPONENTS_DATA2TAG" VALUES(106782,201);
INSERT INTO "SCTMATCOMPONENTS_DATA2TAG" VALUES(106782,202);
INSERT INTO "SCTMATCOMPONENTS_DATA2TAG" VALUES(106782,203);
INSERT INTO "SCTMATCOMPONENTS_DATA2TAG" VALUES(106782,204);
INSERT INTO "SCTMATCOMPONENTS_DATA2TAG" VALUES(106782,205);
INSERT INTO "SCTMATCOMPONENTS_DATA2TAG" VALUES(106782,206);
INSERT INTO "SCTMATCOMPONENTS_DATA2TAG" VALUES(106782,207);
INSERT INTO "SCTMATCOMPONENTS_DATA2TAG" VALUES(106782,208);
INSERT INTO "SCTMATCOMPONENTS_DATA2TAG" VALUES(106782,209);
INSERT INTO "SCTMATCOMPONENTS_DATA2TAG" VALUES(106782,210);
INSERT INTO "SCTMATCOMPONENTS_DATA2TAG" VALUES(106782,211);
INSERT INTO "SCTMATCOMPONENTS_DATA2TAG" VALUES(106782,212);
INSERT INTO "SCTMATCOMPONENTS_DATA2TAG" VALUES(106782,213);
INSERT INTO "SCTMATCOMPONENTS_DATA2TAG" VALUES(106782,214);
INSERT INTO "SCTMATCOMPONENTS_DATA2TAG" VALUES(106782,215);
INSERT INTO "SCTMATCOMPONENTS_DATA2TAG" VALUES(106782,216);
INSERT INTO "SCTMATCOMPONENTS_DATA2TAG" VALUES(106782,217);
INSERT INTO "SCTMATCOMPONENTS_DATA2TAG" VALUES(106782,218);
INSERT INTO "SCTMATCOMPONENTS_DATA2TAG" VALUES(106782,219);
INSERT INTO "SCTMATCOMPONENTS_DATA2TAG" VALUES(106782,220);
INSERT INTO "SCTMATCOMPONENTS_DATA2TAG" VALUES(106782,221);
INSERT INTO "SCTMATCOMPONENTS_DATA2TAG" VALUES(106782,222);
INSERT INTO "SCTMATCOMPONENTS_DATA2TAG" VALUES(106782,223);
INSERT INTO "SCTMATCOMPONENTS_DATA2TAG" VALUES(106782,224);
INSERT INTO "SCTMATCOMPONENTS_DATA2TAG" VALUES(106782,225);
INSERT INTO "SCTMATCOMPONENTS_DATA2TAG" VALUES(106782,226);
INSERT INTO "SCTMATCOMPONENTS_DATA2TAG" VALUES(106782,227);
INSERT INTO "SCTMATCOMPONENTS_DATA2TAG" VALUES(106782,228);
INSERT INTO "SCTMATCOMPONENTS_DATA2TAG" VALUES(106782,229);
INSERT INTO "SCTMATCOMPONENTS_DATA2TAG" VALUES(106782,230);
INSERT INTO "SCTMATCOMPONENTS_DATA2TAG" VALUES(106782,231);
INSERT INTO "SCTMATCOMPONENTS_DATA2TAG" VALUES(106782,232);
INSERT INTO "SCTMATCOMPONENTS_DATA2TAG" VALUES(106782,233);
INSERT INTO "SCTMATCOMPONENTS_DATA2TAG" VALUES(106782,234);
INSERT INTO "SCTMATCOMPONENTS_DATA2TAG" VALUES(106782,235);
INSERT INTO "SCTMATCOMPONENTS_DATA2TAG" VALUES(106782,236);
INSERT INTO "SCTMATCOMPONENTS_DATA2TAG" VALUES(106782,237);
INSERT INTO "SCTMATCOMPONENTS_DATA2TAG" VALUES(106782,238);
INSERT INTO "SCTMATCOMPONENTS_DATA2TAG" VALUES(106782,239);
INSERT INTO "SCTMATCOMPONENTS_DATA2TAG" VALUES(106782,240);
INSERT INTO "SCTMATCOMPONENTS_DATA2TAG" VALUES(106782,241);
INSERT INTO "SCTMATCOMPONENTS_DATA2TAG" VALUES(106782,242);
INSERT INTO "SCTMATCOMPONENTS_DATA2TAG" VALUES(106782,243);
INSERT INTO "SCTMATCOMPONENTS_DATA2TAG" VALUES(106782,244);
INSERT INTO "SCTMATCOMPONENTS_DATA2TAG" VALUES(106782,245);
INSERT INTO "SCTMATCOMPONENTS_DATA2TAG" VALUES(106782,246);
INSERT INTO "SCTMATCOMPONENTS_DATA2TAG" VALUES(106782,247);
INSERT INTO "SCTMATCOMPONENTS_DATA2TAG" VALUES(106782,248);
INSERT INTO "SCTMATCOMPONENTS_DATA2TAG" VALUES(106782,249);
INSERT INTO "SCTMATCOMPONENTS_DATA2TAG" VALUES(106782,250);
INSERT INTO "SCTMATCOMPONENTS_DATA2TAG" VALUES(106782,251);
INSERT INTO "SCTMATCOMPONENTS_DATA2TAG" VALUES(106782,252);
INSERT INTO "SCTMATCOMPONENTS_DATA2TAG" VALUES(106782,253);
INSERT INTO "SCTMATCOMPONENTS_DATA2TAG" VALUES(106782,254);
INSERT INTO "SCTMATCOMPONENTS_DATA2TAG" VALUES(106782,255);
INSERT INTO "SCTMATCOMPONENTS_DATA2TAG" VALUES(106782,256);
INSERT INTO "SCTMATCOMPONENTS_DATA2TAG" VALUES(106782,257);
INSERT INTO "SCTMATCOMPONENTS_DATA2TAG" VALUES(106782,258);
INSERT INTO "SCTMATCOMPONENTS_DATA2TAG" VALUES(107032,2);
INSERT INTO "SCTMATCOMPONENTS_DATA2TAG" VALUES(107032,6);
INSERT INTO "SCTMATCOMPONENTS_DATA2TAG" VALUES(107032,9);
INSERT INTO "SCTMATCOMPONENTS_DATA2TAG" VALUES(107032,10);
INSERT INTO "SCTMATCOMPONENTS_DATA2TAG" VALUES(107032,11);
INSERT INTO "SCTMATCOMPONENTS_DATA2TAG" VALUES(107032,12);
INSERT INTO "SCTMATCOMPONENTS_DATA2TAG" VALUES(107032,13);
INSERT INTO "SCTMATCOMPONENTS_DATA2TAG" VALUES(107032,14);
INSERT INTO "SCTMATCOMPONENTS_DATA2TAG" VALUES(107032,15);
INSERT INTO "SCTMATCOMPONENTS_DATA2TAG" VALUES(107032,16);
INSERT INTO "SCTMATCOMPONENTS_DATA2TAG" VALUES(107032,17);
INSERT INTO "SCTMATCOMPONENTS_DATA2TAG" VALUES(107032,18);
INSERT INTO "SCTMATCOMPONENTS_DATA2TAG" VALUES(107032,19);
INSERT INTO "SCTMATCOMPONENTS_DATA2TAG" VALUES(107032,20);
INSERT INTO "SCTMATCOMPONENTS_DATA2TAG" VALUES(107032,21);
INSERT INTO "SCTMATCOMPONENTS_DATA2TAG" VALUES(107032,22);
INSERT INTO "SCTMATCOMPONENTS_DATA2TAG" VALUES(107032,23);
INSERT INTO "SCTMATCOMPONENTS_DATA2TAG" VALUES(107032,24);
INSERT INTO "SCTMATCOMPONENTS_DATA2TAG" VALUES(107032,25);
INSERT INTO "SCTMATCOMPONENTS_DATA2TAG" VALUES(107032,26);
INSERT INTO "SCTMATCOMPONENTS_DATA2TAG" VALUES(107032,27);
INSERT INTO "SCTMATCOMPONENTS_DATA2TAG" VALUES(107032,28);
INSERT INTO "SCTMATCOMPONENTS_DATA2TAG" VALUES(107032,29);
INSERT INTO "SCTMATCOMPONENTS_DATA2TAG" VALUES(107032,31);
INSERT INTO "SCTMATCOMPONENTS_DATA2TAG" VALUES(107032,32);
INSERT INTO "SCTMATCOMPONENTS_DATA2TAG" VALUES(107032,33);
INSERT INTO "SCTMATCOMPONENTS_DATA2TAG" VALUES(107032,34);
INSERT INTO "SCTMATCOMPONENTS_DATA2TAG" VALUES(107032,35);
INSERT INTO "SCTMATCOMPONENTS_DATA2TAG" VALUES(107032,37);
INSERT INTO "SCTMATCOMPONENTS_DATA2TAG" VALUES(107032,38);
INSERT INTO "SCTMATCOMPONENTS_DATA2TAG" VALUES(107032,39);
INSERT INTO "SCTMATCOMPONENTS_DATA2TAG" VALUES(107032,40);
INSERT INTO "SCTMATCOMPONENTS_DATA2TAG" VALUES(107032,41);
INSERT INTO "SCTMATCOMPONENTS_DATA2TAG" VALUES(107032,42);
INSERT INTO "SCTMATCOMPONENTS_DATA2TAG" VALUES(107032,43);
INSERT INTO "SCTMATCOMPONENTS_DATA2TAG" VALUES(107032,44);
INSERT INTO "SCTMATCOMPONENTS_DATA2TAG" VALUES(107032,45);
INSERT INTO "SCTMATCOMPONENTS_DATA2TAG" VALUES(107032,46);
INSERT INTO "SCTMATCOMPONENTS_DATA2TAG" VALUES(107032,47);
INSERT INTO "SCTMATCOMPONENTS_DATA2TAG" VALUES(107032,48);
INSERT INTO "SCTMATCOMPONENTS_DATA2TAG" VALUES(107032,49);
INSERT INTO "SCTMATCOMPONENTS_DATA2TAG" VALUES(107032,50);
INSERT INTO "SCTMATCOMPONENTS_DATA2TAG" VALUES(107032,51);
INSERT INTO "SCTMATCOMPONENTS_DATA2TAG" VALUES(107032,52);
INSERT INTO "SCTMATCOMPONENTS_DATA2TAG" VALUES(107032,53);
INSERT INTO "SCTMATCOMPONENTS_DATA2TAG" VALUES(107032,54);
INSERT INTO "SCTMATCOMPONENTS_DATA2TAG" VALUES(107032,55);
INSERT INTO "SCTMATCOMPONENTS_DATA2TAG" VALUES(107032,56);
INSERT INTO "SCTMATCOMPONENTS_DATA2TAG" VALUES(107032,57);
INSERT INTO "SCTMATCOMPONENTS_DATA2TAG" VALUES(107032,58);
INSERT INTO "SCTMATCOMPONENTS_DATA2TAG" VALUES(107032,59);
INSERT INTO "SCTMATCOMPONENTS_DATA2TAG" VALUES(107032,60);
INSERT INTO "SCTMATCOMPONENTS_DATA2TAG" VALUES(107032,61);
INSERT INTO "SCTMATCOMPONENTS_DATA2TAG" VALUES(107032,62);
INSERT INTO "SCTMATCOMPONENTS_DATA2TAG" VALUES(107032,63);
INSERT INTO "SCTMATCOMPONENTS_DATA2TAG" VALUES(107032,64);
INSERT INTO "SCTMATCOMPONENTS_DATA2TAG" VALUES(107032,65);
INSERT INTO "SCTMATCOMPONENTS_DATA2TAG" VALUES(107032,66);
INSERT INTO "SCTMATCOMPONENTS_DATA2TAG" VALUES(107032,67);
INSERT INTO "SCTMATCOMPONENTS_DATA2TAG" VALUES(107032,68);
INSERT INTO "SCTMATCOMPONENTS_DATA2TAG" VALUES(107032,69);
INSERT INTO "SCTMATCOMPONENTS_DATA2TAG" VALUES(107032,70);
INSERT INTO "SCTMATCOMPONENTS_DATA2TAG" VALUES(107032,71);
INSERT INTO "SCTMATCOMPONENTS_DATA2TAG" VALUES(107032,72);
INSERT INTO "SCTMATCOMPONENTS_DATA2TAG" VALUES(107032,73);
INSERT INTO "SCTMATCOMPONENTS_DATA2TAG" VALUES(107032,74);
INSERT INTO "SCTMATCOMPONENTS_DATA2TAG" VALUES(107032,75);
INSERT INTO "SCTMATCOMPONENTS_DATA2TAG" VALUES(107032,76);
INSERT INTO "SCTMATCOMPONENTS_DATA2TAG" VALUES(107032,77);
INSERT INTO "SCTMATCOMPONENTS_DATA2TAG" VALUES(107032,78);
INSERT INTO "SCTMATCOMPONENTS_DATA2TAG" VALUES(107032,79);
INSERT INTO "SCTMATCOMPONENTS_DATA2TAG" VALUES(107032,80);
INSERT INTO "SCTMATCOMPONENTS_DATA2TAG" VALUES(107032,81);
INSERT INTO "SCTMATCOMPONENTS_DATA2TAG" VALUES(107032,82);
INSERT INTO "SCTMATCOMPONENTS_DATA2TAG" VALUES(107032,83);
INSERT INTO "SCTMATCOMPONENTS_DATA2TAG" VALUES(107032,84);
INSERT INTO "SCTMATCOMPONENTS_DATA2TAG" VALUES(107032,85);
INSERT INTO "SCTMATCOMPONENTS_DATA2TAG" VALUES(107032,86);
INSERT INTO "SCTMATCOMPONENTS_DATA2TAG" VALUES(107032,87);
INSERT INTO "SCTMATCOMPONENTS_DATA2TAG" VALUES(107032,88);
INSERT INTO "SCTMATCOMPONENTS_DATA2TAG" VALUES(107032,89);
INSERT INTO "SCTMATCOMPONENTS_DATA2TAG" VALUES(107032,90);
INSERT INTO "SCTMATCOMPONENTS_DATA2TAG" VALUES(107032,91);
INSERT INTO "SCTMATCOMPONENTS_DATA2TAG" VALUES(107032,92);
INSERT INTO "SCTMATCOMPONENTS_DATA2TAG" VALUES(107032,93);
INSERT INTO "SCTMATCOMPONENTS_DATA2TAG" VALUES(107032,94);
INSERT INTO "SCTMATCOMPONENTS_DATA2TAG" VALUES(107032,95);
INSERT INTO "SCTMATCOMPONENTS_DATA2TAG" VALUES(107032,96);
INSERT INTO "SCTMATCOMPONENTS_DATA2TAG" VALUES(107032,97);
INSERT INTO "SCTMATCOMPONENTS_DATA2TAG" VALUES(107032,98);
INSERT INTO "SCTMATCOMPONENTS_DATA2TAG" VALUES(107032,99);
INSERT INTO "SCTMATCOMPONENTS_DATA2TAG" VALUES(107032,100);
INSERT INTO "SCTMATCOMPONENTS_DATA2TAG" VALUES(107032,101);
INSERT INTO "SCTMATCOMPONENTS_DATA2TAG" VALUES(107032,102);
INSERT INTO "SCTMATCOMPONENTS_DATA2TAG" VALUES(107032,103);
INSERT INTO "SCTMATCOMPONENTS_DATA2TAG" VALUES(107032,104);
INSERT INTO "SCTMATCOMPONENTS_DATA2TAG" VALUES(107032,105);
INSERT INTO "SCTMATCOMPONENTS_DATA2TAG" VALUES(107032,106);
INSERT INTO "SCTMATCOMPONENTS_DATA2TAG" VALUES(107032,107);
INSERT INTO "SCTMATCOMPONENTS_DATA2TAG" VALUES(107032,108);
INSERT INTO "SCTMATCOMPONENTS_DATA2TAG" VALUES(107032,114);
INSERT INTO "SCTMATCOMPONENTS_DATA2TAG" VALUES(107032,115);
INSERT INTO "SCTMATCOMPONENTS_DATA2TAG" VALUES(107032,116);
INSERT INTO "SCTMATCOMPONENTS_DATA2TAG" VALUES(107032,117);
INSERT INTO "SCTMATCOMPONENTS_DATA2TAG" VALUES(107032,118);
INSERT INTO "SCTMATCOMPONENTS_DATA2TAG" VALUES(107032,119);
INSERT INTO "SCTMATCOMPONENTS_DATA2TAG" VALUES(107032,120);
INSERT INTO "SCTMATCOMPONENTS_DATA2TAG" VALUES(107032,121);
INSERT INTO "SCTMATCOMPONENTS_DATA2TAG" VALUES(107032,122);
INSERT INTO "SCTMATCOMPONENTS_DATA2TAG" VALUES(107032,123);
INSERT INTO "SCTMATCOMPONENTS_DATA2TAG" VALUES(107032,124);
INSERT INTO "SCTMATCOMPONENTS_DATA2TAG" VALUES(107032,125);
INSERT INTO "SCTMATCOMPONENTS_DATA2TAG" VALUES(107032,126);
INSERT INTO "SCTMATCOMPONENTS_DATA2TAG" VALUES(107032,127);
INSERT INTO "SCTMATCOMPONENTS_DATA2TAG" VALUES(107032,128);
INSERT INTO "SCTMATCOMPONENTS_DATA2TAG" VALUES(107032,129);
INSERT INTO "SCTMATCOMPONENTS_DATA2TAG" VALUES(107032,130);
INSERT INTO "SCTMATCOMPONENTS_DATA2TAG" VALUES(107032,131);
INSERT INTO "SCTMATCOMPONENTS_DATA2TAG" VALUES(107032,132);
INSERT INTO "SCTMATCOMPONENTS_DATA2TAG" VALUES(107032,133);
INSERT INTO "SCTMATCOMPONENTS_DATA2TAG" VALUES(107032,134);
INSERT INTO "SCTMATCOMPONENTS_DATA2TAG" VALUES(107032,135);
INSERT INTO "SCTMATCOMPONENTS_DATA2TAG" VALUES(107032,136);
INSERT INTO "SCTMATCOMPONENTS_DATA2TAG" VALUES(107032,137);
INSERT INTO "SCTMATCOMPONENTS_DATA2TAG" VALUES(107032,138);
INSERT INTO "SCTMATCOMPONENTS_DATA2TAG" VALUES(107032,139);
INSERT INTO "SCTMATCOMPONENTS_DATA2TAG" VALUES(107032,140);
INSERT INTO "SCTMATCOMPONENTS_DATA2TAG" VALUES(107032,141);
INSERT INTO "SCTMATCOMPONENTS_DATA2TAG" VALUES(107032,142);
INSERT INTO "SCTMATCOMPONENTS_DATA2TAG" VALUES(107032,143);
INSERT INTO "SCTMATCOMPONENTS_DATA2TAG" VALUES(107032,144);
INSERT INTO "SCTMATCOMPONENTS_DATA2TAG" VALUES(107032,145);
INSERT INTO "SCTMATCOMPONENTS_DATA2TAG" VALUES(107032,146);
INSERT INTO "SCTMATCOMPONENTS_DATA2TAG" VALUES(107032,147);
INSERT INTO "SCTMATCOMPONENTS_DATA2TAG" VALUES(107032,148);
INSERT INTO "SCTMATCOMPONENTS_DATA2TAG" VALUES(107032,149);
INSERT INTO "SCTMATCOMPONENTS_DATA2TAG" VALUES(107032,150);
INSERT INTO "SCTMATCOMPONENTS_DATA2TAG" VALUES(107032,151);
INSERT INTO "SCTMATCOMPONENTS_DATA2TAG" VALUES(107032,152);
INSERT INTO "SCTMATCOMPONENTS_DATA2TAG" VALUES(107032,153);
INSERT INTO "SCTMATCOMPONENTS_DATA2TAG" VALUES(107032,154);
INSERT INTO "SCTMATCOMPONENTS_DATA2TAG" VALUES(107032,155);
INSERT INTO "SCTMATCOMPONENTS_DATA2TAG" VALUES(107032,156);
INSERT INTO "SCTMATCOMPONENTS_DATA2TAG" VALUES(107032,157);
INSERT INTO "SCTMATCOMPONENTS_DATA2TAG" VALUES(107032,158);
INSERT INTO "SCTMATCOMPONENTS_DATA2TAG" VALUES(107032,159);
INSERT INTO "SCTMATCOMPONENTS_DATA2TAG" VALUES(107032,160);
INSERT INTO "SCTMATCOMPONENTS_DATA2TAG" VALUES(107032,161);
INSERT INTO "SCTMATCOMPONENTS_DATA2TAG" VALUES(107032,162);
INSERT INTO "SCTMATCOMPONENTS_DATA2TAG" VALUES(107032,163);
INSERT INTO "SCTMATCOMPONENTS_DATA2TAG" VALUES(107032,164);
INSERT INTO "SCTMATCOMPONENTS_DATA2TAG" VALUES(107032,165);
INSERT INTO "SCTMATCOMPONENTS_DATA2TAG" VALUES(107032,166);
INSERT INTO "SCTMATCOMPONENTS_DATA2TAG" VALUES(107032,167);
INSERT INTO "SCTMATCOMPONENTS_DATA2TAG" VALUES(107032,168);
INSERT INTO "SCTMATCOMPONENTS_DATA2TAG" VALUES(107032,169);
INSERT INTO "SCTMATCOMPONENTS_DATA2TAG" VALUES(107032,170);
INSERT INTO "SCTMATCOMPONENTS_DATA2TAG" VALUES(107032,171);
INSERT INTO "SCTMATCOMPONENTS_DATA2TAG" VALUES(107032,172);
INSERT INTO "SCTMATCOMPONENTS_DATA2TAG" VALUES(107032,173);
INSERT INTO "SCTMATCOMPONENTS_DATA2TAG" VALUES(107032,174);
INSERT INTO "SCTMATCOMPONENTS_DATA2TAG" VALUES(107032,175);
INSERT INTO "SCTMATCOMPONENTS_DATA2TAG" VALUES(107032,176);
INSERT INTO "SCTMATCOMPONENTS_DATA2TAG" VALUES(107032,177);
INSERT INTO "SCTMATCOMPONENTS_DATA2TAG" VALUES(107032,178);
INSERT INTO "SCTMATCOMPONENTS_DATA2TAG" VALUES(107032,179);
INSERT INTO "SCTMATCOMPONENTS_DATA2TAG" VALUES(107032,180);
INSERT INTO "SCTMATCOMPONENTS_DATA2TAG" VALUES(107032,181);
INSERT INTO "SCTMATCOMPONENTS_DATA2TAG" VALUES(107032,182);
INSERT INTO "SCTMATCOMPONENTS_DATA2TAG" VALUES(107032,183);
INSERT INTO "SCTMATCOMPONENTS_DATA2TAG" VALUES(107032,184);
INSERT INTO "SCTMATCOMPONENTS_DATA2TAG" VALUES(107032,185);
INSERT INTO "SCTMATCOMPONENTS_DATA2TAG" VALUES(107032,186);
INSERT INTO "SCTMATCOMPONENTS_DATA2TAG" VALUES(107032,187);
INSERT INTO "SCTMATCOMPONENTS_DATA2TAG" VALUES(107032,188);
INSERT INTO "SCTMATCOMPONENTS_DATA2TAG" VALUES(107032,189);
INSERT INTO "SCTMATCOMPONENTS_DATA2TAG" VALUES(107032,190);
INSERT INTO "SCTMATCOMPONENTS_DATA2TAG" VALUES(107032,191);
INSERT INTO "SCTMATCOMPONENTS_DATA2TAG" VALUES(107032,192);
INSERT INTO "SCTMATCOMPONENTS_DATA2TAG" VALUES(107032,193);
INSERT INTO "SCTMATCOMPONENTS_DATA2TAG" VALUES(107032,194);
INSERT INTO "SCTMATCOMPONENTS_DATA2TAG" VALUES(107032,195);
INSERT INTO "SCTMATCOMPONENTS_DATA2TAG" VALUES(107032,196);
INSERT INTO "SCTMATCOMPONENTS_DATA2TAG" VALUES(107032,197);
INSERT INTO "SCTMATCOMPONENTS_DATA2TAG" VALUES(107032,198);
INSERT INTO "SCTMATCOMPONENTS_DATA2TAG" VALUES(107032,199);
INSERT INTO "SCTMATCOMPONENTS_DATA2TAG" VALUES(107032,200);
INSERT INTO "SCTMATCOMPONENTS_DATA2TAG" VALUES(107032,201);
INSERT INTO "SCTMATCOMPONENTS_DATA2TAG" VALUES(107032,202);
INSERT INTO "SCTMATCOMPONENTS_DATA2TAG" VALUES(107032,203);
INSERT INTO "SCTMATCOMPONENTS_DATA2TAG" VALUES(107032,204);
INSERT INTO "SCTMATCOMPONENTS_DATA2TAG" VALUES(107032,205);
INSERT INTO "SCTMATCOMPONENTS_DATA2TAG" VALUES(107032,206);
INSERT INTO "SCTMATCOMPONENTS_DATA2TAG" VALUES(107032,207);
INSERT INTO "SCTMATCOMPONENTS_DATA2TAG" VALUES(107032,208);
INSERT INTO "SCTMATCOMPONENTS_DATA2TAG" VALUES(107032,209);
INSERT INTO "SCTMATCOMPONENTS_DATA2TAG" VALUES(107032,210);
INSERT INTO "SCTMATCOMPONENTS_DATA2TAG" VALUES(107032,211);
INSERT INTO "SCTMATCOMPONENTS_DATA2TAG" VALUES(107032,212);
INSERT INTO "SCTMATCOMPONENTS_DATA2TAG" VALUES(107032,213);
INSERT INTO "SCTMATCOMPONENTS_DATA2TAG" VALUES(107032,214);
INSERT INTO "SCTMATCOMPONENTS_DATA2TAG" VALUES(107032,215);
INSERT INTO "SCTMATCOMPONENTS_DATA2TAG" VALUES(107032,216);
INSERT INTO "SCTMATCOMPONENTS_DATA2TAG" VALUES(107032,217);
INSERT INTO "SCTMATCOMPONENTS_DATA2TAG" VALUES(107032,218);
INSERT INTO "SCTMATCOMPONENTS_DATA2TAG" VALUES(107032,219);
INSERT INTO "SCTMATCOMPONENTS_DATA2TAG" VALUES(107032,220);
INSERT INTO "SCTMATCOMPONENTS_DATA2TAG" VALUES(107032,221);
INSERT INTO "SCTMATCOMPONENTS_DATA2TAG" VALUES(107032,222);
INSERT INTO "SCTMATCOMPONENTS_DATA2TAG" VALUES(107032,223);
INSERT INTO "SCTMATCOMPONENTS_DATA2TAG" VALUES(107032,224);
INSERT INTO "SCTMATCOMPONENTS_DATA2TAG" VALUES(107032,225);
INSERT INTO "SCTMATCOMPONENTS_DATA2TAG" VALUES(107032,231);
INSERT INTO "SCTMATCOMPONENTS_DATA2TAG" VALUES(107032,232);
INSERT INTO "SCTMATCOMPONENTS_DATA2TAG" VALUES(107032,233);
INSERT INTO "SCTMATCOMPONENTS_DATA2TAG" VALUES(107032,234);
INSERT INTO "SCTMATCOMPONENTS_DATA2TAG" VALUES(107032,235);
INSERT INTO "SCTMATCOMPONENTS_DATA2TAG" VALUES(107032,236);
INSERT INTO "SCTMATCOMPONENTS_DATA2TAG" VALUES(107032,237);
INSERT INTO "SCTMATCOMPONENTS_DATA2TAG" VALUES(107032,238);
INSERT INTO "SCTMATCOMPONENTS_DATA2TAG" VALUES(107032,239);
INSERT INTO "SCTMATCOMPONENTS_DATA2TAG" VALUES(107032,240);
INSERT INTO "SCTMATCOMPONENTS_DATA2TAG" VALUES(107032,241);
INSERT INTO "SCTMATCOMPONENTS_DATA2TAG" VALUES(107032,242);
INSERT INTO "SCTMATCOMPONENTS_DATA2TAG" VALUES(107032,243);
INSERT INTO "SCTMATCOMPONENTS_DATA2TAG" VALUES(107032,244);
INSERT INTO "SCTMATCOMPONENTS_DATA2TAG" VALUES(107032,245);
INSERT INTO "SCTMATCOMPONENTS_DATA2TAG" VALUES(107032,246);
INSERT INTO "SCTMATCOMPONENTS_DATA2TAG" VALUES(107032,247);
INSERT INTO "SCTMATCOMPONENTS_DATA2TAG" VALUES(107032,248);
INSERT INTO "SCTMATCOMPONENTS_DATA2TAG" VALUES(107032,249);
INSERT INTO "SCTMATCOMPONENTS_DATA2TAG" VALUES(107032,250);
INSERT INTO "SCTMATCOMPONENTS_DATA2TAG" VALUES(107032,251);
INSERT INTO "SCTMATCOMPONENTS_DATA2TAG" VALUES(107032,252);
INSERT INTO "SCTMATCOMPONENTS_DATA2TAG" VALUES(107032,253);
INSERT INTO "SCTMATCOMPONENTS_DATA2TAG" VALUES(107032,254);
INSERT INTO "SCTMATCOMPONENTS_DATA2TAG" VALUES(107032,255);
INSERT INTO "SCTMATCOMPONENTS_DATA2TAG" VALUES(107032,256);
INSERT INTO "SCTMATCOMPONENTS_DATA2TAG" VALUES(107032,257);
INSERT INTO "SCTMATCOMPONENTS_DATA2TAG" VALUES(107032,258);
INSERT INTO "SCTMATCOMPONENTS_DATA2TAG" VALUES(107032,259);
INSERT INTO "SCTMATCOMPONENTS_DATA2TAG" VALUES(107032,260);
INSERT INTO "SCTMATCOMPONENTS_DATA2TAG" VALUES(107032,261);
INSERT INTO "SCTMATCOMPONENTS_DATA2TAG" VALUES(107032,262);
INSERT INTO "SCTMATCOMPONENTS_DATA2TAG" VALUES(107032,263);
INSERT INTO "SCTMATCOMPONENTS_DATA2TAG" VALUES(107032,264);
INSERT INTO "SCTMATCOMPONENTS_DATA2TAG" VALUES(107032,265);
INSERT INTO "SCTMATCOMPONENTS_DATA2TAG" VALUES(107032,266);
INSERT INTO "SCTMATCOMPONENTS_DATA2TAG" VALUES(107032,267);
INSERT INTO "SCTMATCOMPONENTS_DATA2TAG" VALUES(107032,268);
INSERT INTO "SCTMATCOMPONENTS_DATA2TAG" VALUES(107083,6);
INSERT INTO "SCTMATCOMPONENTS_DATA2TAG" VALUES(107083,9);
INSERT INTO "SCTMATCOMPONENTS_DATA2TAG" VALUES(107083,10);
INSERT INTO "SCTMATCOMPONENTS_DATA2TAG" VALUES(107083,11);
INSERT INTO "SCTMATCOMPONENTS_DATA2TAG" VALUES(107083,12);
INSERT INTO "SCTMATCOMPONENTS_DATA2TAG" VALUES(107083,13);
INSERT INTO "SCTMATCOMPONENTS_DATA2TAG" VALUES(107083,14);
INSERT INTO "SCTMATCOMPONENTS_DATA2TAG" VALUES(107083,15);
INSERT INTO "SCTMATCOMPONENTS_DATA2TAG" VALUES(107083,16);
INSERT INTO "SCTMATCOMPONENTS_DATA2TAG" VALUES(107083,17);
INSERT INTO "SCTMATCOMPONENTS_DATA2TAG" VALUES(107083,18);
INSERT INTO "SCTMATCOMPONENTS_DATA2TAG" VALUES(107083,19);
INSERT INTO "SCTMATCOMPONENTS_DATA2TAG" VALUES(107083,20);
INSERT INTO "SCTMATCOMPONENTS_DATA2TAG" VALUES(107083,21);
INSERT INTO "SCTMATCOMPONENTS_DATA2TAG" VALUES(107083,22);
INSERT INTO "SCTMATCOMPONENTS_DATA2TAG" VALUES(107083,23);
INSERT INTO "SCTMATCOMPONENTS_DATA2TAG" VALUES(107083,24);
INSERT INTO "SCTMATCOMPONENTS_DATA2TAG" VALUES(107083,25);
INSERT INTO "SCTMATCOMPONENTS_DATA2TAG" VALUES(107083,26);
INSERT INTO "SCTMATCOMPONENTS_DATA2TAG" VALUES(107083,27);
INSERT INTO "SCTMATCOMPONENTS_DATA2TAG" VALUES(107083,28);
INSERT INTO "SCTMATCOMPONENTS_DATA2TAG" VALUES(107083,29);
INSERT INTO "SCTMATCOMPONENTS_DATA2TAG" VALUES(107083,32);
INSERT INTO "SCTMATCOMPONENTS_DATA2TAG" VALUES(107083,33);
INSERT INTO "SCTMATCOMPONENTS_DATA2TAG" VALUES(107083,34);
INSERT INTO "SCTMATCOMPONENTS_DATA2TAG" VALUES(107083,35);
INSERT INTO "SCTMATCOMPONENTS_DATA2TAG" VALUES(107083,37);
INSERT INTO "SCTMATCOMPONENTS_DATA2TAG" VALUES(107083,39);
INSERT INTO "SCTMATCOMPONENTS_DATA2TAG" VALUES(107083,40);
INSERT INTO "SCTMATCOMPONENTS_DATA2TAG" VALUES(107083,41);
INSERT INTO "SCTMATCOMPONENTS_DATA2TAG" VALUES(107083,42);
INSERT INTO "SCTMATCOMPONENTS_DATA2TAG" VALUES(107083,43);
INSERT INTO "SCTMATCOMPONENTS_DATA2TAG" VALUES(107083,44);
INSERT INTO "SCTMATCOMPONENTS_DATA2TAG" VALUES(107083,45);
INSERT INTO "SCTMATCOMPONENTS_DATA2TAG" VALUES(107083,46);
INSERT INTO "SCTMATCOMPONENTS_DATA2TAG" VALUES(107083,47);
INSERT INTO "SCTMATCOMPONENTS_DATA2TAG" VALUES(107083,48);
INSERT INTO "SCTMATCOMPONENTS_DATA2TAG" VALUES(107083,49);
INSERT INTO "SCTMATCOMPONENTS_DATA2TAG" VALUES(107083,50);
INSERT INTO "SCTMATCOMPONENTS_DATA2TAG" VALUES(107083,51);
INSERT INTO "SCTMATCOMPONENTS_DATA2TAG" VALUES(107083,52);
INSERT INTO "SCTMATCOMPONENTS_DATA2TAG" VALUES(107083,53);
INSERT INTO "SCTMATCOMPONENTS_DATA2TAG" VALUES(107083,54);
INSERT INTO "SCTMATCOMPONENTS_DATA2TAG" VALUES(107083,55);
INSERT INTO "SCTMATCOMPONENTS_DATA2TAG" VALUES(107083,56);
INSERT INTO "SCTMATCOMPONENTS_DATA2TAG" VALUES(107083,57);
INSERT INTO "SCTMATCOMPONENTS_DATA2TAG" VALUES(107083,58);
INSERT INTO "SCTMATCOMPONENTS_DATA2TAG" VALUES(107083,59);
INSERT INTO "SCTMATCOMPONENTS_DATA2TAG" VALUES(107083,60);
INSERT INTO "SCTMATCOMPONENTS_DATA2TAG" VALUES(107083,61);
INSERT INTO "SCTMATCOMPONENTS_DATA2TAG" VALUES(107083,62);
INSERT INTO "SCTMATCOMPONENTS_DATA2TAG" VALUES(107083,63);
INSERT INTO "SCTMATCOMPONENTS_DATA2TAG" VALUES(107083,64);
INSERT INTO "SCTMATCOMPONENTS_DATA2TAG" VALUES(107083,65);
INSERT INTO "SCTMATCOMPONENTS_DATA2TAG" VALUES(107083,66);
INSERT INTO "SCTMATCOMPONENTS_DATA2TAG" VALUES(107083,67);
INSERT INTO "SCTMATCOMPONENTS_DATA2TAG" VALUES(107083,68);
INSERT INTO "SCTMATCOMPONENTS_DATA2TAG" VALUES(107083,69);
INSERT INTO "SCTMATCOMPONENTS_DATA2TAG" VALUES(107083,70);
INSERT INTO "SCTMATCOMPONENTS_DATA2TAG" VALUES(107083,71);
INSERT INTO "SCTMATCOMPONENTS_DATA2TAG" VALUES(107083,72);
INSERT INTO "SCTMATCOMPONENTS_DATA2TAG" VALUES(107083,73);
INSERT INTO "SCTMATCOMPONENTS_DATA2TAG" VALUES(107083,74);
INSERT INTO "SCTMATCOMPONENTS_DATA2TAG" VALUES(107083,75);
INSERT INTO "SCTMATCOMPONENTS_DATA2TAG" VALUES(107083,76);
INSERT INTO "SCTMATCOMPONENTS_DATA2TAG" VALUES(107083,77);
INSERT INTO "SCTMATCOMPONENTS_DATA2TAG" VALUES(107083,78);
INSERT INTO "SCTMATCOMPONENTS_DATA2TAG" VALUES(107083,79);
INSERT INTO "SCTMATCOMPONENTS_DATA2TAG" VALUES(107083,80);
INSERT INTO "SCTMATCOMPONENTS_DATA2TAG" VALUES(107083,81);
INSERT INTO "SCTMATCOMPONENTS_DATA2TAG" VALUES(107083,82);
INSERT INTO "SCTMATCOMPONENTS_DATA2TAG" VALUES(107083,83);
INSERT INTO "SCTMATCOMPONENTS_DATA2TAG" VALUES(107083,84);
INSERT INTO "SCTMATCOMPONENTS_DATA2TAG" VALUES(107083,85);
INSERT INTO "SCTMATCOMPONENTS_DATA2TAG" VALUES(107083,86);
INSERT INTO "SCTMATCOMPONENTS_DATA2TAG" VALUES(107083,87);
INSERT INTO "SCTMATCOMPONENTS_DATA2TAG" VALUES(107083,88);
INSERT INTO "SCTMATCOMPONENTS_DATA2TAG" VALUES(107083,89);
INSERT INTO "SCTMATCOMPONENTS_DATA2TAG" VALUES(107083,90);
INSERT INTO "SCTMATCOMPONENTS_DATA2TAG" VALUES(107083,91);
INSERT INTO "SCTMATCOMPONENTS_DATA2TAG" VALUES(107083,92);
INSERT INTO "SCTMATCOMPONENTS_DATA2TAG" VALUES(107083,102);
INSERT INTO "SCTMATCOMPONENTS_DATA2TAG" VALUES(107083,103);
INSERT INTO "SCTMATCOMPONENTS_DATA2TAG" VALUES(107083,104);
INSERT INTO "SCTMATCOMPONENTS_DATA2TAG" VALUES(107083,105);
INSERT INTO "SCTMATCOMPONENTS_DATA2TAG" VALUES(107083,106);
INSERT INTO "SCTMATCOMPONENTS_DATA2TAG" VALUES(107083,107);
INSERT INTO "SCTMATCOMPONENTS_DATA2TAG" VALUES(107083,108);
INSERT INTO "SCTMATCOMPONENTS_DATA2TAG" VALUES(107083,123);
INSERT INTO "SCTMATCOMPONENTS_DATA2TAG" VALUES(107083,124);
INSERT INTO "SCTMATCOMPONENTS_DATA2TAG" VALUES(107083,125);
INSERT INTO "SCTMATCOMPONENTS_DATA2TAG" VALUES(107083,126);
INSERT INTO "SCTMATCOMPONENTS_DATA2TAG" VALUES(107083,127);
INSERT INTO "SCTMATCOMPONENTS_DATA2TAG" VALUES(107083,128);
INSERT INTO "SCTMATCOMPONENTS_DATA2TAG" VALUES(107083,129);
INSERT INTO "SCTMATCOMPONENTS_DATA2TAG" VALUES(107083,130);
INSERT INTO "SCTMATCOMPONENTS_DATA2TAG" VALUES(107083,131);
INSERT INTO "SCTMATCOMPONENTS_DATA2TAG" VALUES(107083,132);
INSERT INTO "SCTMATCOMPONENTS_DATA2TAG" VALUES(107083,133);
INSERT INTO "SCTMATCOMPONENTS_DATA2TAG" VALUES(107083,134);
INSERT INTO "SCTMATCOMPONENTS_DATA2TAG" VALUES(107083,135);
INSERT INTO "SCTMATCOMPONENTS_DATA2TAG" VALUES(107083,136);
INSERT INTO "SCTMATCOMPONENTS_DATA2TAG" VALUES(107083,137);
INSERT INTO "SCTMATCOMPONENTS_DATA2TAG" VALUES(107083,138);
INSERT INTO "SCTMATCOMPONENTS_DATA2TAG" VALUES(107083,139);
INSERT INTO "SCTMATCOMPONENTS_DATA2TAG" VALUES(107083,140);
INSERT INTO "SCTMATCOMPONENTS_DATA2TAG" VALUES(107083,141);
INSERT INTO "SCTMATCOMPONENTS_DATA2TAG" VALUES(107083,142);
INSERT INTO "SCTMATCOMPONENTS_DATA2TAG" VALUES(107083,143);
INSERT INTO "SCTMATCOMPONENTS_DATA2TAG" VALUES(107083,144);
INSERT INTO "SCTMATCOMPONENTS_DATA2TAG" VALUES(107083,145);
INSERT INTO "SCTMATCOMPONENTS_DATA2TAG" VALUES(107083,146);
INSERT INTO "SCTMATCOMPONENTS_DATA2TAG" VALUES(107083,147);
INSERT INTO "SCTMATCOMPONENTS_DATA2TAG" VALUES(107083,148);
INSERT INTO "SCTMATCOMPONENTS_DATA2TAG" VALUES(107083,149);
INSERT INTO "SCTMATCOMPONENTS_DATA2TAG" VALUES(107083,150);
INSERT INTO "SCTMATCOMPONENTS_DATA2TAG" VALUES(107083,151);
INSERT INTO "SCTMATCOMPONENTS_DATA2TAG" VALUES(107083,152);
INSERT INTO "SCTMATCOMPONENTS_DATA2TAG" VALUES(107083,153);
INSERT INTO "SCTMATCOMPONENTS_DATA2TAG" VALUES(107083,154);
INSERT INTO "SCTMATCOMPONENTS_DATA2TAG" VALUES(107083,155);
INSERT INTO "SCTMATCOMPONENTS_DATA2TAG" VALUES(107083,156);
INSERT INTO "SCTMATCOMPONENTS_DATA2TAG" VALUES(107083,157);
INSERT INTO "SCTMATCOMPONENTS_DATA2TAG" VALUES(107083,158);
INSERT INTO "SCTMATCOMPONENTS_DATA2TAG" VALUES(107083,159);
INSERT INTO "SCTMATCOMPONENTS_DATA2TAG" VALUES(107083,160);
INSERT INTO "SCTMATCOMPONENTS_DATA2TAG" VALUES(107083,161);
INSERT INTO "SCTMATCOMPONENTS_DATA2TAG" VALUES(107083,162);
INSERT INTO "SCTMATCOMPONENTS_DATA2TAG" VALUES(107083,163);
INSERT INTO "SCTMATCOMPONENTS_DATA2TAG" VALUES(107083,164);
INSERT INTO "SCTMATCOMPONENTS_DATA2TAG" VALUES(107083,165);
INSERT INTO "SCTMATCOMPONENTS_DATA2TAG" VALUES(107083,166);
INSERT INTO "SCTMATCOMPONENTS_DATA2TAG" VALUES(107083,167);
INSERT INTO "SCTMATCOMPONENTS_DATA2TAG" VALUES(107083,168);
INSERT INTO "SCTMATCOMPONENTS_DATA2TAG" VALUES(107083,169);
INSERT INTO "SCTMATCOMPONENTS_DATA2TAG" VALUES(107083,170);
INSERT INTO "SCTMATCOMPONENTS_DATA2TAG" VALUES(107083,171);
INSERT INTO "SCTMATCOMPONENTS_DATA2TAG" VALUES(107083,172);
INSERT INTO "SCTMATCOMPONENTS_DATA2TAG" VALUES(107083,173);
INSERT INTO "SCTMATCOMPONENTS_DATA2TAG" VALUES(107083,174);
INSERT INTO "SCTMATCOMPONENTS_DATA2TAG" VALUES(107083,175);
INSERT INTO "SCTMATCOMPONENTS_DATA2TAG" VALUES(107083,176);
INSERT INTO "SCTMATCOMPONENTS_DATA2TAG" VALUES(107083,177);
INSERT INTO "SCTMATCOMPONENTS_DATA2TAG" VALUES(107083,178);
INSERT INTO "SCTMATCOMPONENTS_DATA2TAG" VALUES(107083,179);
INSERT INTO "SCTMATCOMPONENTS_DATA2TAG" VALUES(107083,180);
INSERT INTO "SCTMATCOMPONENTS_DATA2TAG" VALUES(107083,181);
INSERT INTO "SCTMATCOMPONENTS_DATA2TAG" VALUES(107083,182);
INSERT INTO "SCTMATCOMPONENTS_DATA2TAG" VALUES(107083,183);
INSERT INTO "SCTMATCOMPONENTS_DATA2TAG" VALUES(107083,184);
INSERT INTO "SCTMATCOMPONENTS_DATA2TAG" VALUES(107083,185);
INSERT INTO "SCTMATCOMPONENTS_DATA2TAG" VALUES(107083,186);
INSERT INTO "SCTMATCOMPONENTS_DATA2TAG" VALUES(107083,187);
INSERT INTO "SCTMATCOMPONENTS_DATA2TAG" VALUES(107083,188);
INSERT INTO "SCTMATCOMPONENTS_DATA2TAG" VALUES(107083,189);
INSERT INTO "SCTMATCOMPONENTS_DATA2TAG" VALUES(107083,190);
INSERT INTO "SCTMATCOMPONENTS_DATA2TAG" VALUES(107083,191);
INSERT INTO "SCTMATCOMPONENTS_DATA2TAG" VALUES(107083,192);
INSERT INTO "SCTMATCOMPONENTS_DATA2TAG" VALUES(107083,193);
INSERT INTO "SCTMATCOMPONENTS_DATA2TAG" VALUES(107083,194);
INSERT INTO "SCTMATCOMPONENTS_DATA2TAG" VALUES(107083,195);
INSERT INTO "SCTMATCOMPONENTS_DATA2TAG" VALUES(107083,196);
INSERT INTO "SCTMATCOMPONENTS_DATA2TAG" VALUES(107083,197);
INSERT INTO "SCTMATCOMPONENTS_DATA2TAG" VALUES(107083,198);
INSERT INTO "SCTMATCOMPONENTS_DATA2TAG" VALUES(107083,199);
INSERT INTO "SCTMATCOMPONENTS_DATA2TAG" VALUES(107083,200);
INSERT INTO "SCTMATCOMPONENTS_DATA2TAG" VALUES(107083,201);
INSERT INTO "SCTMATCOMPONENTS_DATA2TAG" VALUES(107083,202);
INSERT INTO "SCTMATCOMPONENTS_DATA2TAG" VALUES(107083,203);
INSERT INTO "SCTMATCOMPONENTS_DATA2TAG" VALUES(107083,204);
INSERT INTO "SCTMATCOMPONENTS_DATA2TAG" VALUES(107083,205);
INSERT INTO "SCTMATCOMPONENTS_DATA2TAG" VALUES(107083,206);
INSERT INTO "SCTMATCOMPONENTS_DATA2TAG" VALUES(107083,207);
INSERT INTO "SCTMATCOMPONENTS_DATA2TAG" VALUES(107083,215);
INSERT INTO "SCTMATCOMPONENTS_DATA2TAG" VALUES(107083,216);
INSERT INTO "SCTMATCOMPONENTS_DATA2TAG" VALUES(107083,217);
INSERT INTO "SCTMATCOMPONENTS_DATA2TAG" VALUES(107083,218);
INSERT INTO "SCTMATCOMPONENTS_DATA2TAG" VALUES(107083,219);
INSERT INTO "SCTMATCOMPONENTS_DATA2TAG" VALUES(107083,220);
INSERT INTO "SCTMATCOMPONENTS_DATA2TAG" VALUES(107083,221);
INSERT INTO "SCTMATCOMPONENTS_DATA2TAG" VALUES(107083,222);
INSERT INTO "SCTMATCOMPONENTS_DATA2TAG" VALUES(107083,223);
INSERT INTO "SCTMATCOMPONENTS_DATA2TAG" VALUES(107083,224);
INSERT INTO "SCTMATCOMPONENTS_DATA2TAG" VALUES(107083,225);
INSERT INTO "SCTMATCOMPONENTS_DATA2TAG" VALUES(107083,231);
INSERT INTO "SCTMATCOMPONENTS_DATA2TAG" VALUES(107083,232);
INSERT INTO "SCTMATCOMPONENTS_DATA2TAG" VALUES(107083,237);
INSERT INTO "SCTMATCOMPONENTS_DATA2TAG" VALUES(107083,238);
INSERT INTO "SCTMATCOMPONENTS_DATA2TAG" VALUES(107083,244);
INSERT INTO "SCTMATCOMPONENTS_DATA2TAG" VALUES(107083,247);
INSERT INTO "SCTMATCOMPONENTS_DATA2TAG" VALUES(107083,248);
INSERT INTO "SCTMATCOMPONENTS_DATA2TAG" VALUES(107083,254);
INSERT INTO "SCTMATCOMPONENTS_DATA2TAG" VALUES(107083,255);
INSERT INTO "SCTMATCOMPONENTS_DATA2TAG" VALUES(107083,256);
INSERT INTO "SCTMATCOMPONENTS_DATA2TAG" VALUES(107083,257);
INSERT INTO "SCTMATCOMPONENTS_DATA2TAG" VALUES(107083,258);
INSERT INTO "SCTMATCOMPONENTS_DATA2TAG" VALUES(107083,259);
INSERT INTO "SCTMATCOMPONENTS_DATA2TAG" VALUES(107083,260);
INSERT INTO "SCTMATCOMPONENTS_DATA2TAG" VALUES(107083,261);
INSERT INTO "SCTMATCOMPONENTS_DATA2TAG" VALUES(107083,262);
INSERT INTO "SCTMATCOMPONENTS_DATA2TAG" VALUES(107083,263);
INSERT INTO "SCTMATCOMPONENTS_DATA2TAG" VALUES(107083,269);
INSERT INTO "SCTMATCOMPONENTS_DATA2TAG" VALUES(107083,270);
INSERT INTO "SCTMATCOMPONENTS_DATA2TAG" VALUES(107083,271);
INSERT INTO "SCTMATCOMPONENTS_DATA2TAG" VALUES(107083,272);
INSERT INTO "SCTMATCOMPONENTS_DATA2TAG" VALUES(107083,273);
INSERT INTO "SCTMATCOMPONENTS_DATA2TAG" VALUES(107083,274);
INSERT INTO "SCTMATCOMPONENTS_DATA2TAG" VALUES(107083,275);
INSERT INTO "SCTMATCOMPONENTS_DATA2TAG" VALUES(107083,276);
INSERT INTO "SCTMATCOMPONENTS_DATA2TAG" VALUES(107083,277);
INSERT INTO "SCTMATCOMPONENTS_DATA2TAG" VALUES(107083,278);
INSERT INTO "SCTMATCOMPONENTS_DATA2TAG" VALUES(107083,279);
INSERT INTO "SCTMATCOMPONENTS_DATA2TAG" VALUES(107083,280);
INSERT INTO "SCTMATCOMPONENTS_DATA2TAG" VALUES(107083,281);
INSERT INTO "SCTMATCOMPONENTS_DATA2TAG" VALUES(107083,282);
INSERT INTO "SCTMATCOMPONENTS_DATA2TAG" VALUES(107083,283);
INSERT INTO "SCTMATCOMPONENTS_DATA2TAG" VALUES(107083,284);
INSERT INTO "SCTMATCOMPONENTS_DATA2TAG" VALUES(107083,285);
INSERT INTO "SCTMATCOMPONENTS_DATA2TAG" VALUES(107083,286);
INSERT INTO "SCTMATCOMPONENTS_DATA2TAG" VALUES(107083,287);
INSERT INTO "SCTMATCOMPONENTS_DATA2TAG" VALUES(107083,288);
INSERT INTO "SCTMATCOMPONENTS_DATA2TAG" VALUES(107083,289);
INSERT INTO "SCTMATCOMPONENTS_DATA2TAG" VALUES(107083,290);
INSERT INTO "SCTMATCOMPONENTS_DATA2TAG" VALUES(107083,291);
INSERT INTO "SCTMATCOMPONENTS_DATA2TAG" VALUES(107083,292);
INSERT INTO "SCTMATCOMPONENTS_DATA2TAG" VALUES(107083,293);
INSERT INTO "SCTMATCOMPONENTS_DATA2TAG" VALUES(107083,294);
INSERT INTO "SCTMATCOMPONENTS_DATA2TAG" VALUES(107083,295);
INSERT INTO "SCTMATCOMPONENTS_DATA2TAG" VALUES(107083,296);
INSERT INTO "SCTMATCOMPONENTS_DATA2TAG" VALUES(107083,297);
INSERT INTO "SCTMATCOMPONENTS_DATA2TAG" VALUES(107083,298);
INSERT INTO "SCTMATCOMPONENTS_DATA2TAG" VALUES(107083,299);
INSERT INTO "SCTMATCOMPONENTS_DATA2TAG" VALUES(107083,300);
INSERT INTO "SCTMATCOMPONENTS_DATA2TAG" VALUES(107083,301);
INSERT INTO "SCTMATCOMPONENTS_DATA2TAG" VALUES(107083,302);
INSERT INTO "SCTMATCOMPONENTS_DATA2TAG" VALUES(107083,303);
INSERT INTO "SCTMATCOMPONENTS_DATA2TAG" VALUES(107083,304);
INSERT INTO "SCTMATCOMPONENTS_DATA2TAG" VALUES(107083,305);
INSERT INTO "SCTMATCOMPONENTS_DATA2TAG" VALUES(107083,306);
INSERT INTO "SCTMATCOMPONENTS_DATA2TAG" VALUES(107083,307);
INSERT INTO "SCTMATCOMPONENTS_DATA2TAG" VALUES(107083,308);
INSERT INTO "SCTMATCOMPONENTS_DATA2TAG" VALUES(107083,309);
INSERT INTO "SCTMATCOMPONENTS_DATA2TAG" VALUES(107083,310);
INSERT INTO "SCTMATCOMPONENTS_DATA2TAG" VALUES(107083,311);
INSERT INTO "SCTMATCOMPONENTS_DATA2TAG" VALUES(107083,312);
INSERT INTO "SCTMATCOMPONENTS_DATA2TAG" VALUES(107083,313);
INSERT INTO "SCTMATCOMPONENTS_DATA2TAG" VALUES(107083,314);
INSERT INTO "SCTMATCOMPONENTS_DATA2TAG" VALUES(107083,315);
INSERT INTO "SCTMATCOMPONENTS_DATA2TAG" VALUES(107083,316);
INSERT INTO "SCTMATCOMPONENTS_DATA2TAG" VALUES(107083,317);
INSERT INTO "SCTMATCOMPONENTS_DATA2TAG" VALUES(107083,318);
INSERT INTO "SCTMATCOMPONENTS_DATA2TAG" VALUES(107083,319);
INSERT INTO "SCTMATCOMPONENTS_DATA2TAG" VALUES(107083,320);
INSERT INTO "SCTMATCOMPONENTS_DATA2TAG" VALUES(107083,321);
INSERT INTO "SCTMATCOMPONENTS_DATA2TAG" VALUES(107083,322);
INSERT INTO "SCTMATCOMPONENTS_DATA2TAG" VALUES(107083,323);
INSERT INTO "SCTMATCOMPONENTS_DATA2TAG" VALUES(107083,324);
INSERT INTO "SCTMATCOMPONENTS_DATA2TAG" VALUES(107083,325);
INSERT INTO "SCTMATCOMPONENTS_DATA2TAG" VALUES(107083,326);
INSERT INTO "SCTMATCOMPONENTS_DATA2TAG" VALUES(107129,9);
INSERT INTO "SCTMATCOMPONENTS_DATA2TAG" VALUES(107129,10);
INSERT INTO "SCTMATCOMPONENTS_DATA2TAG" VALUES(107129,13);
INSERT INTO "SCTMATCOMPONENTS_DATA2TAG" VALUES(107129,14);
INSERT INTO "SCTMATCOMPONENTS_DATA2TAG" VALUES(107129,15);
INSERT INTO "SCTMATCOMPONENTS_DATA2TAG" VALUES(107129,16);
INSERT INTO "SCTMATCOMPONENTS_DATA2TAG" VALUES(107129,17);
INSERT INTO "SCTMATCOMPONENTS_DATA2TAG" VALUES(107129,18);
INSERT INTO "SCTMATCOMPONENTS_DATA2TAG" VALUES(107129,19);
INSERT INTO "SCTMATCOMPONENTS_DATA2TAG" VALUES(107129,20);
INSERT INTO "SCTMATCOMPONENTS_DATA2TAG" VALUES(107129,21);
INSERT INTO "SCTMATCOMPONENTS_DATA2TAG" VALUES(107129,22);
INSERT INTO "SCTMATCOMPONENTS_DATA2TAG" VALUES(107129,23);
INSERT INTO "SCTMATCOMPONENTS_DATA2TAG" VALUES(107129,24);
INSERT INTO "SCTMATCOMPONENTS_DATA2TAG" VALUES(107129,25);
INSERT INTO "SCTMATCOMPONENTS_DATA2TAG" VALUES(107129,26);
INSERT INTO "SCTMATCOMPONENTS_DATA2TAG" VALUES(107129,27);
INSERT INTO "SCTMATCOMPONENTS_DATA2TAG" VALUES(107129,32);
INSERT INTO "SCTMATCOMPONENTS_DATA2TAG" VALUES(107129,33);
INSERT INTO "SCTMATCOMPONENTS_DATA2TAG" VALUES(107129,34);
INSERT INTO "SCTMATCOMPONENTS_DATA2TAG" VALUES(107129,35);
INSERT INTO "SCTMATCOMPONENTS_DATA2TAG" VALUES(107129,37);
INSERT INTO "SCTMATCOMPONENTS_DATA2TAG" VALUES(107129,39);
INSERT INTO "SCTMATCOMPONENTS_DATA2TAG" VALUES(107129,40);
INSERT INTO "SCTMATCOMPONENTS_DATA2TAG" VALUES(107129,41);
INSERT INTO "SCTMATCOMPONENTS_DATA2TAG" VALUES(107129,42);
INSERT INTO "SCTMATCOMPONENTS_DATA2TAG" VALUES(107129,43);
INSERT INTO "SCTMATCOMPONENTS_DATA2TAG" VALUES(107129,44);
INSERT INTO "SCTMATCOMPONENTS_DATA2TAG" VALUES(107129,45);
INSERT INTO "SCTMATCOMPONENTS_DATA2TAG" VALUES(107129,46);
INSERT INTO "SCTMATCOMPONENTS_DATA2TAG" VALUES(107129,47);
INSERT INTO "SCTMATCOMPONENTS_DATA2TAG" VALUES(107129,48);
INSERT INTO "SCTMATCOMPONENTS_DATA2TAG" VALUES(107129,49);
INSERT INTO "SCTMATCOMPONENTS_DATA2TAG" VALUES(107129,50);
INSERT INTO "SCTMATCOMPONENTS_DATA2TAG" VALUES(107129,51);
INSERT INTO "SCTMATCOMPONENTS_DATA2TAG" VALUES(107129,52);
INSERT INTO "SCTMATCOMPONENTS_DATA2TAG" VALUES(107129,53);
INSERT INTO "SCTMATCOMPONENTS_DATA2TAG" VALUES(107129,54);
INSERT INTO "SCTMATCOMPONENTS_DATA2TAG" VALUES(107129,55);
INSERT INTO "SCTMATCOMPONENTS_DATA2TAG" VALUES(107129,56);
INSERT INTO "SCTMATCOMPONENTS_DATA2TAG" VALUES(107129,57);
INSERT INTO "SCTMATCOMPONENTS_DATA2TAG" VALUES(107129,58);
INSERT INTO "SCTMATCOMPONENTS_DATA2TAG" VALUES(107129,59);
INSERT INTO "SCTMATCOMPONENTS_DATA2TAG" VALUES(107129,60);
INSERT INTO "SCTMATCOMPONENTS_DATA2TAG" VALUES(107129,61);
INSERT INTO "SCTMATCOMPONENTS_DATA2TAG" VALUES(107129,62);
INSERT INTO "SCTMATCOMPONENTS_DATA2TAG" VALUES(107129,63);
INSERT INTO "SCTMATCOMPONENTS_DATA2TAG" VALUES(107129,64);
INSERT INTO "SCTMATCOMPONENTS_DATA2TAG" VALUES(107129,65);
INSERT INTO "SCTMATCOMPONENTS_DATA2TAG" VALUES(107129,66);
INSERT INTO "SCTMATCOMPONENTS_DATA2TAG" VALUES(107129,67);
INSERT INTO "SCTMATCOMPONENTS_DATA2TAG" VALUES(107129,68);
INSERT INTO "SCTMATCOMPONENTS_DATA2TAG" VALUES(107129,69);
INSERT INTO "SCTMATCOMPONENTS_DATA2TAG" VALUES(107129,102);
INSERT INTO "SCTMATCOMPONENTS_DATA2TAG" VALUES(107129,103);
INSERT INTO "SCTMATCOMPONENTS_DATA2TAG" VALUES(107129,104);
INSERT INTO "SCTMATCOMPONENTS_DATA2TAG" VALUES(107129,105);
INSERT INTO "SCTMATCOMPONENTS_DATA2TAG" VALUES(107129,106);
INSERT INTO "SCTMATCOMPONENTS_DATA2TAG" VALUES(107129,107);
INSERT INTO "SCTMATCOMPONENTS_DATA2TAG" VALUES(107129,108);
INSERT INTO "SCTMATCOMPONENTS_DATA2TAG" VALUES(107129,123);
INSERT INTO "SCTMATCOMPONENTS_DATA2TAG" VALUES(107129,124);
INSERT INTO "SCTMATCOMPONENTS_DATA2TAG" VALUES(107129,125);
INSERT INTO "SCTMATCOMPONENTS_DATA2TAG" VALUES(107129,126);
INSERT INTO "SCTMATCOMPONENTS_DATA2TAG" VALUES(107129,127);
INSERT INTO "SCTMATCOMPONENTS_DATA2TAG" VALUES(107129,128);
INSERT INTO "SCTMATCOMPONENTS_DATA2TAG" VALUES(107129,129);
INSERT INTO "SCTMATCOMPONENTS_DATA2TAG" VALUES(107129,130);
INSERT INTO "SCTMATCOMPONENTS_DATA2TAG" VALUES(107129,131);
INSERT INTO "SCTMATCOMPONENTS_DATA2TAG" VALUES(107129,132);
INSERT INTO "SCTMATCOMPONENTS_DATA2TAG" VALUES(107129,133);
INSERT INTO "SCTMATCOMPONENTS_DATA2TAG" VALUES(107129,134);
INSERT INTO "SCTMATCOMPONENTS_DATA2TAG" VALUES(107129,135);
INSERT INTO "SCTMATCOMPONENTS_DATA2TAG" VALUES(107129,136);
INSERT INTO "SCTMATCOMPONENTS_DATA2TAG" VALUES(107129,137);
INSERT INTO "SCTMATCOMPONENTS_DATA2TAG" VALUES(107129,138);
INSERT INTO "SCTMATCOMPONENTS_DATA2TAG" VALUES(107129,139);
INSERT INTO "SCTMATCOMPONENTS_DATA2TAG" VALUES(107129,140);
INSERT INTO "SCTMATCOMPONENTS_DATA2TAG" VALUES(107129,141);
INSERT INTO "SCTMATCOMPONENTS_DATA2TAG" VALUES(107129,142);
INSERT INTO "SCTMATCOMPONENTS_DATA2TAG" VALUES(107129,143);
INSERT INTO "SCTMATCOMPONENTS_DATA2TAG" VALUES(107129,144);
INSERT INTO "SCTMATCOMPONENTS_DATA2TAG" VALUES(107129,145);
INSERT INTO "SCTMATCOMPONENTS_DATA2TAG" VALUES(107129,146);
INSERT INTO "SCTMATCOMPONENTS_DATA2TAG" VALUES(107129,147);
INSERT INTO "SCTMATCOMPONENTS_DATA2TAG" VALUES(107129,148);
INSERT INTO "SCTMATCOMPONENTS_DATA2TAG" VALUES(107129,149);
INSERT INTO "SCTMATCOMPONENTS_DATA2TAG" VALUES(107129,150);
INSERT INTO "SCTMATCOMPONENTS_DATA2TAG" VALUES(107129,151);
INSERT INTO "SCTMATCOMPONENTS_DATA2TAG" VALUES(107129,152);
INSERT INTO "SCTMATCOMPONENTS_DATA2TAG" VALUES(107129,153);
INSERT INTO "SCTMATCOMPONENTS_DATA2TAG" VALUES(107129,154);
INSERT INTO "SCTMATCOMPONENTS_DATA2TAG" VALUES(107129,155);
INSERT INTO "SCTMATCOMPONENTS_DATA2TAG" VALUES(107129,156);
INSERT INTO "SCTMATCOMPONENTS_DATA2TAG" VALUES(107129,157);
INSERT INTO "SCTMATCOMPONENTS_DATA2TAG" VALUES(107129,158);
INSERT INTO "SCTMATCOMPONENTS_DATA2TAG" VALUES(107129,159);
INSERT INTO "SCTMATCOMPONENTS_DATA2TAG" VALUES(107129,160);
INSERT INTO "SCTMATCOMPONENTS_DATA2TAG" VALUES(107129,161);
INSERT INTO "SCTMATCOMPONENTS_DATA2TAG" VALUES(107129,162);
INSERT INTO "SCTMATCOMPONENTS_DATA2TAG" VALUES(107129,163);
INSERT INTO "SCTMATCOMPONENTS_DATA2TAG" VALUES(107129,164);
INSERT INTO "SCTMATCOMPONENTS_DATA2TAG" VALUES(107129,165);
INSERT INTO "SCTMATCOMPONENTS_DATA2TAG" VALUES(107129,166);
INSERT INTO "SCTMATCOMPONENTS_DATA2TAG" VALUES(107129,167);
INSERT INTO "SCTMATCOMPONENTS_DATA2TAG" VALUES(107129,168);
INSERT INTO "SCTMATCOMPONENTS_DATA2TAG" VALUES(107129,169);
INSERT INTO "SCTMATCOMPONENTS_DATA2TAG" VALUES(107129,170);
INSERT INTO "SCTMATCOMPONENTS_DATA2TAG" VALUES(107129,171);
INSERT INTO "SCTMATCOMPONENTS_DATA2TAG" VALUES(107129,172);
INSERT INTO "SCTMATCOMPONENTS_DATA2TAG" VALUES(107129,173);
INSERT INTO "SCTMATCOMPONENTS_DATA2TAG" VALUES(107129,174);
INSERT INTO "SCTMATCOMPONENTS_DATA2TAG" VALUES(107129,175);
INSERT INTO "SCTMATCOMPONENTS_DATA2TAG" VALUES(107129,176);
INSERT INTO "SCTMATCOMPONENTS_DATA2TAG" VALUES(107129,177);
INSERT INTO "SCTMATCOMPONENTS_DATA2TAG" VALUES(107129,178);
INSERT INTO "SCTMATCOMPONENTS_DATA2TAG" VALUES(107129,179);
INSERT INTO "SCTMATCOMPONENTS_DATA2TAG" VALUES(107129,180);
INSERT INTO "SCTMATCOMPONENTS_DATA2TAG" VALUES(107129,181);
INSERT INTO "SCTMATCOMPONENTS_DATA2TAG" VALUES(107129,182);
INSERT INTO "SCTMATCOMPONENTS_DATA2TAG" VALUES(107129,183);
INSERT INTO "SCTMATCOMPONENTS_DATA2TAG" VALUES(107129,184);
INSERT INTO "SCTMATCOMPONENTS_DATA2TAG" VALUES(107129,185);
INSERT INTO "SCTMATCOMPONENTS_DATA2TAG" VALUES(107129,186);
INSERT INTO "SCTMATCOMPONENTS_DATA2TAG" VALUES(107129,187);
INSERT INTO "SCTMATCOMPONENTS_DATA2TAG" VALUES(107129,188);
INSERT INTO "SCTMATCOMPONENTS_DATA2TAG" VALUES(107129,189);
INSERT INTO "SCTMATCOMPONENTS_DATA2TAG" VALUES(107129,190);
INSERT INTO "SCTMATCOMPONENTS_DATA2TAG" VALUES(107129,191);
INSERT INTO "SCTMATCOMPONENTS_DATA2TAG" VALUES(107129,192);
INSERT INTO "SCTMATCOMPONENTS_DATA2TAG" VALUES(107129,193);
INSERT INTO "SCTMATCOMPONENTS_DATA2TAG" VALUES(107129,194);
INSERT INTO "SCTMATCOMPONENTS_DATA2TAG" VALUES(107129,195);
INSERT INTO "SCTMATCOMPONENTS_DATA2TAG" VALUES(107129,196);
INSERT INTO "SCTMATCOMPONENTS_DATA2TAG" VALUES(107129,197);
INSERT INTO "SCTMATCOMPONENTS_DATA2TAG" VALUES(107129,198);
INSERT INTO "SCTMATCOMPONENTS_DATA2TAG" VALUES(107129,199);
INSERT INTO "SCTMATCOMPONENTS_DATA2TAG" VALUES(107129,200);
INSERT INTO "SCTMATCOMPONENTS_DATA2TAG" VALUES(107129,201);
INSERT INTO "SCTMATCOMPONENTS_DATA2TAG" VALUES(107129,202);
INSERT INTO "SCTMATCOMPONENTS_DATA2TAG" VALUES(107129,203);
INSERT INTO "SCTMATCOMPONENTS_DATA2TAG" VALUES(107129,204);
INSERT INTO "SCTMATCOMPONENTS_DATA2TAG" VALUES(107129,205);
INSERT INTO "SCTMATCOMPONENTS_DATA2TAG" VALUES(107129,206);
INSERT INTO "SCTMATCOMPONENTS_DATA2TAG" VALUES(107129,207);
INSERT INTO "SCTMATCOMPONENTS_DATA2TAG" VALUES(107129,215);
INSERT INTO "SCTMATCOMPONENTS_DATA2TAG" VALUES(107129,216);
INSERT INTO "SCTMATCOMPONENTS_DATA2TAG" VALUES(107129,217);
INSERT INTO "SCTMATCOMPONENTS_DATA2TAG" VALUES(107129,218);
INSERT INTO "SCTMATCOMPONENTS_DATA2TAG" VALUES(107129,219);
INSERT INTO "SCTMATCOMPONENTS_DATA2TAG" VALUES(107129,220);
INSERT INTO "SCTMATCOMPONENTS_DATA2TAG" VALUES(107129,221);
INSERT INTO "SCTMATCOMPONENTS_DATA2TAG" VALUES(107129,222);
INSERT INTO "SCTMATCOMPONENTS_DATA2TAG" VALUES(107129,223);
INSERT INTO "SCTMATCOMPONENTS_DATA2TAG" VALUES(107129,224);
INSERT INTO "SCTMATCOMPONENTS_DATA2TAG" VALUES(107129,225);
INSERT INTO "SCTMATCOMPONENTS_DATA2TAG" VALUES(107129,231);
INSERT INTO "SCTMATCOMPONENTS_DATA2TAG" VALUES(107129,232);
INSERT INTO "SCTMATCOMPONENTS_DATA2TAG" VALUES(107129,237);
INSERT INTO "SCTMATCOMPONENTS_DATA2TAG" VALUES(107129,238);
INSERT INTO "SCTMATCOMPONENTS_DATA2TAG" VALUES(107129,244);
INSERT INTO "SCTMATCOMPONENTS_DATA2TAG" VALUES(107129,247);
INSERT INTO "SCTMATCOMPONENTS_DATA2TAG" VALUES(107129,248);
INSERT INTO "SCTMATCOMPONENTS_DATA2TAG" VALUES(107129,254);
INSERT INTO "SCTMATCOMPONENTS_DATA2TAG" VALUES(107129,255);
INSERT INTO "SCTMATCOMPONENTS_DATA2TAG" VALUES(107129,256);
INSERT INTO "SCTMATCOMPONENTS_DATA2TAG" VALUES(107129,257);
INSERT INTO "SCTMATCOMPONENTS_DATA2TAG" VALUES(107129,259);
INSERT INTO "SCTMATCOMPONENTS_DATA2TAG" VALUES(107129,260);
INSERT INTO "SCTMATCOMPONENTS_DATA2TAG" VALUES(107129,261);
INSERT INTO "SCTMATCOMPONENTS_DATA2TAG" VALUES(107129,262);
INSERT INTO "SCTMATCOMPONENTS_DATA2TAG" VALUES(107129,263);
INSERT INTO "SCTMATCOMPONENTS_DATA2TAG" VALUES(107129,269);
INSERT INTO "SCTMATCOMPONENTS_DATA2TAG" VALUES(107129,270);
INSERT INTO "SCTMATCOMPONENTS_DATA2TAG" VALUES(107129,271);
INSERT INTO "SCTMATCOMPONENTS_DATA2TAG" VALUES(107129,272);
INSERT INTO "SCTMATCOMPONENTS_DATA2TAG" VALUES(107129,273);
INSERT INTO "SCTMATCOMPONENTS_DATA2TAG" VALUES(107129,274);
INSERT INTO "SCTMATCOMPONENTS_DATA2TAG" VALUES(107129,275);
INSERT INTO "SCTMATCOMPONENTS_DATA2TAG" VALUES(107129,276);
INSERT INTO "SCTMATCOMPONENTS_DATA2TAG" VALUES(107129,277);
INSERT INTO "SCTMATCOMPONENTS_DATA2TAG" VALUES(107129,278);
INSERT INTO "SCTMATCOMPONENTS_DATA2TAG" VALUES(107129,279);
INSERT INTO "SCTMATCOMPONENTS_DATA2TAG" VALUES(107129,280);
INSERT INTO "SCTMATCOMPONENTS_DATA2TAG" VALUES(107129,281);
INSERT INTO "SCTMATCOMPONENTS_DATA2TAG" VALUES(107129,282);
INSERT INTO "SCTMATCOMPONENTS_DATA2TAG" VALUES(107129,283);
INSERT INTO "SCTMATCOMPONENTS_DATA2TAG" VALUES(107129,284);
INSERT INTO "SCTMATCOMPONENTS_DATA2TAG" VALUES(107129,285);
INSERT INTO "SCTMATCOMPONENTS_DATA2TAG" VALUES(107129,286);
INSERT INTO "SCTMATCOMPONENTS_DATA2TAG" VALUES(107129,287);
INSERT INTO "SCTMATCOMPONENTS_DATA2TAG" VALUES(107129,288);
INSERT INTO "SCTMATCOMPONENTS_DATA2TAG" VALUES(107129,289);
INSERT INTO "SCTMATCOMPONENTS_DATA2TAG" VALUES(107129,290);
INSERT INTO "SCTMATCOMPONENTS_DATA2TAG" VALUES(107129,291);
INSERT INTO "SCTMATCOMPONENTS_DATA2TAG" VALUES(107129,292);
INSERT INTO "SCTMATCOMPONENTS_DATA2TAG" VALUES(107129,293);
INSERT INTO "SCTMATCOMPONENTS_DATA2TAG" VALUES(107129,294);
INSERT INTO "SCTMATCOMPONENTS_DATA2TAG" VALUES(107129,295);
INSERT INTO "SCTMATCOMPONENTS_DATA2TAG" VALUES(107129,296);
INSERT INTO "SCTMATCOMPONENTS_DATA2TAG" VALUES(107129,297);
INSERT INTO "SCTMATCOMPONENTS_DATA2TAG" VALUES(107129,298);
INSERT INTO "SCTMATCOMPONENTS_DATA2TAG" VALUES(107129,299);
INSERT INTO "SCTMATCOMPONENTS_DATA2TAG" VALUES(107129,300);
INSERT INTO "SCTMATCOMPONENTS_DATA2TAG" VALUES(107129,301);
INSERT INTO "SCTMATCOMPONENTS_DATA2TAG" VALUES(107129,302);
INSERT INTO "SCTMATCOMPONENTS_DATA2TAG" VALUES(107129,303);
INSERT INTO "SCTMATCOMPONENTS_DATA2TAG" VALUES(107129,304);
INSERT INTO "SCTMATCOMPONENTS_DATA2TAG" VALUES(107129,305);
INSERT INTO "SCTMATCOMPONENTS_DATA2TAG" VALUES(107129,306);
INSERT INTO "SCTMATCOMPONENTS_DATA2TAG" VALUES(107129,307);
INSERT INTO "SCTMATCOMPONENTS_DATA2TAG" VALUES(107129,308);
INSERT INTO "SCTMATCOMPONENTS_DATA2TAG" VALUES(107129,309);
INSERT INTO "SCTMATCOMPONENTS_DATA2TAG" VALUES(107129,310);
INSERT INTO "SCTMATCOMPONENTS_DATA2TAG" VALUES(107129,311);
INSERT INTO "SCTMATCOMPONENTS_DATA2TAG" VALUES(107129,312);
INSERT INTO "SCTMATCOMPONENTS_DATA2TAG" VALUES(107129,313);
INSERT INTO "SCTMATCOMPONENTS_DATA2TAG" VALUES(107129,314);
INSERT INTO "SCTMATCOMPONENTS_DATA2TAG" VALUES(107129,315);
INSERT INTO "SCTMATCOMPONENTS_DATA2TAG" VALUES(107129,316);
INSERT INTO "SCTMATCOMPONENTS_DATA2TAG" VALUES(107129,317);
INSERT INTO "SCTMATCOMPONENTS_DATA2TAG" VALUES(107129,318);
INSERT INTO "SCTMATCOMPONENTS_DATA2TAG" VALUES(107129,319);
INSERT INTO "SCTMATCOMPONENTS_DATA2TAG" VALUES(107129,320);
INSERT INTO "SCTMATCOMPONENTS_DATA2TAG" VALUES(107129,321);
INSERT INTO "SCTMATCOMPONENTS_DATA2TAG" VALUES(107129,322);
INSERT INTO "SCTMATCOMPONENTS_DATA2TAG" VALUES(107129,323);
INSERT INTO "SCTMATCOMPONENTS_DATA2TAG" VALUES(107129,324);
INSERT INTO "SCTMATCOMPONENTS_DATA2TAG" VALUES(107129,325);
INSERT INTO "SCTMATCOMPONENTS_DATA2TAG" VALUES(107129,326);
INSERT INTO "SCTMATCOMPONENTS_DATA2TAG" VALUES(107129,329);
INSERT INTO "SCTMATCOMPONENTS_DATA2TAG" VALUES(107129,330);
INSERT INTO "SCTMATCOMPONENTS_DATA2TAG" VALUES(107129,331);
INSERT INTO "SCTMATCOMPONENTS_DATA2TAG" VALUES(107129,332);
INSERT INTO "SCTMATCOMPONENTS_DATA2TAG" VALUES(107129,333);
INSERT INTO "SCTMATCOMPONENTS_DATA2TAG" VALUES(107129,334);
INSERT INTO "SCTMATCOMPONENTS_DATA2TAG" VALUES(107129,335);
INSERT INTO "SCTMATCOMPONENTS_DATA2TAG" VALUES(107129,336);
INSERT INTO "SCTMATCOMPONENTS_DATA2TAG" VALUES(107129,337);
INSERT INTO "SCTMATCOMPONENTS_DATA2TAG" VALUES(107129,338);
INSERT INTO "SCTMATCOMPONENTS_DATA2TAG" VALUES(107129,339);
INSERT INTO "SCTMATCOMPONENTS_DATA2TAG" VALUES(107129,340);
INSERT INTO "SCTMATCOMPONENTS_DATA2TAG" VALUES(107129,341);
INSERT INTO "SCTMATCOMPONENTS_DATA2TAG" VALUES(107129,342);
INSERT INTO "SCTMATCOMPONENTS_DATA2TAG" VALUES(107129,343);
INSERT INTO "SCTMATCOMPONENTS_DATA2TAG" VALUES(107129,344);
INSERT INTO "SCTMATCOMPONENTS_DATA2TAG" VALUES(107129,345);
INSERT INTO "SCTMATCOMPONENTS_DATA2TAG" VALUES(107129,346);
INSERT INTO "SCTMATCOMPONENTS_DATA2TAG" VALUES(107129,347);
INSERT INTO "SCTMATCOMPONENTS_DATA2TAG" VALUES(107129,348);
INSERT INTO "SCTMATCOMPONENTS_DATA2TAG" VALUES(107129,349);
INSERT INTO "SCTMATCOMPONENTS_DATA2TAG" VALUES(107129,350);
INSERT INTO "SCTMATCOMPONENTS_DATA2TAG" VALUES(107129,351);
INSERT INTO "SCTMATCOMPONENTS_DATA2TAG" VALUES(107129,352);
INSERT INTO "SCTMATCOMPONENTS_DATA2TAG" VALUES(107129,353);
INSERT INTO "SCTMATCOMPONENTS_DATA2TAG" VALUES(107129,354);
INSERT INTO "SCTMATCOMPONENTS_DATA2TAG" VALUES(107129,355);
INSERT INTO "SCTMATCOMPONENTS_DATA2TAG" VALUES(107129,356);
INSERT INTO "SCTMATCOMPONENTS_DATA2TAG" VALUES(107129,357);
INSERT INTO "SCTMATCOMPONENTS_DATA2TAG" VALUES(107129,358);
INSERT INTO "SCTMATCOMPONENTS_DATA2TAG" VALUES(107129,359);
INSERT INTO "SCTMATCOMPONENTS_DATA2TAG" VALUES(107129,360);
INSERT INTO "SCTMATCOMPONENTS_DATA2TAG" VALUES(107129,361);
INSERT INTO "SCTMATCOMPONENTS_DATA2TAG" VALUES(107129,362);
INSERT INTO "SCTMATCOMPONENTS_DATA2TAG" VALUES(107129,407);
INSERT INTO "SCTMATCOMPONENTS_DATA2TAG" VALUES(107129,408);
INSERT INTO "SCTMATCOMPONENTS_DATA2TAG" VALUES(107129,409);
INSERT INTO "SCTMATCOMPONENTS_DATA2TAG" VALUES(107129,410);
INSERT INTO "SCTMATCOMPONENTS_DATA2TAG" VALUES(107129,411);
INSERT INTO "SCTMATCOMPONENTS_DATA2TAG" VALUES(107129,412);
INSERT INTO "SCTMATCOMPONENTS_DATA2TAG" VALUES(107129,413);
INSERT INTO "SCTMATCOMPONENTS_DATA2TAG" VALUES(107129,414);
INSERT INTO "SCTMATCOMPONENTS_DATA2TAG" VALUES(107129,415);
INSERT INTO "SCTMATCOMPONENTS_DATA2TAG" VALUES(107129,416);
INSERT INTO "SCTMATCOMPONENTS_DATA2TAG" VALUES(107129,417);
INSERT INTO "SCTMATCOMPONENTS_DATA2TAG" VALUES(107129,418);
INSERT INTO "SCTMATCOMPONENTS_DATA2TAG" VALUES(107129,419);
INSERT INTO "SCTMATCOMPONENTS_DATA2TAG" VALUES(107129,420);
INSERT INTO "SCTMATCOMPONENTS_DATA2TAG" VALUES(107129,421);
INSERT INTO "SCTMATCOMPONENTS_DATA2TAG" VALUES(107129,422);
INSERT INTO "SCTMATCOMPONENTS_DATA2TAG" VALUES(107129,423);
INSERT INTO "SCTMATCOMPONENTS_DATA2TAG" VALUES(107129,424);
INSERT INTO "SCTMATCOMPONENTS_DATA2TAG" VALUES(107129,425);
INSERT INTO "SCTMATCOMPONENTS_DATA2TAG" VALUES(107129,426);
INSERT INTO "SCTMATCOMPONENTS_DATA2TAG" VALUES(107129,427);
INSERT INTO "SCTMATCOMPONENTS_DATA2TAG" VALUES(107129,428);
INSERT INTO "SCTMATCOMPONENTS_DATA2TAG" VALUES(107129,429);
INSERT INTO "SCTMATCOMPONENTS_DATA2TAG" VALUES(107129,430);
INSERT INTO "SCTMATCOMPONENTS_DATA2TAG" VALUES(107129,431);
INSERT INTO "SCTMATCOMPONENTS_DATA2TAG" VALUES(107129,432);
INSERT INTO "SCTMATCOMPONENTS_DATA2TAG" VALUES(107129,433);
INSERT INTO "SCTMATCOMPONENTS_DATA2TAG" VALUES(107129,434);
INSERT INTO "SCTMATCOMPONENTS_DATA2TAG" VALUES(107129,435);
INSERT INTO "SCTMATCOMPONENTS_DATA2TAG" VALUES(107129,436);
INSERT INTO "SCTMATCOMPONENTS_DATA2TAG" VALUES(107129,437);
INSERT INTO "SCTMATCOMPONENTS_DATA2TAG" VALUES(107129,438);
INSERT INTO "SCTMATCOMPONENTS_DATA2TAG" VALUES(107129,439);
INSERT INTO "SCTMATCOMPONENTS_DATA2TAG" VALUES(107129,440);
INSERT INTO "SCTMATCOMPONENTS_DATA2TAG" VALUES(107129,441);
INSERT INTO "SCTMATCOMPONENTS_DATA2TAG" VALUES(107129,442);
INSERT INTO "SCTMATCOMPONENTS_DATA2TAG" VALUES(107129,443);
INSERT INTO "SCTMATCOMPONENTS_DATA2TAG" VALUES(107129,444);
INSERT INTO "SCTMATCOMPONENTS_DATA2TAG" VALUES(107129,445);
INSERT INTO "SCTMATCOMPONENTS_DATA2TAG" VALUES(107129,446);
INSERT INTO "SCTMATCOMPONENTS_DATA2TAG" VALUES(107129,447);
INSERT INTO "SCTMATCOMPONENTS_DATA2TAG" VALUES(107129,448);
INSERT INTO "SCTMATCOMPONENTS_DATA2TAG" VALUES(107129,449);
INSERT INTO "SCTMATCOMPONENTS_DATA2TAG" VALUES(107129,450);
INSERT INTO "SCTMATCOMPONENTS_DATA2TAG" VALUES(107129,451);
INSERT INTO "SCTMATCOMPONENTS_DATA2TAG" VALUES(107129,452);
INSERT INTO "SCTMATCOMPONENTS_DATA2TAG" VALUES(107129,453);
INSERT INTO "SCTMATCOMPONENTS_DATA2TAG" VALUES(107129,454);
INSERT INTO "SCTMATCOMPONENTS_DATA2TAG" VALUES(107129,455);
INSERT INTO "SCTMATCOMPONENTS_DATA2TAG" VALUES(107129,458);
INSERT INTO "SCTMATCOMPONENTS_DATA2TAG" VALUES(107129,459);
INSERT INTO "SCTMATCOMPONENTS_DATA2TAG" VALUES(107129,460);
INSERT INTO "SCTMATCOMPONENTS_DATA2TAG" VALUES(107129,461);
INSERT INTO "SCTMATCOMPONENTS_DATA2TAG" VALUES(107129,462);
INSERT INTO "SCTMATCOMPONENTS_DATA2TAG" VALUES(107129,463);
INSERT INTO "SCTMATCOMPONENTS_DATA2TAG" VALUES(107129,464);
INSERT INTO "SCTMATCOMPONENTS_DATA2TAG" VALUES(107129,465);
INSERT INTO "SCTMATCOMPONENTS_DATA2TAG" VALUES(107129,466);
INSERT INTO "SCTMATCOMPONENTS_DATA2TAG" VALUES(107129,467);
INSERT INTO "SCTMATCOMPONENTS_DATA2TAG" VALUES(107129,468);
INSERT INTO "SCTMATCOMPONENTS_DATA2TAG" VALUES(107129,469);
INSERT INTO "SCTMATCOMPONENTS_DATA2TAG" VALUES(107129,470);
INSERT INTO "SCTMATCOMPONENTS_DATA2TAG" VALUES(107129,471);
INSERT INTO "SCTMATCOMPONENTS_DATA2TAG" VALUES(107129,472);
INSERT INTO "SCTMATCOMPONENTS_DATA2TAG" VALUES(107129,473);
INSERT INTO "SCTMATCOMPONENTS_DATA2TAG" VALUES(107129,474);
INSERT INTO "SCTMATCOMPONENTS_DATA2TAG" VALUES(107129,475);
INSERT INTO "SCTMATCOMPONENTS_DATA2TAG" VALUES(107129,476);
INSERT INTO "SCTMATCOMPONENTS_DATA2TAG" VALUES(107129,477);
INSERT INTO "SCTMATCOMPONENTS_DATA2TAG" VALUES(107129,478);
INSERT INTO "SCTMATCOMPONENTS_DATA2TAG" VALUES(107129,479);
INSERT INTO "SCTMATCOMPONENTS_DATA2TAG" VALUES(107129,480);
INSERT INTO "SCTMATCOMPONENTS_DATA2TAG" VALUES(107129,481);
INSERT INTO "SCTMATCOMPONENTS_DATA2TAG" VALUES(107129,482);
INSERT INTO "SCTMATCOMPONENTS_DATA2TAG" VALUES(107129,483);
INSERT INTO "SCTMATCOMPONENTS_DATA2TAG" VALUES(107129,484);
INSERT INTO "SCTMATCOMPONENTS_DATA2TAG" VALUES(107129,485);
INSERT INTO "SCTMATCOMPONENTS_DATA2TAG" VALUES(107129,486);
INSERT INTO "SCTMATCOMPONENTS_DATA2TAG" VALUES(107129,487);
INSERT INTO "SCTMATCOMPONENTS_DATA2TAG" VALUES(107129,488);
INSERT INTO "SCTMATCOMPONENTS_DATA2TAG" VALUES(107129,489);
INSERT INTO "SCTMATCOMPONENTS_DATA2TAG" VALUES(107129,490);
INSERT INTO "SCTMATCOMPONENTS_DATA2TAG" VALUES(107129,491);
INSERT INTO "SCTMATCOMPONENTS_DATA2TAG" VALUES(107129,492);
INSERT INTO "SCTMATCOMPONENTS_DATA2TAG" VALUES(107129,493);
INSERT INTO "SCTMATCOMPONENTS_DATA2TAG" VALUES(107129,494);
INSERT INTO "SCTMATCOMPONENTS_DATA2TAG" VALUES(107129,495);
INSERT INTO "SCTMATCOMPONENTS_DATA2TAG" VALUES(107129,496);
INSERT INTO "SCTMATCOMPONENTS_DATA2TAG" VALUES(107129,497);
INSERT INTO "SCTMATCOMPONENTS_DATA2TAG" VALUES(107129,498);
INSERT INTO "SCTMATCOMPONENTS_DATA2TAG" VALUES(107129,499);
INSERT INTO "SCTMATCOMPONENTS_DATA2TAG" VALUES(107129,500);
INSERT INTO "SCTMATCOMPONENTS_DATA2TAG" VALUES(107129,501);
INSERT INTO "SCTMATCOMPONENTS_DATA2TAG" VALUES(107129,502);
INSERT INTO "SCTMATCOMPONENTS_DATA2TAG" VALUES(107129,503);
INSERT INTO "SCTMATCOMPONENTS_DATA2TAG" VALUES(107129,504);
INSERT INTO "SCTMATCOMPONENTS_DATA2TAG" VALUES(107129,505);
INSERT INTO "SCTMATCOMPONENTS_DATA2TAG" VALUES(107129,506);
INSERT INTO "SCTMATCOMPONENTS_DATA2TAG" VALUES(107129,507);
INSERT INTO "SCTMATCOMPONENTS_DATA2TAG" VALUES(107129,508);
INSERT INTO "SCTMATCOMPONENTS_DATA2TAG" VALUES(107129,509);
INSERT INTO "SCTMATCOMPONENTS_DATA2TAG" VALUES(107129,510);
INSERT INTO "SCTMATCOMPONENTS_DATA2TAG" VALUES(107129,511);
INSERT INTO "SCTMATCOMPONENTS_DATA2TAG" VALUES(107129,512);
INSERT INTO "SCTMATCOMPONENTS_DATA2TAG" VALUES(107129,513);
INSERT INTO "SCTMATCOMPONENTS_DATA2TAG" VALUES(107129,514);
INSERT INTO "SCTMATCOMPONENTS_DATA2TAG" VALUES(107129,515);
INSERT INTO "SCTMATCOMPONENTS_DATA2TAG" VALUES(107129,516);
INSERT INTO "SCTMATCOMPONENTS_DATA2TAG" VALUES(107129,517);
INSERT INTO "SCTMATCOMPONENTS_DATA2TAG" VALUES(107129,518);
INSERT INTO "SCTMATCOMPONENTS_DATA2TAG" VALUES(107129,519);
INSERT INTO "SCTMATCOMPONENTS_DATA2TAG" VALUES(107129,520);
INSERT INTO "SCTMATCOMPONENTS_DATA2TAG" VALUES(107129,521);
INSERT INTO "SCTMATCOMPONENTS_DATA2TAG" VALUES(107129,522);
INSERT INTO "SCTMATCOMPONENTS_DATA2TAG" VALUES(107129,523);
INSERT INTO "SCTMATCOMPONENTS_DATA2TAG" VALUES(107129,524);
INSERT INTO "SCTMATCOMPONENTS_DATA2TAG" VALUES(107129,533);
INSERT INTO "SCTMATCOMPONENTS_DATA2TAG" VALUES(107129,534);
INSERT INTO "SCTMATCOMPONENTS_DATA2TAG" VALUES(107129,535);
INSERT INTO "SCTMATCOMPONENTS_DATA2TAG" VALUES(107129,536);
INSERT INTO "SCTMATCOMPONENTS_DATA2TAG" VALUES(107129,537);
INSERT INTO "SCTMATCOMPONENTS_DATA2TAG" VALUES(107129,538);
INSERT INTO "SCTMATCOMPONENTS_DATA2TAG" VALUES(107129,540);
INSERT INTO "SCTMATCOMPONENTS_DATA2TAG" VALUES(107129,541);
INSERT INTO "SCTMATCOMPONENTS_DATA2TAG" VALUES(107129,542);
INSERT INTO "SCTMATCOMPONENTS_DATA2TAG" VALUES(107129,543);
INSERT INTO "SCTMATCOMPONENTS_DATA2TAG" VALUES(107129,544);
INSERT INTO "SCTMATCOMPONENTS_DATA2TAG" VALUES(107129,545);
INSERT INTO "SCTMATCOMPONENTS_DATA2TAG" VALUES(107129,546);
INSERT INTO "SCTMATCOMPONENTS_DATA2TAG" VALUES(107129,547);
INSERT INTO "SCTMATCOMPONENTS_DATA2TAG" VALUES(107129,548);
INSERT INTO "SCTMATCOMPONENTS_DATA2TAG" VALUES(107129,549);
INSERT INTO "SCTMATCOMPONENTS_DATA2TAG" VALUES(107129,551);
INSERT INTO "SCTMATCOMPONENTS_DATA2TAG" VALUES(107129,552);
INSERT INTO "SCTMATCOMPONENTS_DATA2TAG" VALUES(107129,553);
INSERT INTO "SCTMATCOMPONENTS_DATA2TAG" VALUES(107129,554);
INSERT INTO "SCTMATCOMPONENTS_DATA2TAG" VALUES(107129,558);
INSERT INTO "SCTMATCOMPONENTS_DATA2TAG" VALUES(107129,559);
INSERT INTO "SCTMATCOMPONENTS_DATA2TAG" VALUES(107129,560);
INSERT INTO "SCTMATCOMPONENTS_DATA2TAG" VALUES(107129,561);
INSERT INTO "SCTMATCOMPONENTS_DATA2TAG" VALUES(107129,562);
INSERT INTO "SCTMATCOMPONENTS_DATA2TAG" VALUES(107129,563);
INSERT INTO "SCTMATCOMPONENTS_DATA2TAG" VALUES(107129,564);
INSERT INTO "SCTMATCOMPONENTS_DATA2TAG" VALUES(107129,565);
INSERT INTO "SCTMATCOMPONENTS_DATA2TAG" VALUES(107129,566);
INSERT INTO "SCTMATCOMPONENTS_DATA2TAG" VALUES(107129,567);
INSERT INTO "SCTMATCOMPONENTS_DATA2TAG" VALUES(107129,569);
INSERT INTO "SCTMATCOMPONENTS_DATA2TAG" VALUES(107129,571);
INSERT INTO "SCTMATCOMPONENTS_DATA2TAG" VALUES(107129,572);
INSERT INTO "SCTMATCOMPONENTS_DATA2TAG" VALUES(107129,573);
INSERT INTO "SCTMATCOMPONENTS_DATA2TAG" VALUES(107129,574);
INSERT INTO "SCTMATCOMPONENTS_DATA2TAG" VALUES(107129,575);
INSERT INTO "SCTMATCOMPONENTS_DATA2TAG" VALUES(107129,576);
INSERT INTO "SCTMATCOMPONENTS_DATA2TAG" VALUES(107129,577);
INSERT INTO "SCTMATCOMPONENTS_DATA2TAG" VALUES(107129,578);
INSERT INTO "SCTMATCOMPONENTS_DATA2TAG" VALUES(107129,579);
INSERT INTO "SCTMATCOMPONENTS_DATA2TAG" VALUES(107129,580);
INSERT INTO "SCTMATCOMPONENTS_DATA2TAG" VALUES(107129,581);
INSERT INTO "SCTMATCOMPONENTS_DATA2TAG" VALUES(107129,582);
INSERT INTO "SCTMATCOMPONENTS_DATA2TAG" VALUES(107129,583);
INSERT INTO "SCTMATCOMPONENTS_DATA2TAG" VALUES(107129,584);
INSERT INTO "SCTMATCOMPONENTS_DATA2TAG" VALUES(107129,585);
INSERT INTO "SCTMATCOMPONENTS_DATA2TAG" VALUES(107129,586);
INSERT INTO "SCTMATCOMPONENTS_DATA2TAG" VALUES(107129,587);
INSERT INTO "SCTMATCOMPONENTS_DATA2TAG" VALUES(107129,588);
INSERT INTO "SCTMATCOMPONENTS_DATA2TAG" VALUES(107129,589);
INSERT INTO "SCTMATCOMPONENTS_DATA2TAG" VALUES(107129,590);
INSERT INTO "SCTMATCOMPONENTS_DATA2TAG" VALUES(107129,591);
INSERT INTO "SCTMATCOMPONENTS_DATA2TAG" VALUES(107129,592);
INSERT INTO "SCTMATCOMPONENTS_DATA2TAG" VALUES(107129,593);
INSERT INTO "SCTMATCOMPONENTS_DATA2TAG" VALUES(107129,594);
INSERT INTO "SCTMATCOMPONENTS_DATA2TAG" VALUES(107129,595);
INSERT INTO "SCTMATCOMPONENTS_DATA2TAG" VALUES(107129,596);
INSERT INTO "SCTMATCOMPONENTS_DATA2TAG" VALUES(107129,597);
INSERT INTO "SCTMATCOMPONENTS_DATA2TAG" VALUES(107129,598);
INSERT INTO "SCTMATCOMPONENTS_DATA2TAG" VALUES(107129,599);
INSERT INTO "SCTMATCOMPONENTS_DATA2TAG" VALUES(107129,600);
INSERT INTO "SCTMATCOMPONENTS_DATA2TAG" VALUES(107129,601);
INSERT INTO "SCTMATCOMPONENTS_DATA2TAG" VALUES(107129,602);
INSERT INTO "SCTMATCOMPONENTS_DATA2TAG" VALUES(107129,603);
INSERT INTO "SCTMATCOMPONENTS_DATA2TAG" VALUES(107129,604);
INSERT INTO "SCTMATCOMPONENTS_DATA2TAG" VALUES(107129,605);
INSERT INTO "SCTMATCOMPONENTS_DATA2TAG" VALUES(107129,606);
INSERT INTO "SCTMATCOMPONENTS_DATA2TAG" VALUES(107129,607);
INSERT INTO "SCTMATCOMPONENTS_DATA2TAG" VALUES(107129,608);
INSERT INTO "SCTMATCOMPONENTS_DATA2TAG" VALUES(107129,609);
INSERT INTO "SCTMATCOMPONENTS_DATA2TAG" VALUES(107129,610);
INSERT INTO "SCTMATCOMPONENTS_DATA2TAG" VALUES(107129,611);
INSERT INTO "SCTMATCOMPONENTS_DATA2TAG" VALUES(107129,612);
INSERT INTO "SCTMATCOMPONENTS_DATA2TAG" VALUES(107129,613);
INSERT INTO "SCTMATCOMPONENTS_DATA2TAG" VALUES(107129,614);
INSERT INTO "SCTMATCOMPONENTS_DATA2TAG" VALUES(107129,615);
INSERT INTO "SCTMATCOMPONENTS_DATA2TAG" VALUES(107129,616);
INSERT INTO "SCTMATCOMPONENTS_DATA2TAG" VALUES(107129,617);
INSERT INTO "SCTMATCOMPONENTS_DATA2TAG" VALUES(107129,618);
INSERT INTO "SCTMATCOMPONENTS_DATA2TAG" VALUES(107129,619);
INSERT INTO "SCTMATCOMPONENTS_DATA2TAG" VALUES(107129,620);
INSERT INTO "SCTMATCOMPONENTS_DATA2TAG" VALUES(107129,621);
INSERT INTO "SCTMATCOMPONENTS_DATA2TAG" VALUES(107129,622);
INSERT INTO "SCTMATCOMPONENTS_DATA2TAG" VALUES(107129,623);
INSERT INTO "SCTMATCOMPONENTS_DATA2TAG" VALUES(107129,624);
INSERT INTO "SCTMATCOMPONENTS_DATA2TAG" VALUES(107129,625);
INSERT INTO "SCTMATCOMPONENTS_DATA2TAG" VALUES(107129,626);
INSERT INTO "SCTMATCOMPONENTS_DATA2TAG" VALUES(107129,627);
INSERT INTO "SCTMATCOMPONENTS_DATA2TAG" VALUES(107129,628);
INSERT INTO "SCTMATCOMPONENTS_DATA2TAG" VALUES(107129,629);
INSERT INTO "SCTMATCOMPONENTS_DATA2TAG" VALUES(107129,631);
INSERT INTO "SCTMATCOMPONENTS_DATA2TAG" VALUES(107129,632);
INSERT INTO "SCTMATCOMPONENTS_DATA2TAG" VALUES(107129,633);
INSERT INTO "SCTMATCOMPONENTS_DATA2TAG" VALUES(107129,635);
INSERT INTO "SCTMATCOMPONENTS_DATA2TAG" VALUES(107129,637);
INSERT INTO "SCTMATCOMPONENTS_DATA2TAG" VALUES(107129,638);
INSERT INTO "SCTMATCOMPONENTS_DATA2TAG" VALUES(107129,639);
INSERT INTO "SCTMATCOMPONENTS_DATA2TAG" VALUES(107129,640);
INSERT INTO "SCTMATCOMPONENTS_DATA2TAG" VALUES(107129,641);
INSERT INTO "SCTMATCOMPONENTS_DATA2TAG" VALUES(107129,642);
INSERT INTO "SCTMATCOMPONENTS_DATA2TAG" VALUES(107129,643);
INSERT INTO "SCTMATCOMPONENTS_DATA2TAG" VALUES(107129,644);
INSERT INTO "SCTMATCOMPONENTS_DATA2TAG" VALUES(107129,645);
INSERT INTO "SCTMATCOMPONENTS_DATA2TAG" VALUES(107129,646);
INSERT INTO "SCTMATCOMPONENTS_DATA2TAG" VALUES(107129,648);
INSERT INTO "SCTMATCOMPONENTS_DATA2TAG" VALUES(107129,649);
INSERT INTO "SCTMATCOMPONENTS_DATA2TAG" VALUES(107129,650);
INSERT INTO "SCTMATCOMPONENTS_DATA2TAG" VALUES(107129,662);
INSERT INTO "SCTMATCOMPONENTS_DATA2TAG" VALUES(107129,663);
INSERT INTO "SCTMATCOMPONENTS_DATA2TAG" VALUES(107129,664);
INSERT INTO "SCTMATCOMPONENTS_DATA2TAG" VALUES(107129,665);
INSERT INTO "SCTMATCOMPONENTS_DATA2TAG" VALUES(107129,666);
INSERT INTO "SCTMATCOMPONENTS_DATA2TAG" VALUES(107129,667);
INSERT INTO "SCTMATCOMPONENTS_DATA2TAG" VALUES(107129,668);
INSERT INTO "SCTMATCOMPONENTS_DATA2TAG" VALUES(107129,669);
INSERT INTO "SCTMATCOMPONENTS_DATA2TAG" VALUES(107129,670);
INSERT INTO "SCTMATCOMPONENTS_DATA2TAG" VALUES(107129,671);
INSERT INTO "SCTMATCOMPONENTS_DATA2TAG" VALUES(107129,672);
INSERT INTO "SCTMATCOMPONENTS_DATA2TAG" VALUES(107129,673);
INSERT INTO "SCTMATCOMPONENTS_DATA2TAG" VALUES(107129,674);
INSERT INTO "SCTMATCOMPONENTS_DATA2TAG" VALUES(107129,676);
INSERT INTO "SCTMATCOMPONENTS_DATA2TAG" VALUES(107129,677);
INSERT INTO "SCTMATCOMPONENTS_DATA2TAG" VALUES(107129,678);
INSERT INTO "SCTMATCOMPONENTS_DATA2TAG" VALUES(107129,679);
INSERT INTO "SCTMATCOMPONENTS_DATA2TAG" VALUES(107129,680);
INSERT INTO "SCTMATCOMPONENTS_DATA2TAG" VALUES(107129,681);
INSERT INTO "SCTMATCOMPONENTS_DATA2TAG" VALUES(107129,682);
INSERT INTO "SCTMATCOMPONENTS_DATA2TAG" VALUES(107129,683);
INSERT INTO "SCTMATCOMPONENTS_DATA2TAG" VALUES(107129,684);
INSERT INTO "SCTMATCOMPONENTS_DATA2TAG" VALUES(107129,685);
INSERT INTO "SCTMATCOMPONENTS_DATA2TAG" VALUES(107129,686);
INSERT INTO "SCTMATCOMPONENTS_DATA2TAG" VALUES(107129,687);
INSERT INTO "SCTMATCOMPONENTS_DATA2TAG" VALUES(107129,688);
INSERT INTO "SCTMATCOMPONENTS_DATA2TAG" VALUES(107129,689);
INSERT INTO "SCTMATCOMPONENTS_DATA2TAG" VALUES(107129,690);
INSERT INTO "SCTMATCOMPONENTS_DATA2TAG" VALUES(107129,691);
INSERT INTO "SCTMATCOMPONENTS_DATA2TAG" VALUES(107129,692);
INSERT INTO "SCTMATCOMPONENTS_DATA2TAG" VALUES(107129,693);
INSERT INTO "SCTMATCOMPONENTS_DATA2TAG" VALUES(107129,694);
INSERT INTO "SCTMATCOMPONENTS_DATA2TAG" VALUES(107129,695);
INSERT INTO "SCTMATCOMPONENTS_DATA2TAG" VALUES(107129,696);
INSERT INTO "SCTMATCOMPONENTS_DATA2TAG" VALUES(107129,697);
INSERT INTO "SCTMATCOMPONENTS_DATA2TAG" VALUES(107129,698);
INSERT INTO "SCTMATCOMPONENTS_DATA2TAG" VALUES(107129,699);
INSERT INTO "SCTMATCOMPONENTS_DATA2TAG" VALUES(107129,700);
INSERT INTO "SCTMATCOMPONENTS_DATA2TAG" VALUES(107129,701);
INSERT INTO "SCTMATCOMPONENTS_DATA2TAG" VALUES(107129,702);
INSERT INTO "SCTMATCOMPONENTS_DATA2TAG" VALUES(107129,703);
INSERT INTO "SCTMATCOMPONENTS_DATA2TAG" VALUES(107129,704);
INSERT INTO "SCTMATCOMPONENTS_DATA2TAG" VALUES(107129,705);
INSERT INTO "SCTMATCOMPONENTS_DATA2TAG" VALUES(107129,706);
INSERT INTO "SCTMATCOMPONENTS_DATA2TAG" VALUES(107129,707);
INSERT INTO "SCTMATCOMPONENTS_DATA2TAG" VALUES(107129,708);
INSERT INTO "SCTMATCOMPONENTS_DATA2TAG" VALUES(107129,709);
INSERT INTO "SCTMATCOMPONENTS_DATA2TAG" VALUES(107129,710);
INSERT INTO "SCTMATCOMPONENTS_DATA2TAG" VALUES(107129,711);
INSERT INTO "SCTMATCOMPONENTS_DATA2TAG" VALUES(107129,712);
INSERT INTO "SCTMATCOMPONENTS_DATA2TAG" VALUES(107129,713);
INSERT INTO "SCTMATCOMPONENTS_DATA2TAG" VALUES(107129,714);
INSERT INTO "SCTMATCOMPONENTS_DATA2TAG" VALUES(107129,722);
INSERT INTO "SCTMATCOMPONENTS_DATA2TAG" VALUES(107129,723);
INSERT INTO "SCTMATCOMPONENTS_DATA2TAG" VALUES(107129,724);
INSERT INTO "SCTMATCOMPONENTS_DATA2TAG" VALUES(107129,725);
INSERT INTO "SCTMATCOMPONENTS_DATA2TAG" VALUES(107129,726);
INSERT INTO "SCTMATCOMPONENTS_DATA2TAG" VALUES(107129,727);
INSERT INTO "SCTMATCOMPONENTS_DATA2TAG" VALUES(107129,728);
INSERT INTO "SCTMATCOMPONENTS_DATA2TAG" VALUES(107129,729);
INSERT INTO "SCTMATCOMPONENTS_DATA2TAG" VALUES(107129,730);
INSERT INTO "SCTMATCOMPONENTS_DATA2TAG" VALUES(107129,731);
INSERT INTO "SCTMATCOMPONENTS_DATA2TAG" VALUES(107129,732);
INSERT INTO "SCTMATCOMPONENTS_DATA2TAG" VALUES(107129,733);
INSERT INTO "SCTMATCOMPONENTS_DATA2TAG" VALUES(107129,734);
INSERT INTO "SCTMATCOMPONENTS_DATA2TAG" VALUES(107129,735);
INSERT INTO "SCTMATCOMPONENTS_DATA2TAG" VALUES(107129,736);
INSERT INTO "SCTMATCOMPONENTS_DATA2TAG" VALUES(107129,737);
INSERT INTO "SCTMATCOMPONENTS_DATA2TAG" VALUES(107129,738);
INSERT INTO "SCTMATCOMPONENTS_DATA2TAG" VALUES(107129,739);
INSERT INTO "SCTMATCOMPONENTS_DATA2TAG" VALUES(107129,740);
INSERT INTO "SCTMATCOMPONENTS_DATA2TAG" VALUES(107129,741);
INSERT INTO "SCTMATCOMPONENTS_DATA2TAG" VALUES(107129,742);
INSERT INTO "SCTMATCOMPONENTS_DATA2TAG" VALUES(107129,744);
INSERT INTO "SCTMATCOMPONENTS_DATA2TAG" VALUES(107129,745);
INSERT INTO "SCTMATCOMPONENTS_DATA2TAG" VALUES(107129,746);
INSERT INTO "SCTMATCOMPONENTS_DATA2TAG" VALUES(107129,747);
INSERT INTO "SCTMATCOMPONENTS_DATA2TAG" VALUES(107129,748);
INSERT INTO "SCTMATCOMPONENTS_DATA2TAG" VALUES(107129,749);
INSERT INTO "SCTMATCOMPONENTS_DATA2TAG" VALUES(107129,750);
INSERT INTO "SCTMATCOMPONENTS_DATA2TAG" VALUES(107337,9);
INSERT INTO "SCTMATCOMPONENTS_DATA2TAG" VALUES(107337,10);
INSERT INTO "SCTMATCOMPONENTS_DATA2TAG" VALUES(107337,13);
INSERT INTO "SCTMATCOMPONENTS_DATA2TAG" VALUES(107337,14);
INSERT INTO "SCTMATCOMPONENTS_DATA2TAG" VALUES(107337,15);
INSERT INTO "SCTMATCOMPONENTS_DATA2TAG" VALUES(107337,16);
INSERT INTO "SCTMATCOMPONENTS_DATA2TAG" VALUES(107337,17);
INSERT INTO "SCTMATCOMPONENTS_DATA2TAG" VALUES(107337,18);
INSERT INTO "SCTMATCOMPONENTS_DATA2TAG" VALUES(107337,19);
INSERT INTO "SCTMATCOMPONENTS_DATA2TAG" VALUES(107337,20);
INSERT INTO "SCTMATCOMPONENTS_DATA2TAG" VALUES(107337,21);
INSERT INTO "SCTMATCOMPONENTS_DATA2TAG" VALUES(107337,22);
INSERT INTO "SCTMATCOMPONENTS_DATA2TAG" VALUES(107337,23);
INSERT INTO "SCTMATCOMPONENTS_DATA2TAG" VALUES(107337,24);
INSERT INTO "SCTMATCOMPONENTS_DATA2TAG" VALUES(107337,25);
INSERT INTO "SCTMATCOMPONENTS_DATA2TAG" VALUES(107337,26);
INSERT INTO "SCTMATCOMPONENTS_DATA2TAG" VALUES(107337,27);
INSERT INTO "SCTMATCOMPONENTS_DATA2TAG" VALUES(107337,32);
INSERT INTO "SCTMATCOMPONENTS_DATA2TAG" VALUES(107337,33);
INSERT INTO "SCTMATCOMPONENTS_DATA2TAG" VALUES(107337,34);
INSERT INTO "SCTMATCOMPONENTS_DATA2TAG" VALUES(107337,35);
INSERT INTO "SCTMATCOMPONENTS_DATA2TAG" VALUES(107337,37);
INSERT INTO "SCTMATCOMPONENTS_DATA2TAG" VALUES(107337,39);
INSERT INTO "SCTMATCOMPONENTS_DATA2TAG" VALUES(107337,40);
INSERT INTO "SCTMATCOMPONENTS_DATA2TAG" VALUES(107337,41);
INSERT INTO "SCTMATCOMPONENTS_DATA2TAG" VALUES(107337,42);
INSERT INTO "SCTMATCOMPONENTS_DATA2TAG" VALUES(107337,43);
INSERT INTO "SCTMATCOMPONENTS_DATA2TAG" VALUES(107337,44);
INSERT INTO "SCTMATCOMPONENTS_DATA2TAG" VALUES(107337,45);
INSERT INTO "SCTMATCOMPONENTS_DATA2TAG" VALUES(107337,46);
INSERT INTO "SCTMATCOMPONENTS_DATA2TAG" VALUES(107337,47);
INSERT INTO "SCTMATCOMPONENTS_DATA2TAG" VALUES(107337,48);
INSERT INTO "SCTMATCOMPONENTS_DATA2TAG" VALUES(107337,49);
INSERT INTO "SCTMATCOMPONENTS_DATA2TAG" VALUES(107337,50);
INSERT INTO "SCTMATCOMPONENTS_DATA2TAG" VALUES(107337,51);
INSERT INTO "SCTMATCOMPONENTS_DATA2TAG" VALUES(107337,52);
INSERT INTO "SCTMATCOMPONENTS_DATA2TAG" VALUES(107337,53);
INSERT INTO "SCTMATCOMPONENTS_DATA2TAG" VALUES(107337,54);
INSERT INTO "SCTMATCOMPONENTS_DATA2TAG" VALUES(107337,55);
INSERT INTO "SCTMATCOMPONENTS_DATA2TAG" VALUES(107337,56);
INSERT INTO "SCTMATCOMPONENTS_DATA2TAG" VALUES(107337,57);
INSERT INTO "SCTMATCOMPONENTS_DATA2TAG" VALUES(107337,58);
INSERT INTO "SCTMATCOMPONENTS_DATA2TAG" VALUES(107337,59);
INSERT INTO "SCTMATCOMPONENTS_DATA2TAG" VALUES(107337,60);
INSERT INTO "SCTMATCOMPONENTS_DATA2TAG" VALUES(107337,61);
INSERT INTO "SCTMATCOMPONENTS_DATA2TAG" VALUES(107337,62);
INSERT INTO "SCTMATCOMPONENTS_DATA2TAG" VALUES(107337,63);
INSERT INTO "SCTMATCOMPONENTS_DATA2TAG" VALUES(107337,64);
INSERT INTO "SCTMATCOMPONENTS_DATA2TAG" VALUES(107337,65);
INSERT INTO "SCTMATCOMPONENTS_DATA2TAG" VALUES(107337,66);
INSERT INTO "SCTMATCOMPONENTS_DATA2TAG" VALUES(107337,67);
INSERT INTO "SCTMATCOMPONENTS_DATA2TAG" VALUES(107337,68);
INSERT INTO "SCTMATCOMPONENTS_DATA2TAG" VALUES(107337,69);
INSERT INTO "SCTMATCOMPONENTS_DATA2TAG" VALUES(107337,102);
INSERT INTO "SCTMATCOMPONENTS_DATA2TAG" VALUES(107337,103);
INSERT INTO "SCTMATCOMPONENTS_DATA2TAG" VALUES(107337,104);
INSERT INTO "SCTMATCOMPONENTS_DATA2TAG" VALUES(107337,105);
INSERT INTO "SCTMATCOMPONENTS_DATA2TAG" VALUES(107337,106);
INSERT INTO "SCTMATCOMPONENTS_DATA2TAG" VALUES(107337,107);
INSERT INTO "SCTMATCOMPONENTS_DATA2TAG" VALUES(107337,108);
INSERT INTO "SCTMATCOMPONENTS_DATA2TAG" VALUES(107337,123);
INSERT INTO "SCTMATCOMPONENTS_DATA2TAG" VALUES(107337,124);
INSERT INTO "SCTMATCOMPONENTS_DATA2TAG" VALUES(107337,125);
INSERT INTO "SCTMATCOMPONENTS_DATA2TAG" VALUES(107337,126);
INSERT INTO "SCTMATCOMPONENTS_DATA2TAG" VALUES(107337,127);
INSERT INTO "SCTMATCOMPONENTS_DATA2TAG" VALUES(107337,128);
INSERT INTO "SCTMATCOMPONENTS_DATA2TAG" VALUES(107337,129);
INSERT INTO "SCTMATCOMPONENTS_DATA2TAG" VALUES(107337,130);
INSERT INTO "SCTMATCOMPONENTS_DATA2TAG" VALUES(107337,131);
INSERT INTO "SCTMATCOMPONENTS_DATA2TAG" VALUES(107337,132);
INSERT INTO "SCTMATCOMPONENTS_DATA2TAG" VALUES(107337,133);
INSERT INTO "SCTMATCOMPONENTS_DATA2TAG" VALUES(107337,134);
INSERT INTO "SCTMATCOMPONENTS_DATA2TAG" VALUES(107337,135);
INSERT INTO "SCTMATCOMPONENTS_DATA2TAG" VALUES(107337,136);
INSERT INTO "SCTMATCOMPONENTS_DATA2TAG" VALUES(107337,137);
INSERT INTO "SCTMATCOMPONENTS_DATA2TAG" VALUES(107337,138);
INSERT INTO "SCTMATCOMPONENTS_DATA2TAG" VALUES(107337,139);
INSERT INTO "SCTMATCOMPONENTS_DATA2TAG" VALUES(107337,140);
INSERT INTO "SCTMATCOMPONENTS_DATA2TAG" VALUES(107337,141);
INSERT INTO "SCTMATCOMPONENTS_DATA2TAG" VALUES(107337,142);
INSERT INTO "SCTMATCOMPONENTS_DATA2TAG" VALUES(107337,143);
INSERT INTO "SCTMATCOMPONENTS_DATA2TAG" VALUES(107337,144);
INSERT INTO "SCTMATCOMPONENTS_DATA2TAG" VALUES(107337,145);
INSERT INTO "SCTMATCOMPONENTS_DATA2TAG" VALUES(107337,146);
INSERT INTO "SCTMATCOMPONENTS_DATA2TAG" VALUES(107337,147);
INSERT INTO "SCTMATCOMPONENTS_DATA2TAG" VALUES(107337,148);
INSERT INTO "SCTMATCOMPONENTS_DATA2TAG" VALUES(107337,149);
INSERT INTO "SCTMATCOMPONENTS_DATA2TAG" VALUES(107337,150);
INSERT INTO "SCTMATCOMPONENTS_DATA2TAG" VALUES(107337,151);
INSERT INTO "SCTMATCOMPONENTS_DATA2TAG" VALUES(107337,152);
INSERT INTO "SCTMATCOMPONENTS_DATA2TAG" VALUES(107337,153);
INSERT INTO "SCTMATCOMPONENTS_DATA2TAG" VALUES(107337,154);
INSERT INTO "SCTMATCOMPONENTS_DATA2TAG" VALUES(107337,155);
INSERT INTO "SCTMATCOMPONENTS_DATA2TAG" VALUES(107337,156);
INSERT INTO "SCTMATCOMPONENTS_DATA2TAG" VALUES(107337,157);
INSERT INTO "SCTMATCOMPONENTS_DATA2TAG" VALUES(107337,158);
INSERT INTO "SCTMATCOMPONENTS_DATA2TAG" VALUES(107337,159);
INSERT INTO "SCTMATCOMPONENTS_DATA2TAG" VALUES(107337,160);
INSERT INTO "SCTMATCOMPONENTS_DATA2TAG" VALUES(107337,161);
INSERT INTO "SCTMATCOMPONENTS_DATA2TAG" VALUES(107337,162);
INSERT INTO "SCTMATCOMPONENTS_DATA2TAG" VALUES(107337,163);
INSERT INTO "SCTMATCOMPONENTS_DATA2TAG" VALUES(107337,164);
INSERT INTO "SCTMATCOMPONENTS_DATA2TAG" VALUES(107337,165);
INSERT INTO "SCTMATCOMPONENTS_DATA2TAG" VALUES(107337,166);
INSERT INTO "SCTMATCOMPONENTS_DATA2TAG" VALUES(107337,167);
INSERT INTO "SCTMATCOMPONENTS_DATA2TAG" VALUES(107337,168);
INSERT INTO "SCTMATCOMPONENTS_DATA2TAG" VALUES(107337,169);
INSERT INTO "SCTMATCOMPONENTS_DATA2TAG" VALUES(107337,170);
INSERT INTO "SCTMATCOMPONENTS_DATA2TAG" VALUES(107337,171);
INSERT INTO "SCTMATCOMPONENTS_DATA2TAG" VALUES(107337,172);
INSERT INTO "SCTMATCOMPONENTS_DATA2TAG" VALUES(107337,173);
INSERT INTO "SCTMATCOMPONENTS_DATA2TAG" VALUES(107337,174);
INSERT INTO "SCTMATCOMPONENTS_DATA2TAG" VALUES(107337,175);
INSERT INTO "SCTMATCOMPONENTS_DATA2TAG" VALUES(107337,176);
INSERT INTO "SCTMATCOMPONENTS_DATA2TAG" VALUES(107337,177);
INSERT INTO "SCTMATCOMPONENTS_DATA2TAG" VALUES(107337,178);
INSERT INTO "SCTMATCOMPONENTS_DATA2TAG" VALUES(107337,179);
INSERT INTO "SCTMATCOMPONENTS_DATA2TAG" VALUES(107337,180);
INSERT INTO "SCTMATCOMPONENTS_DATA2TAG" VALUES(107337,181);
INSERT INTO "SCTMATCOMPONENTS_DATA2TAG" VALUES(107337,182);
INSERT INTO "SCTMATCOMPONENTS_DATA2TAG" VALUES(107337,183);
INSERT INTO "SCTMATCOMPONENTS_DATA2TAG" VALUES(107337,184);
INSERT INTO "SCTMATCOMPONENTS_DATA2TAG" VALUES(107337,185);
INSERT INTO "SCTMATCOMPONENTS_DATA2TAG" VALUES(107337,186);
INSERT INTO "SCTMATCOMPONENTS_DATA2TAG" VALUES(107337,187);
INSERT INTO "SCTMATCOMPONENTS_DATA2TAG" VALUES(107337,188);
INSERT INTO "SCTMATCOMPONENTS_DATA2TAG" VALUES(107337,189);
INSERT INTO "SCTMATCOMPONENTS_DATA2TAG" VALUES(107337,190);
INSERT INTO "SCTMATCOMPONENTS_DATA2TAG" VALUES(107337,191);
INSERT INTO "SCTMATCOMPONENTS_DATA2TAG" VALUES(107337,192);
INSERT INTO "SCTMATCOMPONENTS_DATA2TAG" VALUES(107337,193);
INSERT INTO "SCTMATCOMPONENTS_DATA2TAG" VALUES(107337,194);
INSERT INTO "SCTMATCOMPONENTS_DATA2TAG" VALUES(107337,195);
INSERT INTO "SCTMATCOMPONENTS_DATA2TAG" VALUES(107337,196);
INSERT INTO "SCTMATCOMPONENTS_DATA2TAG" VALUES(107337,197);
INSERT INTO "SCTMATCOMPONENTS_DATA2TAG" VALUES(107337,198);
INSERT INTO "SCTMATCOMPONENTS_DATA2TAG" VALUES(107337,199);
INSERT INTO "SCTMATCOMPONENTS_DATA2TAG" VALUES(107337,200);
INSERT INTO "SCTMATCOMPONENTS_DATA2TAG" VALUES(107337,201);
INSERT INTO "SCTMATCOMPONENTS_DATA2TAG" VALUES(107337,202);
INSERT INTO "SCTMATCOMPONENTS_DATA2TAG" VALUES(107337,203);
INSERT INTO "SCTMATCOMPONENTS_DATA2TAG" VALUES(107337,204);
INSERT INTO "SCTMATCOMPONENTS_DATA2TAG" VALUES(107337,205);
INSERT INTO "SCTMATCOMPONENTS_DATA2TAG" VALUES(107337,206);
INSERT INTO "SCTMATCOMPONENTS_DATA2TAG" VALUES(107337,207);
INSERT INTO "SCTMATCOMPONENTS_DATA2TAG" VALUES(107337,215);
INSERT INTO "SCTMATCOMPONENTS_DATA2TAG" VALUES(107337,216);
INSERT INTO "SCTMATCOMPONENTS_DATA2TAG" VALUES(107337,217);
INSERT INTO "SCTMATCOMPONENTS_DATA2TAG" VALUES(107337,218);
INSERT INTO "SCTMATCOMPONENTS_DATA2TAG" VALUES(107337,219);
INSERT INTO "SCTMATCOMPONENTS_DATA2TAG" VALUES(107337,220);
INSERT INTO "SCTMATCOMPONENTS_DATA2TAG" VALUES(107337,221);
INSERT INTO "SCTMATCOMPONENTS_DATA2TAG" VALUES(107337,222);
INSERT INTO "SCTMATCOMPONENTS_DATA2TAG" VALUES(107337,223);
INSERT INTO "SCTMATCOMPONENTS_DATA2TAG" VALUES(107337,224);
INSERT INTO "SCTMATCOMPONENTS_DATA2TAG" VALUES(107337,225);
INSERT INTO "SCTMATCOMPONENTS_DATA2TAG" VALUES(107337,231);
INSERT INTO "SCTMATCOMPONENTS_DATA2TAG" VALUES(107337,232);
INSERT INTO "SCTMATCOMPONENTS_DATA2TAG" VALUES(107337,237);
INSERT INTO "SCTMATCOMPONENTS_DATA2TAG" VALUES(107337,238);
INSERT INTO "SCTMATCOMPONENTS_DATA2TAG" VALUES(107337,244);
INSERT INTO "SCTMATCOMPONENTS_DATA2TAG" VALUES(107337,247);
INSERT INTO "SCTMATCOMPONENTS_DATA2TAG" VALUES(107337,248);
INSERT INTO "SCTMATCOMPONENTS_DATA2TAG" VALUES(107337,254);
INSERT INTO "SCTMATCOMPONENTS_DATA2TAG" VALUES(107337,255);
INSERT INTO "SCTMATCOMPONENTS_DATA2TAG" VALUES(107337,256);
INSERT INTO "SCTMATCOMPONENTS_DATA2TAG" VALUES(107337,257);
INSERT INTO "SCTMATCOMPONENTS_DATA2TAG" VALUES(107337,259);
INSERT INTO "SCTMATCOMPONENTS_DATA2TAG" VALUES(107337,260);
INSERT INTO "SCTMATCOMPONENTS_DATA2TAG" VALUES(107337,261);
INSERT INTO "SCTMATCOMPONENTS_DATA2TAG" VALUES(107337,262);
INSERT INTO "SCTMATCOMPONENTS_DATA2TAG" VALUES(107337,263);
INSERT INTO "SCTMATCOMPONENTS_DATA2TAG" VALUES(107337,269);
INSERT INTO "SCTMATCOMPONENTS_DATA2TAG" VALUES(107337,270);
INSERT INTO "SCTMATCOMPONENTS_DATA2TAG" VALUES(107337,271);
INSERT INTO "SCTMATCOMPONENTS_DATA2TAG" VALUES(107337,272);
INSERT INTO "SCTMATCOMPONENTS_DATA2TAG" VALUES(107337,273);
INSERT INTO "SCTMATCOMPONENTS_DATA2TAG" VALUES(107337,274);
INSERT INTO "SCTMATCOMPONENTS_DATA2TAG" VALUES(107337,275);
INSERT INTO "SCTMATCOMPONENTS_DATA2TAG" VALUES(107337,276);
INSERT INTO "SCTMATCOMPONENTS_DATA2TAG" VALUES(107337,277);
INSERT INTO "SCTMATCOMPONENTS_DATA2TAG" VALUES(107337,278);
INSERT INTO "SCTMATCOMPONENTS_DATA2TAG" VALUES(107337,279);
INSERT INTO "SCTMATCOMPONENTS_DATA2TAG" VALUES(107337,280);
INSERT INTO "SCTMATCOMPONENTS_DATA2TAG" VALUES(107337,281);
INSERT INTO "SCTMATCOMPONENTS_DATA2TAG" VALUES(107337,282);
INSERT INTO "SCTMATCOMPONENTS_DATA2TAG" VALUES(107337,283);
INSERT INTO "SCTMATCOMPONENTS_DATA2TAG" VALUES(107337,284);
INSERT INTO "SCTMATCOMPONENTS_DATA2TAG" VALUES(107337,285);
INSERT INTO "SCTMATCOMPONENTS_DATA2TAG" VALUES(107337,286);
INSERT INTO "SCTMATCOMPONENTS_DATA2TAG" VALUES(107337,287);
INSERT INTO "SCTMATCOMPONENTS_DATA2TAG" VALUES(107337,288);
INSERT INTO "SCTMATCOMPONENTS_DATA2TAG" VALUES(107337,289);
INSERT INTO "SCTMATCOMPONENTS_DATA2TAG" VALUES(107337,290);
INSERT INTO "SCTMATCOMPONENTS_DATA2TAG" VALUES(107337,291);
INSERT INTO "SCTMATCOMPONENTS_DATA2TAG" VALUES(107337,292);
INSERT INTO "SCTMATCOMPONENTS_DATA2TAG" VALUES(107337,293);
INSERT INTO "SCTMATCOMPONENTS_DATA2TAG" VALUES(107337,294);
INSERT INTO "SCTMATCOMPONENTS_DATA2TAG" VALUES(107337,295);
INSERT INTO "SCTMATCOMPONENTS_DATA2TAG" VALUES(107337,296);
INSERT INTO "SCTMATCOMPONENTS_DATA2TAG" VALUES(107337,297);
INSERT INTO "SCTMATCOMPONENTS_DATA2TAG" VALUES(107337,298);
INSERT INTO "SCTMATCOMPONENTS_DATA2TAG" VALUES(107337,299);
INSERT INTO "SCTMATCOMPONENTS_DATA2TAG" VALUES(107337,300);
INSERT INTO "SCTMATCOMPONENTS_DATA2TAG" VALUES(107337,301);
INSERT INTO "SCTMATCOMPONENTS_DATA2TAG" VALUES(107337,302);
INSERT INTO "SCTMATCOMPONENTS_DATA2TAG" VALUES(107337,303);
INSERT INTO "SCTMATCOMPONENTS_DATA2TAG" VALUES(107337,304);
INSERT INTO "SCTMATCOMPONENTS_DATA2TAG" VALUES(107337,305);
INSERT INTO "SCTMATCOMPONENTS_DATA2TAG" VALUES(107337,306);
INSERT INTO "SCTMATCOMPONENTS_DATA2TAG" VALUES(107337,307);
INSERT INTO "SCTMATCOMPONENTS_DATA2TAG" VALUES(107337,308);
INSERT INTO "SCTMATCOMPONENTS_DATA2TAG" VALUES(107337,309);
INSERT INTO "SCTMATCOMPONENTS_DATA2TAG" VALUES(107337,310);
INSERT INTO "SCTMATCOMPONENTS_DATA2TAG" VALUES(107337,311);
INSERT INTO "SCTMATCOMPONENTS_DATA2TAG" VALUES(107337,312);
INSERT INTO "SCTMATCOMPONENTS_DATA2TAG" VALUES(107337,313);
INSERT INTO "SCTMATCOMPONENTS_DATA2TAG" VALUES(107337,314);
INSERT INTO "SCTMATCOMPONENTS_DATA2TAG" VALUES(107337,315);
INSERT INTO "SCTMATCOMPONENTS_DATA2TAG" VALUES(107337,316);
INSERT INTO "SCTMATCOMPONENTS_DATA2TAG" VALUES(107337,317);
INSERT INTO "SCTMATCOMPONENTS_DATA2TAG" VALUES(107337,318);
INSERT INTO "SCTMATCOMPONENTS_DATA2TAG" VALUES(107337,319);
INSERT INTO "SCTMATCOMPONENTS_DATA2TAG" VALUES(107337,320);
INSERT INTO "SCTMATCOMPONENTS_DATA2TAG" VALUES(107337,321);
INSERT INTO "SCTMATCOMPONENTS_DATA2TAG" VALUES(107337,322);
INSERT INTO "SCTMATCOMPONENTS_DATA2TAG" VALUES(107337,323);
INSERT INTO "SCTMATCOMPONENTS_DATA2TAG" VALUES(107337,324);
INSERT INTO "SCTMATCOMPONENTS_DATA2TAG" VALUES(107337,325);
INSERT INTO "SCTMATCOMPONENTS_DATA2TAG" VALUES(107337,326);
INSERT INTO "SCTMATCOMPONENTS_DATA2TAG" VALUES(107337,329);
INSERT INTO "SCTMATCOMPONENTS_DATA2TAG" VALUES(107337,330);
INSERT INTO "SCTMATCOMPONENTS_DATA2TAG" VALUES(107337,331);
INSERT INTO "SCTMATCOMPONENTS_DATA2TAG" VALUES(107337,332);
INSERT INTO "SCTMATCOMPONENTS_DATA2TAG" VALUES(107337,333);
INSERT INTO "SCTMATCOMPONENTS_DATA2TAG" VALUES(107337,334);
INSERT INTO "SCTMATCOMPONENTS_DATA2TAG" VALUES(107337,335);
INSERT INTO "SCTMATCOMPONENTS_DATA2TAG" VALUES(107337,336);
INSERT INTO "SCTMATCOMPONENTS_DATA2TAG" VALUES(107337,337);
INSERT INTO "SCTMATCOMPONENTS_DATA2TAG" VALUES(107337,338);
INSERT INTO "SCTMATCOMPONENTS_DATA2TAG" VALUES(107337,339);
INSERT INTO "SCTMATCOMPONENTS_DATA2TAG" VALUES(107337,340);
INSERT INTO "SCTMATCOMPONENTS_DATA2TAG" VALUES(107337,341);
INSERT INTO "SCTMATCOMPONENTS_DATA2TAG" VALUES(107337,342);
INSERT INTO "SCTMATCOMPONENTS_DATA2TAG" VALUES(107337,343);
INSERT INTO "SCTMATCOMPONENTS_DATA2TAG" VALUES(107337,344);
INSERT INTO "SCTMATCOMPONENTS_DATA2TAG" VALUES(107337,345);
INSERT INTO "SCTMATCOMPONENTS_DATA2TAG" VALUES(107337,346);
INSERT INTO "SCTMATCOMPONENTS_DATA2TAG" VALUES(107337,347);
INSERT INTO "SCTMATCOMPONENTS_DATA2TAG" VALUES(107337,348);
INSERT INTO "SCTMATCOMPONENTS_DATA2TAG" VALUES(107337,349);
INSERT INTO "SCTMATCOMPONENTS_DATA2TAG" VALUES(107337,350);
INSERT INTO "SCTMATCOMPONENTS_DATA2TAG" VALUES(107337,351);
INSERT INTO "SCTMATCOMPONENTS_DATA2TAG" VALUES(107337,352);
INSERT INTO "SCTMATCOMPONENTS_DATA2TAG" VALUES(107337,353);
INSERT INTO "SCTMATCOMPONENTS_DATA2TAG" VALUES(107337,354);
INSERT INTO "SCTMATCOMPONENTS_DATA2TAG" VALUES(107337,355);
INSERT INTO "SCTMATCOMPONENTS_DATA2TAG" VALUES(107337,356);
INSERT INTO "SCTMATCOMPONENTS_DATA2TAG" VALUES(107337,357);
INSERT INTO "SCTMATCOMPONENTS_DATA2TAG" VALUES(107337,358);
INSERT INTO "SCTMATCOMPONENTS_DATA2TAG" VALUES(107337,359);
INSERT INTO "SCTMATCOMPONENTS_DATA2TAG" VALUES(107337,360);
INSERT INTO "SCTMATCOMPONENTS_DATA2TAG" VALUES(107337,361);
INSERT INTO "SCTMATCOMPONENTS_DATA2TAG" VALUES(107337,362);
INSERT INTO "SCTMATCOMPONENTS_DATA2TAG" VALUES(107337,407);
INSERT INTO "SCTMATCOMPONENTS_DATA2TAG" VALUES(107337,408);
INSERT INTO "SCTMATCOMPONENTS_DATA2TAG" VALUES(107337,409);
INSERT INTO "SCTMATCOMPONENTS_DATA2TAG" VALUES(107337,410);
INSERT INTO "SCTMATCOMPONENTS_DATA2TAG" VALUES(107337,411);
INSERT INTO "SCTMATCOMPONENTS_DATA2TAG" VALUES(107337,412);
INSERT INTO "SCTMATCOMPONENTS_DATA2TAG" VALUES(107337,413);
INSERT INTO "SCTMATCOMPONENTS_DATA2TAG" VALUES(107337,414);
INSERT INTO "SCTMATCOMPONENTS_DATA2TAG" VALUES(107337,415);
INSERT INTO "SCTMATCOMPONENTS_DATA2TAG" VALUES(107337,416);
INSERT INTO "SCTMATCOMPONENTS_DATA2TAG" VALUES(107337,417);
INSERT INTO "SCTMATCOMPONENTS_DATA2TAG" VALUES(107337,418);
INSERT INTO "SCTMATCOMPONENTS_DATA2TAG" VALUES(107337,419);
INSERT INTO "SCTMATCOMPONENTS_DATA2TAG" VALUES(107337,420);
INSERT INTO "SCTMATCOMPONENTS_DATA2TAG" VALUES(107337,421);
INSERT INTO "SCTMATCOMPONENTS_DATA2TAG" VALUES(107337,422);
INSERT INTO "SCTMATCOMPONENTS_DATA2TAG" VALUES(107337,423);
INSERT INTO "SCTMATCOMPONENTS_DATA2TAG" VALUES(107337,424);
INSERT INTO "SCTMATCOMPONENTS_DATA2TAG" VALUES(107337,425);
INSERT INTO "SCTMATCOMPONENTS_DATA2TAG" VALUES(107337,426);
INSERT INTO "SCTMATCOMPONENTS_DATA2TAG" VALUES(107337,427);
INSERT INTO "SCTMATCOMPONENTS_DATA2TAG" VALUES(107337,428);
INSERT INTO "SCTMATCOMPONENTS_DATA2TAG" VALUES(107337,429);
INSERT INTO "SCTMATCOMPONENTS_DATA2TAG" VALUES(107337,430);
INSERT INTO "SCTMATCOMPONENTS_DATA2TAG" VALUES(107337,431);
INSERT INTO "SCTMATCOMPONENTS_DATA2TAG" VALUES(107337,432);
INSERT INTO "SCTMATCOMPONENTS_DATA2TAG" VALUES(107337,433);
INSERT INTO "SCTMATCOMPONENTS_DATA2TAG" VALUES(107337,434);
INSERT INTO "SCTMATCOMPONENTS_DATA2TAG" VALUES(107337,435);
INSERT INTO "SCTMATCOMPONENTS_DATA2TAG" VALUES(107337,436);
INSERT INTO "SCTMATCOMPONENTS_DATA2TAG" VALUES(107337,437);
INSERT INTO "SCTMATCOMPONENTS_DATA2TAG" VALUES(107337,438);
INSERT INTO "SCTMATCOMPONENTS_DATA2TAG" VALUES(107337,439);
INSERT INTO "SCTMATCOMPONENTS_DATA2TAG" VALUES(107337,440);
INSERT INTO "SCTMATCOMPONENTS_DATA2TAG" VALUES(107337,441);
INSERT INTO "SCTMATCOMPONENTS_DATA2TAG" VALUES(107337,442);
INSERT INTO "SCTMATCOMPONENTS_DATA2TAG" VALUES(107337,443);
INSERT INTO "SCTMATCOMPONENTS_DATA2TAG" VALUES(107337,444);
INSERT INTO "SCTMATCOMPONENTS_DATA2TAG" VALUES(107337,445);
INSERT INTO "SCTMATCOMPONENTS_DATA2TAG" VALUES(107337,446);
INSERT INTO "SCTMATCOMPONENTS_DATA2TAG" VALUES(107337,447);
INSERT INTO "SCTMATCOMPONENTS_DATA2TAG" VALUES(107337,448);
INSERT INTO "SCTMATCOMPONENTS_DATA2TAG" VALUES(107337,449);
INSERT INTO "SCTMATCOMPONENTS_DATA2TAG" VALUES(107337,450);
INSERT INTO "SCTMATCOMPONENTS_DATA2TAG" VALUES(107337,451);
INSERT INTO "SCTMATCOMPONENTS_DATA2TAG" VALUES(107337,452);
INSERT INTO "SCTMATCOMPONENTS_DATA2TAG" VALUES(107337,453);
INSERT INTO "SCTMATCOMPONENTS_DATA2TAG" VALUES(107337,454);
INSERT INTO "SCTMATCOMPONENTS_DATA2TAG" VALUES(107337,455);
INSERT INTO "SCTMATCOMPONENTS_DATA2TAG" VALUES(107337,458);
INSERT INTO "SCTMATCOMPONENTS_DATA2TAG" VALUES(107337,459);
INSERT INTO "SCTMATCOMPONENTS_DATA2TAG" VALUES(107337,460);
INSERT INTO "SCTMATCOMPONENTS_DATA2TAG" VALUES(107337,461);
INSERT INTO "SCTMATCOMPONENTS_DATA2TAG" VALUES(107337,462);
INSERT INTO "SCTMATCOMPONENTS_DATA2TAG" VALUES(107337,463);
INSERT INTO "SCTMATCOMPONENTS_DATA2TAG" VALUES(107337,464);
INSERT INTO "SCTMATCOMPONENTS_DATA2TAG" VALUES(107337,465);
INSERT INTO "SCTMATCOMPONENTS_DATA2TAG" VALUES(107337,466);
INSERT INTO "SCTMATCOMPONENTS_DATA2TAG" VALUES(107337,467);
INSERT INTO "SCTMATCOMPONENTS_DATA2TAG" VALUES(107337,468);
INSERT INTO "SCTMATCOMPONENTS_DATA2TAG" VALUES(107337,469);
INSERT INTO "SCTMATCOMPONENTS_DATA2TAG" VALUES(107337,470);
INSERT INTO "SCTMATCOMPONENTS_DATA2TAG" VALUES(107337,471);
INSERT INTO "SCTMATCOMPONENTS_DATA2TAG" VALUES(107337,472);
INSERT INTO "SCTMATCOMPONENTS_DATA2TAG" VALUES(107337,473);
INSERT INTO "SCTMATCOMPONENTS_DATA2TAG" VALUES(107337,474);
INSERT INTO "SCTMATCOMPONENTS_DATA2TAG" VALUES(107337,475);
INSERT INTO "SCTMATCOMPONENTS_DATA2TAG" VALUES(107337,476);
INSERT INTO "SCTMATCOMPONENTS_DATA2TAG" VALUES(107337,477);
INSERT INTO "SCTMATCOMPONENTS_DATA2TAG" VALUES(107337,478);
INSERT INTO "SCTMATCOMPONENTS_DATA2TAG" VALUES(107337,479);
INSERT INTO "SCTMATCOMPONENTS_DATA2TAG" VALUES(107337,480);
INSERT INTO "SCTMATCOMPONENTS_DATA2TAG" VALUES(107337,481);
INSERT INTO "SCTMATCOMPONENTS_DATA2TAG" VALUES(107337,482);
INSERT INTO "SCTMATCOMPONENTS_DATA2TAG" VALUES(107337,483);
INSERT INTO "SCTMATCOMPONENTS_DATA2TAG" VALUES(107337,484);
INSERT INTO "SCTMATCOMPONENTS_DATA2TAG" VALUES(107337,485);
INSERT INTO "SCTMATCOMPONENTS_DATA2TAG" VALUES(107337,486);
INSERT INTO "SCTMATCOMPONENTS_DATA2TAG" VALUES(107337,487);
INSERT INTO "SCTMATCOMPONENTS_DATA2TAG" VALUES(107337,488);
INSERT INTO "SCTMATCOMPONENTS_DATA2TAG" VALUES(107337,489);
INSERT INTO "SCTMATCOMPONENTS_DATA2TAG" VALUES(107337,490);
INSERT INTO "SCTMATCOMPONENTS_DATA2TAG" VALUES(107337,491);
INSERT INTO "SCTMATCOMPONENTS_DATA2TAG" VALUES(107337,492);
INSERT INTO "SCTMATCOMPONENTS_DATA2TAG" VALUES(107337,493);
INSERT INTO "SCTMATCOMPONENTS_DATA2TAG" VALUES(107337,494);
INSERT INTO "SCTMATCOMPONENTS_DATA2TAG" VALUES(107337,495);
INSERT INTO "SCTMATCOMPONENTS_DATA2TAG" VALUES(107337,496);
INSERT INTO "SCTMATCOMPONENTS_DATA2TAG" VALUES(107337,497);
INSERT INTO "SCTMATCOMPONENTS_DATA2TAG" VALUES(107337,498);
INSERT INTO "SCTMATCOMPONENTS_DATA2TAG" VALUES(107337,499);
INSERT INTO "SCTMATCOMPONENTS_DATA2TAG" VALUES(107337,500);
INSERT INTO "SCTMATCOMPONENTS_DATA2TAG" VALUES(107337,501);
INSERT INTO "SCTMATCOMPONENTS_DATA2TAG" VALUES(107337,502);
INSERT INTO "SCTMATCOMPONENTS_DATA2TAG" VALUES(107337,503);
INSERT INTO "SCTMATCOMPONENTS_DATA2TAG" VALUES(107337,504);
INSERT INTO "SCTMATCOMPONENTS_DATA2TAG" VALUES(107337,505);
INSERT INTO "SCTMATCOMPONENTS_DATA2TAG" VALUES(107337,506);
INSERT INTO "SCTMATCOMPONENTS_DATA2TAG" VALUES(107337,507);
INSERT INTO "SCTMATCOMPONENTS_DATA2TAG" VALUES(107337,508);
INSERT INTO "SCTMATCOMPONENTS_DATA2TAG" VALUES(107337,509);
INSERT INTO "SCTMATCOMPONENTS_DATA2TAG" VALUES(107337,510);
INSERT INTO "SCTMATCOMPONENTS_DATA2TAG" VALUES(107337,511);
INSERT INTO "SCTMATCOMPONENTS_DATA2TAG" VALUES(107337,512);
INSERT INTO "SCTMATCOMPONENTS_DATA2TAG" VALUES(107337,513);
INSERT INTO "SCTMATCOMPONENTS_DATA2TAG" VALUES(107337,514);
INSERT INTO "SCTMATCOMPONENTS_DATA2TAG" VALUES(107337,515);
INSERT INTO "SCTMATCOMPONENTS_DATA2TAG" VALUES(107337,516);
INSERT INTO "SCTMATCOMPONENTS_DATA2TAG" VALUES(107337,517);
INSERT INTO "SCTMATCOMPONENTS_DATA2TAG" VALUES(107337,518);
INSERT INTO "SCTMATCOMPONENTS_DATA2TAG" VALUES(107337,519);
INSERT INTO "SCTMATCOMPONENTS_DATA2TAG" VALUES(107337,520);
INSERT INTO "SCTMATCOMPONENTS_DATA2TAG" VALUES(107337,521);
INSERT INTO "SCTMATCOMPONENTS_DATA2TAG" VALUES(107337,522);
INSERT INTO "SCTMATCOMPONENTS_DATA2TAG" VALUES(107337,523);
INSERT INTO "SCTMATCOMPONENTS_DATA2TAG" VALUES(107337,524);
INSERT INTO "SCTMATCOMPONENTS_DATA2TAG" VALUES(107337,533);
INSERT INTO "SCTMATCOMPONENTS_DATA2TAG" VALUES(107337,534);
INSERT INTO "SCTMATCOMPONENTS_DATA2TAG" VALUES(107337,535);
INSERT INTO "SCTMATCOMPONENTS_DATA2TAG" VALUES(107337,536);
INSERT INTO "SCTMATCOMPONENTS_DATA2TAG" VALUES(107337,537);
INSERT INTO "SCTMATCOMPONENTS_DATA2TAG" VALUES(107337,538);
INSERT INTO "SCTMATCOMPONENTS_DATA2TAG" VALUES(107337,540);
INSERT INTO "SCTMATCOMPONENTS_DATA2TAG" VALUES(107337,541);
INSERT INTO "SCTMATCOMPONENTS_DATA2TAG" VALUES(107337,542);
INSERT INTO "SCTMATCOMPONENTS_DATA2TAG" VALUES(107337,543);
INSERT INTO "SCTMATCOMPONENTS_DATA2TAG" VALUES(107337,544);
INSERT INTO "SCTMATCOMPONENTS_DATA2TAG" VALUES(107337,545);
INSERT INTO "SCTMATCOMPONENTS_DATA2TAG" VALUES(107337,546);
INSERT INTO "SCTMATCOMPONENTS_DATA2TAG" VALUES(107337,547);
INSERT INTO "SCTMATCOMPONENTS_DATA2TAG" VALUES(107337,548);
INSERT INTO "SCTMATCOMPONENTS_DATA2TAG" VALUES(107337,549);
INSERT INTO "SCTMATCOMPONENTS_DATA2TAG" VALUES(107337,551);
INSERT INTO "SCTMATCOMPONENTS_DATA2TAG" VALUES(107337,552);
INSERT INTO "SCTMATCOMPONENTS_DATA2TAG" VALUES(107337,553);
INSERT INTO "SCTMATCOMPONENTS_DATA2TAG" VALUES(107337,554);
INSERT INTO "SCTMATCOMPONENTS_DATA2TAG" VALUES(107337,558);
INSERT INTO "SCTMATCOMPONENTS_DATA2TAG" VALUES(107337,559);
INSERT INTO "SCTMATCOMPONENTS_DATA2TAG" VALUES(107337,560);
INSERT INTO "SCTMATCOMPONENTS_DATA2TAG" VALUES(107337,561);
INSERT INTO "SCTMATCOMPONENTS_DATA2TAG" VALUES(107337,562);
INSERT INTO "SCTMATCOMPONENTS_DATA2TAG" VALUES(107337,563);
INSERT INTO "SCTMATCOMPONENTS_DATA2TAG" VALUES(107337,564);
INSERT INTO "SCTMATCOMPONENTS_DATA2TAG" VALUES(107337,565);
INSERT INTO "SCTMATCOMPONENTS_DATA2TAG" VALUES(107337,566);
INSERT INTO "SCTMATCOMPONENTS_DATA2TAG" VALUES(107337,567);
INSERT INTO "SCTMATCOMPONENTS_DATA2TAG" VALUES(107337,569);
INSERT INTO "SCTMATCOMPONENTS_DATA2TAG" VALUES(107337,571);
INSERT INTO "SCTMATCOMPONENTS_DATA2TAG" VALUES(107337,572);
INSERT INTO "SCTMATCOMPONENTS_DATA2TAG" VALUES(107337,573);
INSERT INTO "SCTMATCOMPONENTS_DATA2TAG" VALUES(107337,574);
INSERT INTO "SCTMATCOMPONENTS_DATA2TAG" VALUES(107337,575);
INSERT INTO "SCTMATCOMPONENTS_DATA2TAG" VALUES(107337,576);
INSERT INTO "SCTMATCOMPONENTS_DATA2TAG" VALUES(107337,577);
INSERT INTO "SCTMATCOMPONENTS_DATA2TAG" VALUES(107337,578);
INSERT INTO "SCTMATCOMPONENTS_DATA2TAG" VALUES(107337,579);
INSERT INTO "SCTMATCOMPONENTS_DATA2TAG" VALUES(107337,580);
INSERT INTO "SCTMATCOMPONENTS_DATA2TAG" VALUES(107337,581);
INSERT INTO "SCTMATCOMPONENTS_DATA2TAG" VALUES(107337,582);
INSERT INTO "SCTMATCOMPONENTS_DATA2TAG" VALUES(107337,583);
INSERT INTO "SCTMATCOMPONENTS_DATA2TAG" VALUES(107337,584);
INSERT INTO "SCTMATCOMPONENTS_DATA2TAG" VALUES(107337,585);
INSERT INTO "SCTMATCOMPONENTS_DATA2TAG" VALUES(107337,586);
INSERT INTO "SCTMATCOMPONENTS_DATA2TAG" VALUES(107337,587);
INSERT INTO "SCTMATCOMPONENTS_DATA2TAG" VALUES(107337,588);
INSERT INTO "SCTMATCOMPONENTS_DATA2TAG" VALUES(107337,589);
INSERT INTO "SCTMATCOMPONENTS_DATA2TAG" VALUES(107337,590);
INSERT INTO "SCTMATCOMPONENTS_DATA2TAG" VALUES(107337,591);
INSERT INTO "SCTMATCOMPONENTS_DATA2TAG" VALUES(107337,592);
INSERT INTO "SCTMATCOMPONENTS_DATA2TAG" VALUES(107337,593);
INSERT INTO "SCTMATCOMPONENTS_DATA2TAG" VALUES(107337,594);
INSERT INTO "SCTMATCOMPONENTS_DATA2TAG" VALUES(107337,595);
INSERT INTO "SCTMATCOMPONENTS_DATA2TAG" VALUES(107337,596);
INSERT INTO "SCTMATCOMPONENTS_DATA2TAG" VALUES(107337,597);
INSERT INTO "SCTMATCOMPONENTS_DATA2TAG" VALUES(107337,598);
INSERT INTO "SCTMATCOMPONENTS_DATA2TAG" VALUES(107337,599);
INSERT INTO "SCTMATCOMPONENTS_DATA2TAG" VALUES(107337,600);
INSERT INTO "SCTMATCOMPONENTS_DATA2TAG" VALUES(107337,601);
INSERT INTO "SCTMATCOMPONENTS_DATA2TAG" VALUES(107337,602);
INSERT INTO "SCTMATCOMPONENTS_DATA2TAG" VALUES(107337,603);
INSERT INTO "SCTMATCOMPONENTS_DATA2TAG" VALUES(107337,604);
INSERT INTO "SCTMATCOMPONENTS_DATA2TAG" VALUES(107337,615);
INSERT INTO "SCTMATCOMPONENTS_DATA2TAG" VALUES(107337,616);
INSERT INTO "SCTMATCOMPONENTS_DATA2TAG" VALUES(107337,617);
INSERT INTO "SCTMATCOMPONENTS_DATA2TAG" VALUES(107337,618);
INSERT INTO "SCTMATCOMPONENTS_DATA2TAG" VALUES(107337,619);
INSERT INTO "SCTMATCOMPONENTS_DATA2TAG" VALUES(107337,620);
INSERT INTO "SCTMATCOMPONENTS_DATA2TAG" VALUES(107337,621);
INSERT INTO "SCTMATCOMPONENTS_DATA2TAG" VALUES(107337,622);
INSERT INTO "SCTMATCOMPONENTS_DATA2TAG" VALUES(107337,623);
INSERT INTO "SCTMATCOMPONENTS_DATA2TAG" VALUES(107337,624);
INSERT INTO "SCTMATCOMPONENTS_DATA2TAG" VALUES(107337,625);
INSERT INTO "SCTMATCOMPONENTS_DATA2TAG" VALUES(107337,626);
INSERT INTO "SCTMATCOMPONENTS_DATA2TAG" VALUES(107337,627);
INSERT INTO "SCTMATCOMPONENTS_DATA2TAG" VALUES(107337,628);
INSERT INTO "SCTMATCOMPONENTS_DATA2TAG" VALUES(107337,629);
INSERT INTO "SCTMATCOMPONENTS_DATA2TAG" VALUES(107337,631);
INSERT INTO "SCTMATCOMPONENTS_DATA2TAG" VALUES(107337,632);
INSERT INTO "SCTMATCOMPONENTS_DATA2TAG" VALUES(107337,633);
INSERT INTO "SCTMATCOMPONENTS_DATA2TAG" VALUES(107337,641);
INSERT INTO "SCTMATCOMPONENTS_DATA2TAG" VALUES(107337,642);
INSERT INTO "SCTMATCOMPONENTS_DATA2TAG" VALUES(107337,643);
INSERT INTO "SCTMATCOMPONENTS_DATA2TAG" VALUES(107337,644);
INSERT INTO "SCTMATCOMPONENTS_DATA2TAG" VALUES(107337,645);
INSERT INTO "SCTMATCOMPONENTS_DATA2TAG" VALUES(107337,646);
INSERT INTO "SCTMATCOMPONENTS_DATA2TAG" VALUES(107337,648);
INSERT INTO "SCTMATCOMPONENTS_DATA2TAG" VALUES(107337,649);
INSERT INTO "SCTMATCOMPONENTS_DATA2TAG" VALUES(107337,650);
INSERT INTO "SCTMATCOMPONENTS_DATA2TAG" VALUES(107337,662);
INSERT INTO "SCTMATCOMPONENTS_DATA2TAG" VALUES(107337,663);
INSERT INTO "SCTMATCOMPONENTS_DATA2TAG" VALUES(107337,664);
INSERT INTO "SCTMATCOMPONENTS_DATA2TAG" VALUES(107337,665);
INSERT INTO "SCTMATCOMPONENTS_DATA2TAG" VALUES(107337,666);
INSERT INTO "SCTMATCOMPONENTS_DATA2TAG" VALUES(107337,667);
INSERT INTO "SCTMATCOMPONENTS_DATA2TAG" VALUES(107337,668);
INSERT INTO "SCTMATCOMPONENTS_DATA2TAG" VALUES(107337,669);
INSERT INTO "SCTMATCOMPONENTS_DATA2TAG" VALUES(107337,670);
INSERT INTO "SCTMATCOMPONENTS_DATA2TAG" VALUES(107337,671);
INSERT INTO "SCTMATCOMPONENTS_DATA2TAG" VALUES(107337,672);
INSERT INTO "SCTMATCOMPONENTS_DATA2TAG" VALUES(107337,674);
INSERT INTO "SCTMATCOMPONENTS_DATA2TAG" VALUES(107337,676);
INSERT INTO "SCTMATCOMPONENTS_DATA2TAG" VALUES(107337,677);
INSERT INTO "SCTMATCOMPONENTS_DATA2TAG" VALUES(107337,678);
INSERT INTO "SCTMATCOMPONENTS_DATA2TAG" VALUES(107337,679);
INSERT INTO "SCTMATCOMPONENTS_DATA2TAG" VALUES(107337,680);
INSERT INTO "SCTMATCOMPONENTS_DATA2TAG" VALUES(107337,681);
INSERT INTO "SCTMATCOMPONENTS_DATA2TAG" VALUES(107337,682);
INSERT INTO "SCTMATCOMPONENTS_DATA2TAG" VALUES(107337,683);
INSERT INTO "SCTMATCOMPONENTS_DATA2TAG" VALUES(107337,684);
INSERT INTO "SCTMATCOMPONENTS_DATA2TAG" VALUES(107337,685);
INSERT INTO "SCTMATCOMPONENTS_DATA2TAG" VALUES(107337,686);
INSERT INTO "SCTMATCOMPONENTS_DATA2TAG" VALUES(107337,687);
INSERT INTO "SCTMATCOMPONENTS_DATA2TAG" VALUES(107337,688);
INSERT INTO "SCTMATCOMPONENTS_DATA2TAG" VALUES(107337,689);
INSERT INTO "SCTMATCOMPONENTS_DATA2TAG" VALUES(107337,690);
INSERT INTO "SCTMATCOMPONENTS_DATA2TAG" VALUES(107337,691);
INSERT INTO "SCTMATCOMPONENTS_DATA2TAG" VALUES(107337,692);
INSERT INTO "SCTMATCOMPONENTS_DATA2TAG" VALUES(107337,693);
INSERT INTO "SCTMATCOMPONENTS_DATA2TAG" VALUES(107337,694);
INSERT INTO "SCTMATCOMPONENTS_DATA2TAG" VALUES(107337,695);
INSERT INTO "SCTMATCOMPONENTS_DATA2TAG" VALUES(107337,696);
INSERT INTO "SCTMATCOMPONENTS_DATA2TAG" VALUES(107337,697);
INSERT INTO "SCTMATCOMPONENTS_DATA2TAG" VALUES(107337,698);
INSERT INTO "SCTMATCOMPONENTS_DATA2TAG" VALUES(107337,699);
INSERT INTO "SCTMATCOMPONENTS_DATA2TAG" VALUES(107337,700);
INSERT INTO "SCTMATCOMPONENTS_DATA2TAG" VALUES(107337,701);
INSERT INTO "SCTMATCOMPONENTS_DATA2TAG" VALUES(107337,729);
INSERT INTO "SCTMATCOMPONENTS_DATA2TAG" VALUES(107337,730);
INSERT INTO "SCTMATCOMPONENTS_DATA2TAG" VALUES(107337,731);
INSERT INTO "SCTMATCOMPONENTS_DATA2TAG" VALUES(107337,732);
INSERT INTO "SCTMATCOMPONENTS_DATA2TAG" VALUES(107337,733);
INSERT INTO "SCTMATCOMPONENTS_DATA2TAG" VALUES(107337,734);
INSERT INTO "SCTMATCOMPONENTS_DATA2TAG" VALUES(107337,735);
INSERT INTO "SCTMATCOMPONENTS_DATA2TAG" VALUES(107337,736);
INSERT INTO "SCTMATCOMPONENTS_DATA2TAG" VALUES(107337,737);
INSERT INTO "SCTMATCOMPONENTS_DATA2TAG" VALUES(107337,738);
INSERT INTO "SCTMATCOMPONENTS_DATA2TAG" VALUES(107337,739);
INSERT INTO "SCTMATCOMPONENTS_DATA2TAG" VALUES(107337,740);
INSERT INTO "SCTMATCOMPONENTS_DATA2TAG" VALUES(107337,741);
INSERT INTO "SCTMATCOMPONENTS_DATA2TAG" VALUES(107337,742);
INSERT INTO "SCTMATCOMPONENTS_DATA2TAG" VALUES(107337,744);
INSERT INTO "SCTMATCOMPONENTS_DATA2TAG" VALUES(107337,745);
INSERT INTO "SCTMATCOMPONENTS_DATA2TAG" VALUES(107337,746);
INSERT INTO "SCTMATCOMPONENTS_DATA2TAG" VALUES(107337,747);
INSERT INTO "SCTMATCOMPONENTS_DATA2TAG" VALUES(107337,748);
INSERT INTO "SCTMATCOMPONENTS_DATA2TAG" VALUES(107337,749);
INSERT INTO "SCTMATCOMPONENTS_DATA2TAG" VALUES(107337,750);
INSERT INTO "SCTMATCOMPONENTS_DATA2TAG" VALUES(107337,751);
INSERT INTO "SCTMATCOMPONENTS_DATA2TAG" VALUES(107337,752);
INSERT INTO "SCTMATCOMPONENTS_DATA2TAG" VALUES(107337,753);
INSERT INTO "SCTMATCOMPONENTS_DATA2TAG" VALUES(107337,754);
INSERT INTO "SCTMATCOMPONENTS_DATA2TAG" VALUES(107337,755);
INSERT INTO "SCTMATCOMPONENTS_DATA2TAG" VALUES(107337,756);
INSERT INTO "SCTMATCOMPONENTS_DATA2TAG" VALUES(107337,757);
INSERT INTO "SCTMATCOMPONENTS_DATA2TAG" VALUES(107337,758);
INSERT INTO "SCTMATCOMPONENTS_DATA2TAG" VALUES(107337,759);
INSERT INTO "SCTMATCOMPONENTS_DATA2TAG" VALUES(107337,760);
INSERT INTO "SCTMATCOMPONENTS_DATA2TAG" VALUES(107337,768);
INSERT INTO "SCTMATCOMPONENTS_DATA2TAG" VALUES(107337,769);
INSERT INTO "SCTMATCOMPONENTS_DATA2TAG" VALUES(107337,770);
INSERT INTO "SCTMATCOMPONENTS_DATA2TAG" VALUES(107337,771);
INSERT INTO "SCTMATCOMPONENTS_DATA2TAG" VALUES(107337,772);
INSERT INTO "SCTMATCOMPONENTS_DATA2TAG" VALUES(107337,773);
INSERT INTO "SCTMATCOMPONENTS_DATA2TAG" VALUES(107337,774);
INSERT INTO "SCTMATCOMPONENTS_DATA2TAG" VALUES(107337,775);
INSERT INTO "SCTMATCOMPONENTS_DATA2TAG" VALUES(107337,776);
INSERT INTO "SCTMATCOMPONENTS_DATA2TAG" VALUES(107337,777);
INSERT INTO "SCTMATCOMPONENTS_DATA2TAG" VALUES(107337,778);
INSERT INTO "SCTMATCOMPONENTS_DATA2TAG" VALUES(107337,779);
INSERT INTO "SCTMATCOMPONENTS_DATA2TAG" VALUES(107337,780);
INSERT INTO "SCTMATCOMPONENTS_DATA2TAG" VALUES(107337,781);
INSERT INTO "SCTMATCOMPONENTS_DATA2TAG" VALUES(107337,782);
INSERT INTO "SCTMATCOMPONENTS_DATA2TAG" VALUES(107337,783);
INSERT INTO "SCTMATCOMPONENTS_DATA2TAG" VALUES(107337,784);
INSERT INTO "SCTMATCOMPONENTS_DATA2TAG" VALUES(107337,785);
INSERT INTO "SCTMATCOMPONENTS_DATA2TAG" VALUES(107337,786);
INSERT INTO "SCTMATCOMPONENTS_DATA2TAG" VALUES(107337,787);
INSERT INTO "SCTMATCOMPONENTS_DATA2TAG" VALUES(107337,788);
INSERT INTO "SCTMATCOMPONENTS_DATA2TAG" VALUES(107337,789);
INSERT INTO "SCTMATCOMPONENTS_DATA2TAG" VALUES(107337,790);
INSERT INTO "SCTMATCOMPONENTS_DATA2TAG" VALUES(107337,791);
INSERT INTO "SCTMATCOMPONENTS_DATA2TAG" VALUES(107337,792);
INSERT INTO "SCTMATCOMPONENTS_DATA2TAG" VALUES(107337,793);
INSERT INTO "SCTMATCOMPONENTS_DATA2TAG" VALUES(107337,794);
INSERT INTO "SCTMATCOMPONENTS_DATA2TAG" VALUES(107337,795);
INSERT INTO "SCTMATCOMPONENTS_DATA2TAG" VALUES(107337,796);
INSERT INTO "SCTMATCOMPONENTS_DATA2TAG" VALUES(107337,797);
INSERT INTO "SCTMATCOMPONENTS_DATA2TAG" VALUES(107337,798);
INSERT INTO "SCTMATCOMPONENTS_DATA2TAG" VALUES(107337,799);
INSERT INTO "SCTMATCOMPONENTS_DATA2TAG" VALUES(107337,800);
INSERT INTO "SCTMATCOMPONENTS_DATA2TAG" VALUES(107337,801);
INSERT INTO "SCTMATCOMPONENTS_DATA2TAG" VALUES(107337,802);
INSERT INTO "SCTMATCOMPONENTS_DATA2TAG" VALUES(107337,803);
INSERT INTO "SCTMATCOMPONENTS_DATA2TAG" VALUES(107337,804);
INSERT INTO "SCTMATCOMPONENTS_DATA2TAG" VALUES(107337,805);
INSERT INTO "SCTMATCOMPONENTS_DATA2TAG" VALUES(107337,806);
INSERT INTO "SCTMATCOMPONENTS_DATA2TAG" VALUES(107337,807);
INSERT INTO "SCTMATCOMPONENTS_DATA2TAG" VALUES(107337,808);
INSERT INTO "SCTMATCOMPONENTS_DATA2TAG" VALUES(107337,809);
INSERT INTO "SCTMATCOMPONENTS_DATA2TAG" VALUES(107337,810);
INSERT INTO "SCTMATCOMPONENTS_DATA2TAG" VALUES(107337,811);
INSERT INTO "SCTMATCOMPONENTS_DATA2TAG" VALUES(107337,812);
INSERT INTO "SCTMATCOMPONENTS_DATA2TAG" VALUES(107337,813);
INSERT INTO "SCTMATCOMPONENTS_DATA2TAG" VALUES(107337,814);
INSERT INTO "SCTMATCOMPONENTS_DATA2TAG" VALUES(107337,815);
INSERT INTO "SCTMATCOMPONENTS_DATA2TAG" VALUES(107337,816);
INSERT INTO "SCTMATCOMPONENTS_DATA2TAG" VALUES(107337,817);
INSERT INTO "SCTMATCOMPONENTS_DATA2TAG" VALUES(107337,818);
INSERT INTO "SCTMATCOMPONENTS_DATA2TAG" VALUES(107337,819);
INSERT INTO "SCTMATCOMPONENTS_DATA2TAG" VALUES(107337,820);
INSERT INTO "SCTMATCOMPONENTS_DATA2TAG" VALUES(107337,821);
INSERT INTO "SCTMATCOMPONENTS_DATA2TAG" VALUES(107337,822);
INSERT INTO "SCTMATCOMPONENTS_DATA2TAG" VALUES(107337,823);
INSERT INTO "SCTMATCOMPONENTS_DATA2TAG" VALUES(107337,824);
INSERT INTO "SCTMATCOMPONENTS_DATA2TAG" VALUES(107337,825);
INSERT INTO "SCTMATCOMPONENTS_DATA2TAG" VALUES(107337,826);
INSERT INTO "SCTMATCOMPONENTS_DATA2TAG" VALUES(107337,827);
INSERT INTO "SCTMATCOMPONENTS_DATA2TAG" VALUES(107337,828);
INSERT INTO "SCTMATCOMPONENTS_DATA2TAG" VALUES(107337,829);
INSERT INTO "SCTMATCOMPONENTS_DATA2TAG" VALUES(107337,830);
INSERT INTO "SCTMATCOMPONENTS_DATA2TAG" VALUES(107337,831);
INSERT INTO "SCTMATCOMPONENTS_DATA2TAG" VALUES(107337,832);
INSERT INTO "SCTMATCOMPONENTS_DATA2TAG" VALUES(107337,833);
INSERT INTO "SCTMATCOMPONENTS_DATA2TAG" VALUES(107337,834);
INSERT INTO "SCTMATCOMPONENTS_DATA2TAG" VALUES(107337,835);
INSERT INTO "SCTMATCOMPONENTS_DATA2TAG" VALUES(107337,836);
INSERT INTO "SCTMATCOMPONENTS_DATA2TAG" VALUES(107337,837);
INSERT INTO "SCTMATCOMPONENTS_DATA2TAG" VALUES(107337,838);
INSERT INTO "SCTMATCOMPONENTS_DATA2TAG" VALUES(107337,839);
INSERT INTO "SCTMATCOMPONENTS_DATA2TAG" VALUES(107337,840);
INSERT INTO "SCTMATCOMPONENTS_DATA2TAG" VALUES(107337,841);
INSERT INTO "SCTMATCOMPONENTS_DATA2TAG" VALUES(107337,842);
INSERT INTO "SCTMATCOMPONENTS_DATA2TAG" VALUES(107337,843);
INSERT INTO "SCTMATCOMPONENTS_DATA2TAG" VALUES(107337,844);
INSERT INTO "SCTMATCOMPONENTS_DATA2TAG" VALUES(107337,845);
INSERT INTO "SCTMATCOMPONENTS_DATA2TAG" VALUES(107337,846);
INSERT INTO "SCTMATCOMPONENTS_DATA2TAG" VALUES(107337,849);
INSERT INTO "SCTMATCOMPONENTS_DATA2TAG" VALUES(107337,850);
INSERT INTO "SCTMATCOMPONENTS_DATA2TAG" VALUES(107337,851);
INSERT INTO "SCTMATCOMPONENTS_DATA2TAG" VALUES(107337,852);
INSERT INTO "SCTMATCOMPONENTS_DATA2TAG" VALUES(107337,853);
INSERT INTO "SCTMATCOMPONENTS_DATA2TAG" VALUES(107337,854);
INSERT INTO "SCTMATCOMPONENTS_DATA2TAG" VALUES(107337,855);
INSERT INTO "SCTMATCOMPONENTS_DATA2TAG" VALUES(107337,856);
INSERT INTO "SCTMATCOMPONENTS_DATA2TAG" VALUES(107337,857);
INSERT INTO "SCTMATCOMPONENTS_DATA2TAG" VALUES(107337,858);
INSERT INTO "SCTMATCOMPONENTS_DATA2TAG" VALUES(107337,859);
INSERT INTO "SCTMATCOMPONENTS_DATA2TAG" VALUES(107337,860);
INSERT INTO "SCTMATCOMPONENTS_DATA2TAG" VALUES(107337,861);
INSERT INTO "SCTMATCOMPONENTS_DATA2TAG" VALUES(107337,862);
INSERT INTO "SCTMATCOMPONENTS_DATA2TAG" VALUES(107337,863);
INSERT INTO "SCTMATCOMPONENTS_DATA2TAG" VALUES(107337,864);
INSERT INTO "SCTMATCOMPONENTS_DATA2TAG" VALUES(107337,865);
INSERT INTO "SCTMATCOMPONENTS_DATA2TAG" VALUES(107337,866);
INSERT INTO "SCTMATCOMPONENTS_DATA2TAG" VALUES(107337,867);
INSERT INTO "SCTMATCOMPONENTS_DATA2TAG" VALUES(107337,868);
INSERT INTO "SCTMATCOMPONENTS_DATA2TAG" VALUES(107337,869);
INSERT INTO "SCTMATCOMPONENTS_DATA2TAG" VALUES(107337,870);
INSERT INTO "SCTMATCOMPONENTS_DATA2TAG" VALUES(107337,871);
INSERT INTO "SCTMATCOMPONENTS_DATA2TAG" VALUES(107337,872);
INSERT INTO "SCTMATCOMPONENTS_DATA2TAG" VALUES(107337,873);
INSERT INTO "SCTMATCOMPONENTS_DATA2TAG" VALUES(107337,874);
INSERT INTO "SCTMATCOMPONENTS_DATA2TAG" VALUES(107337,875);
INSERT INTO "SCTMATCOMPONENTS_DATA2TAG" VALUES(107337,876);
INSERT INTO "SCTMATCOMPONENTS_DATA2TAG" VALUES(107337,877);
INSERT INTO "SCTMATCOMPONENTS_DATA2TAG" VALUES(107337,878);
INSERT INTO "SCTMATCOMPONENTS_DATA2TAG" VALUES(107337,879);
INSERT INTO "SCTMATCOMPONENTS_DATA2TAG" VALUES(107337,880);
INSERT INTO "SCTMATCOMPONENTS_DATA2TAG" VALUES(107337,881);
INSERT INTO "SCTMATCOMPONENTS_DATA2TAG" VALUES(107337,882);
INSERT INTO "SCTMATCOMPONENTS_DATA2TAG" VALUES(107337,883);
INSERT INTO "SCTMATCOMPONENTS_DATA2TAG" VALUES(107337,884);
INSERT INTO "SCTMATCOMPONENTS_DATA2TAG" VALUES(107337,885);
INSERT INTO "SCTMATCOMPONENTS_DATA2TAG" VALUES(107337,886);
INSERT INTO "SCTMATCOMPONENTS_DATA2TAG" VALUES(107337,887);
INSERT INTO "SCTMATCOMPONENTS_DATA2TAG" VALUES(107337,888);
INSERT INTO "SCTMATCOMPONENTS_DATA2TAG" VALUES(107337,889);
INSERT INTO "SCTMATCOMPONENTS_DATA2TAG" VALUES(107337,890);
INSERT INTO "SCTMATCOMPONENTS_DATA2TAG" VALUES(107337,891);
INSERT INTO "SCTMATCOMPONENTS_DATA2TAG" VALUES(107337,892);
INSERT INTO "SCTMATCOMPONENTS_DATA2TAG" VALUES(107337,893);
INSERT INTO "SCTMATCOMPONENTS_DATA2TAG" VALUES(107337,894);
INSERT INTO "SCTMATCOMPONENTS_DATA2TAG" VALUES(107337,895);
INSERT INTO "SCTMATCOMPONENTS_DATA2TAG" VALUES(107337,896);
INSERT INTO "SCTMATCOMPONENTS_DATA2TAG" VALUES(107337,897);
INSERT INTO "SCTMATCOMPONENTS_DATA2TAG" VALUES(107337,898);
INSERT INTO "SCTMATCOMPONENTS_DATA2TAG" VALUES(107337,899);
INSERT INTO "SCTMATCOMPONENTS_DATA2TAG" VALUES(107337,900);
INSERT INTO "SCTMATCOMPONENTS_DATA2TAG" VALUES(107337,901);
INSERT INTO "SCTMATCOMPONENTS_DATA2TAG" VALUES(107337,902);
INSERT INTO "SCTMATCOMPONENTS_DATA2TAG" VALUES(107337,903);
INSERT INTO "SCTMATCOMPONENTS_DATA2TAG" VALUES(107337,904);
INSERT INTO "SCTMATCOMPONENTS_DATA2TAG" VALUES(107337,905);
INSERT INTO "SCTMATCOMPONENTS_DATA2TAG" VALUES(107453,9);
INSERT INTO "SCTMATCOMPONENTS_DATA2TAG" VALUES(107453,10);
INSERT INTO "SCTMATCOMPONENTS_DATA2TAG" VALUES(107453,13);
INSERT INTO "SCTMATCOMPONENTS_DATA2TAG" VALUES(107453,14);
INSERT INTO "SCTMATCOMPONENTS_DATA2TAG" VALUES(107453,15);
INSERT INTO "SCTMATCOMPONENTS_DATA2TAG" VALUES(107453,16);
INSERT INTO "SCTMATCOMPONENTS_DATA2TAG" VALUES(107453,17);
INSERT INTO "SCTMATCOMPONENTS_DATA2TAG" VALUES(107453,18);
INSERT INTO "SCTMATCOMPONENTS_DATA2TAG" VALUES(107453,19);
INSERT INTO "SCTMATCOMPONENTS_DATA2TAG" VALUES(107453,20);
INSERT INTO "SCTMATCOMPONENTS_DATA2TAG" VALUES(107453,21);
INSERT INTO "SCTMATCOMPONENTS_DATA2TAG" VALUES(107453,22);
INSERT INTO "SCTMATCOMPONENTS_DATA2TAG" VALUES(107453,23);
INSERT INTO "SCTMATCOMPONENTS_DATA2TAG" VALUES(107453,24);
INSERT INTO "SCTMATCOMPONENTS_DATA2TAG" VALUES(107453,25);
INSERT INTO "SCTMATCOMPONENTS_DATA2TAG" VALUES(107453,26);
INSERT INTO "SCTMATCOMPONENTS_DATA2TAG" VALUES(107453,27);
INSERT INTO "SCTMATCOMPONENTS_DATA2TAG" VALUES(107453,32);
INSERT INTO "SCTMATCOMPONENTS_DATA2TAG" VALUES(107453,33);
INSERT INTO "SCTMATCOMPONENTS_DATA2TAG" VALUES(107453,34);
INSERT INTO "SCTMATCOMPONENTS_DATA2TAG" VALUES(107453,35);
INSERT INTO "SCTMATCOMPONENTS_DATA2TAG" VALUES(107453,37);
INSERT INTO "SCTMATCOMPONENTS_DATA2TAG" VALUES(107453,39);
INSERT INTO "SCTMATCOMPONENTS_DATA2TAG" VALUES(107453,40);
INSERT INTO "SCTMATCOMPONENTS_DATA2TAG" VALUES(107453,41);
INSERT INTO "SCTMATCOMPONENTS_DATA2TAG" VALUES(107453,42);
INSERT INTO "SCTMATCOMPONENTS_DATA2TAG" VALUES(107453,43);
INSERT INTO "SCTMATCOMPONENTS_DATA2TAG" VALUES(107453,44);
INSERT INTO "SCTMATCOMPONENTS_DATA2TAG" VALUES(107453,45);
INSERT INTO "SCTMATCOMPONENTS_DATA2TAG" VALUES(107453,46);
INSERT INTO "SCTMATCOMPONENTS_DATA2TAG" VALUES(107453,47);
INSERT INTO "SCTMATCOMPONENTS_DATA2TAG" VALUES(107453,48);
INSERT INTO "SCTMATCOMPONENTS_DATA2TAG" VALUES(107453,49);
INSERT INTO "SCTMATCOMPONENTS_DATA2TAG" VALUES(107453,50);
INSERT INTO "SCTMATCOMPONENTS_DATA2TAG" VALUES(107453,51);
INSERT INTO "SCTMATCOMPONENTS_DATA2TAG" VALUES(107453,52);
INSERT INTO "SCTMATCOMPONENTS_DATA2TAG" VALUES(107453,53);
INSERT INTO "SCTMATCOMPONENTS_DATA2TAG" VALUES(107453,54);
INSERT INTO "SCTMATCOMPONENTS_DATA2TAG" VALUES(107453,55);
INSERT INTO "SCTMATCOMPONENTS_DATA2TAG" VALUES(107453,56);
INSERT INTO "SCTMATCOMPONENTS_DATA2TAG" VALUES(107453,57);
INSERT INTO "SCTMATCOMPONENTS_DATA2TAG" VALUES(107453,58);
INSERT INTO "SCTMATCOMPONENTS_DATA2TAG" VALUES(107453,59);
INSERT INTO "SCTMATCOMPONENTS_DATA2TAG" VALUES(107453,60);
INSERT INTO "SCTMATCOMPONENTS_DATA2TAG" VALUES(107453,61);
INSERT INTO "SCTMATCOMPONENTS_DATA2TAG" VALUES(107453,62);
INSERT INTO "SCTMATCOMPONENTS_DATA2TAG" VALUES(107453,63);
INSERT INTO "SCTMATCOMPONENTS_DATA2TAG" VALUES(107453,64);
INSERT INTO "SCTMATCOMPONENTS_DATA2TAG" VALUES(107453,65);
INSERT INTO "SCTMATCOMPONENTS_DATA2TAG" VALUES(107453,66);
INSERT INTO "SCTMATCOMPONENTS_DATA2TAG" VALUES(107453,67);
INSERT INTO "SCTMATCOMPONENTS_DATA2TAG" VALUES(107453,68);
INSERT INTO "SCTMATCOMPONENTS_DATA2TAG" VALUES(107453,69);
INSERT INTO "SCTMATCOMPONENTS_DATA2TAG" VALUES(107453,102);
INSERT INTO "SCTMATCOMPONENTS_DATA2TAG" VALUES(107453,103);
INSERT INTO "SCTMATCOMPONENTS_DATA2TAG" VALUES(107453,104);
INSERT INTO "SCTMATCOMPONENTS_DATA2TAG" VALUES(107453,105);
INSERT INTO "SCTMATCOMPONENTS_DATA2TAG" VALUES(107453,106);
INSERT INTO "SCTMATCOMPONENTS_DATA2TAG" VALUES(107453,107);
INSERT INTO "SCTMATCOMPONENTS_DATA2TAG" VALUES(107453,108);
INSERT INTO "SCTMATCOMPONENTS_DATA2TAG" VALUES(107453,123);
INSERT INTO "SCTMATCOMPONENTS_DATA2TAG" VALUES(107453,124);
INSERT INTO "SCTMATCOMPONENTS_DATA2TAG" VALUES(107453,125);
INSERT INTO "SCTMATCOMPONENTS_DATA2TAG" VALUES(107453,126);
INSERT INTO "SCTMATCOMPONENTS_DATA2TAG" VALUES(107453,127);
INSERT INTO "SCTMATCOMPONENTS_DATA2TAG" VALUES(107453,128);
INSERT INTO "SCTMATCOMPONENTS_DATA2TAG" VALUES(107453,129);
INSERT INTO "SCTMATCOMPONENTS_DATA2TAG" VALUES(107453,130);
INSERT INTO "SCTMATCOMPONENTS_DATA2TAG" VALUES(107453,131);
INSERT INTO "SCTMATCOMPONENTS_DATA2TAG" VALUES(107453,132);
INSERT INTO "SCTMATCOMPONENTS_DATA2TAG" VALUES(107453,133);
INSERT INTO "SCTMATCOMPONENTS_DATA2TAG" VALUES(107453,134);
INSERT INTO "SCTMATCOMPONENTS_DATA2TAG" VALUES(107453,135);
INSERT INTO "SCTMATCOMPONENTS_DATA2TAG" VALUES(107453,136);
INSERT INTO "SCTMATCOMPONENTS_DATA2TAG" VALUES(107453,137);
INSERT INTO "SCTMATCOMPONENTS_DATA2TAG" VALUES(107453,138);
INSERT INTO "SCTMATCOMPONENTS_DATA2TAG" VALUES(107453,139);
INSERT INTO "SCTMATCOMPONENTS_DATA2TAG" VALUES(107453,140);
INSERT INTO "SCTMATCOMPONENTS_DATA2TAG" VALUES(107453,141);
INSERT INTO "SCTMATCOMPONENTS_DATA2TAG" VALUES(107453,142);
INSERT INTO "SCTMATCOMPONENTS_DATA2TAG" VALUES(107453,143);
INSERT INTO "SCTMATCOMPONENTS_DATA2TAG" VALUES(107453,144);
INSERT INTO "SCTMATCOMPONENTS_DATA2TAG" VALUES(107453,145);
INSERT INTO "SCTMATCOMPONENTS_DATA2TAG" VALUES(107453,146);
INSERT INTO "SCTMATCOMPONENTS_DATA2TAG" VALUES(107453,147);
INSERT INTO "SCTMATCOMPONENTS_DATA2TAG" VALUES(107453,148);
INSERT INTO "SCTMATCOMPONENTS_DATA2TAG" VALUES(107453,149);
INSERT INTO "SCTMATCOMPONENTS_DATA2TAG" VALUES(107453,150);
INSERT INTO "SCTMATCOMPONENTS_DATA2TAG" VALUES(107453,151);
INSERT INTO "SCTMATCOMPONENTS_DATA2TAG" VALUES(107453,152);
INSERT INTO "SCTMATCOMPONENTS_DATA2TAG" VALUES(107453,153);
INSERT INTO "SCTMATCOMPONENTS_DATA2TAG" VALUES(107453,154);
INSERT INTO "SCTMATCOMPONENTS_DATA2TAG" VALUES(107453,155);
INSERT INTO "SCTMATCOMPONENTS_DATA2TAG" VALUES(107453,156);
INSERT INTO "SCTMATCOMPONENTS_DATA2TAG" VALUES(107453,157);
INSERT INTO "SCTMATCOMPONENTS_DATA2TAG" VALUES(107453,158);
INSERT INTO "SCTMATCOMPONENTS_DATA2TAG" VALUES(107453,159);
INSERT INTO "SCTMATCOMPONENTS_DATA2TAG" VALUES(107453,160);
INSERT INTO "SCTMATCOMPONENTS_DATA2TAG" VALUES(107453,161);
INSERT INTO "SCTMATCOMPONENTS_DATA2TAG" VALUES(107453,162);
INSERT INTO "SCTMATCOMPONENTS_DATA2TAG" VALUES(107453,163);
INSERT INTO "SCTMATCOMPONENTS_DATA2TAG" VALUES(107453,164);
INSERT INTO "SCTMATCOMPONENTS_DATA2TAG" VALUES(107453,165);
INSERT INTO "SCTMATCOMPONENTS_DATA2TAG" VALUES(107453,166);
INSERT INTO "SCTMATCOMPONENTS_DATA2TAG" VALUES(107453,167);
INSERT INTO "SCTMATCOMPONENTS_DATA2TAG" VALUES(107453,168);
INSERT INTO "SCTMATCOMPONENTS_DATA2TAG" VALUES(107453,169);
INSERT INTO "SCTMATCOMPONENTS_DATA2TAG" VALUES(107453,170);
INSERT INTO "SCTMATCOMPONENTS_DATA2TAG" VALUES(107453,171);
INSERT INTO "SCTMATCOMPONENTS_DATA2TAG" VALUES(107453,172);
INSERT INTO "SCTMATCOMPONENTS_DATA2TAG" VALUES(107453,173);
INSERT INTO "SCTMATCOMPONENTS_DATA2TAG" VALUES(107453,174);
INSERT INTO "SCTMATCOMPONENTS_DATA2TAG" VALUES(107453,175);
INSERT INTO "SCTMATCOMPONENTS_DATA2TAG" VALUES(107453,176);
INSERT INTO "SCTMATCOMPONENTS_DATA2TAG" VALUES(107453,177);
INSERT INTO "SCTMATCOMPONENTS_DATA2TAG" VALUES(107453,178);
INSERT INTO "SCTMATCOMPONENTS_DATA2TAG" VALUES(107453,179);
INSERT INTO "SCTMATCOMPONENTS_DATA2TAG" VALUES(107453,180);
INSERT INTO "SCTMATCOMPONENTS_DATA2TAG" VALUES(107453,181);
INSERT INTO "SCTMATCOMPONENTS_DATA2TAG" VALUES(107453,182);
INSERT INTO "SCTMATCOMPONENTS_DATA2TAG" VALUES(107453,183);
INSERT INTO "SCTMATCOMPONENTS_DATA2TAG" VALUES(107453,184);
INSERT INTO "SCTMATCOMPONENTS_DATA2TAG" VALUES(107453,185);
INSERT INTO "SCTMATCOMPONENTS_DATA2TAG" VALUES(107453,186);
INSERT INTO "SCTMATCOMPONENTS_DATA2TAG" VALUES(107453,187);
INSERT INTO "SCTMATCOMPONENTS_DATA2TAG" VALUES(107453,188);
INSERT INTO "SCTMATCOMPONENTS_DATA2TAG" VALUES(107453,189);
INSERT INTO "SCTMATCOMPONENTS_DATA2TAG" VALUES(107453,190);
INSERT INTO "SCTMATCOMPONENTS_DATA2TAG" VALUES(107453,191);
INSERT INTO "SCTMATCOMPONENTS_DATA2TAG" VALUES(107453,192);
INSERT INTO "SCTMATCOMPONENTS_DATA2TAG" VALUES(107453,193);
INSERT INTO "SCTMATCOMPONENTS_DATA2TAG" VALUES(107453,194);
INSERT INTO "SCTMATCOMPONENTS_DATA2TAG" VALUES(107453,195);
INSERT INTO "SCTMATCOMPONENTS_DATA2TAG" VALUES(107453,196);
INSERT INTO "SCTMATCOMPONENTS_DATA2TAG" VALUES(107453,197);
INSERT INTO "SCTMATCOMPONENTS_DATA2TAG" VALUES(107453,198);
INSERT INTO "SCTMATCOMPONENTS_DATA2TAG" VALUES(107453,199);
INSERT INTO "SCTMATCOMPONENTS_DATA2TAG" VALUES(107453,200);
INSERT INTO "SCTMATCOMPONENTS_DATA2TAG" VALUES(107453,201);
INSERT INTO "SCTMATCOMPONENTS_DATA2TAG" VALUES(107453,202);
INSERT INTO "SCTMATCOMPONENTS_DATA2TAG" VALUES(107453,203);
INSERT INTO "SCTMATCOMPONENTS_DATA2TAG" VALUES(107453,204);
INSERT INTO "SCTMATCOMPONENTS_DATA2TAG" VALUES(107453,205);
INSERT INTO "SCTMATCOMPONENTS_DATA2TAG" VALUES(107453,206);
INSERT INTO "SCTMATCOMPONENTS_DATA2TAG" VALUES(107453,207);
INSERT INTO "SCTMATCOMPONENTS_DATA2TAG" VALUES(107453,215);
INSERT INTO "SCTMATCOMPONENTS_DATA2TAG" VALUES(107453,216);
INSERT INTO "SCTMATCOMPONENTS_DATA2TAG" VALUES(107453,217);
INSERT INTO "SCTMATCOMPONENTS_DATA2TAG" VALUES(107453,218);
INSERT INTO "SCTMATCOMPONENTS_DATA2TAG" VALUES(107453,219);
INSERT INTO "SCTMATCOMPONENTS_DATA2TAG" VALUES(107453,220);
INSERT INTO "SCTMATCOMPONENTS_DATA2TAG" VALUES(107453,221);
INSERT INTO "SCTMATCOMPONENTS_DATA2TAG" VALUES(107453,222);
INSERT INTO "SCTMATCOMPONENTS_DATA2TAG" VALUES(107453,223);
INSERT INTO "SCTMATCOMPONENTS_DATA2TAG" VALUES(107453,224);
INSERT INTO "SCTMATCOMPONENTS_DATA2TAG" VALUES(107453,225);
INSERT INTO "SCTMATCOMPONENTS_DATA2TAG" VALUES(107453,231);
INSERT INTO "SCTMATCOMPONENTS_DATA2TAG" VALUES(107453,232);
INSERT INTO "SCTMATCOMPONENTS_DATA2TAG" VALUES(107453,237);
INSERT INTO "SCTMATCOMPONENTS_DATA2TAG" VALUES(107453,238);
INSERT INTO "SCTMATCOMPONENTS_DATA2TAG" VALUES(107453,244);
INSERT INTO "SCTMATCOMPONENTS_DATA2TAG" VALUES(107453,247);
INSERT INTO "SCTMATCOMPONENTS_DATA2TAG" VALUES(107453,248);
INSERT INTO "SCTMATCOMPONENTS_DATA2TAG" VALUES(107453,254);
INSERT INTO "SCTMATCOMPONENTS_DATA2TAG" VALUES(107453,255);
INSERT INTO "SCTMATCOMPONENTS_DATA2TAG" VALUES(107453,256);
INSERT INTO "SCTMATCOMPONENTS_DATA2TAG" VALUES(107453,257);
INSERT INTO "SCTMATCOMPONENTS_DATA2TAG" VALUES(107453,259);
INSERT INTO "SCTMATCOMPONENTS_DATA2TAG" VALUES(107453,260);
INSERT INTO "SCTMATCOMPONENTS_DATA2TAG" VALUES(107453,261);
INSERT INTO "SCTMATCOMPONENTS_DATA2TAG" VALUES(107453,262);
INSERT INTO "SCTMATCOMPONENTS_DATA2TAG" VALUES(107453,263);
INSERT INTO "SCTMATCOMPONENTS_DATA2TAG" VALUES(107453,269);
INSERT INTO "SCTMATCOMPONENTS_DATA2TAG" VALUES(107453,270);
INSERT INTO "SCTMATCOMPONENTS_DATA2TAG" VALUES(107453,271);
INSERT INTO "SCTMATCOMPONENTS_DATA2TAG" VALUES(107453,272);
INSERT INTO "SCTMATCOMPONENTS_DATA2TAG" VALUES(107453,273);
INSERT INTO "SCTMATCOMPONENTS_DATA2TAG" VALUES(107453,274);
INSERT INTO "SCTMATCOMPONENTS_DATA2TAG" VALUES(107453,275);
INSERT INTO "SCTMATCOMPONENTS_DATA2TAG" VALUES(107453,276);
INSERT INTO "SCTMATCOMPONENTS_DATA2TAG" VALUES(107453,277);
INSERT INTO "SCTMATCOMPONENTS_DATA2TAG" VALUES(107453,278);
INSERT INTO "SCTMATCOMPONENTS_DATA2TAG" VALUES(107453,279);
INSERT INTO "SCTMATCOMPONENTS_DATA2TAG" VALUES(107453,280);
INSERT INTO "SCTMATCOMPONENTS_DATA2TAG" VALUES(107453,281);
INSERT INTO "SCTMATCOMPONENTS_DATA2TAG" VALUES(107453,282);
INSERT INTO "SCTMATCOMPONENTS_DATA2TAG" VALUES(107453,283);
INSERT INTO "SCTMATCOMPONENTS_DATA2TAG" VALUES(107453,284);
INSERT INTO "SCTMATCOMPONENTS_DATA2TAG" VALUES(107453,285);
INSERT INTO "SCTMATCOMPONENTS_DATA2TAG" VALUES(107453,286);
INSERT INTO "SCTMATCOMPONENTS_DATA2TAG" VALUES(107453,287);
INSERT INTO "SCTMATCOMPONENTS_DATA2TAG" VALUES(107453,288);
INSERT INTO "SCTMATCOMPONENTS_DATA2TAG" VALUES(107453,289);
INSERT INTO "SCTMATCOMPONENTS_DATA2TAG" VALUES(107453,290);
INSERT INTO "SCTMATCOMPONENTS_DATA2TAG" VALUES(107453,291);
INSERT INTO "SCTMATCOMPONENTS_DATA2TAG" VALUES(107453,292);
INSERT INTO "SCTMATCOMPONENTS_DATA2TAG" VALUES(107453,293);
INSERT INTO "SCTMATCOMPONENTS_DATA2TAG" VALUES(107453,294);
INSERT INTO "SCTMATCOMPONENTS_DATA2TAG" VALUES(107453,295);
INSERT INTO "SCTMATCOMPONENTS_DATA2TAG" VALUES(107453,296);
INSERT INTO "SCTMATCOMPONENTS_DATA2TAG" VALUES(107453,297);
INSERT INTO "SCTMATCOMPONENTS_DATA2TAG" VALUES(107453,298);
INSERT INTO "SCTMATCOMPONENTS_DATA2TAG" VALUES(107453,299);
INSERT INTO "SCTMATCOMPONENTS_DATA2TAG" VALUES(107453,300);
INSERT INTO "SCTMATCOMPONENTS_DATA2TAG" VALUES(107453,301);
INSERT INTO "SCTMATCOMPONENTS_DATA2TAG" VALUES(107453,302);
INSERT INTO "SCTMATCOMPONENTS_DATA2TAG" VALUES(107453,303);
INSERT INTO "SCTMATCOMPONENTS_DATA2TAG" VALUES(107453,304);
INSERT INTO "SCTMATCOMPONENTS_DATA2TAG" VALUES(107453,305);
INSERT INTO "SCTMATCOMPONENTS_DATA2TAG" VALUES(107453,306);
INSERT INTO "SCTMATCOMPONENTS_DATA2TAG" VALUES(107453,307);
INSERT INTO "SCTMATCOMPONENTS_DATA2TAG" VALUES(107453,308);
INSERT INTO "SCTMATCOMPONENTS_DATA2TAG" VALUES(107453,309);
INSERT INTO "SCTMATCOMPONENTS_DATA2TAG" VALUES(107453,310);
INSERT INTO "SCTMATCOMPONENTS_DATA2TAG" VALUES(107453,311);
INSERT INTO "SCTMATCOMPONENTS_DATA2TAG" VALUES(107453,312);
INSERT INTO "SCTMATCOMPONENTS_DATA2TAG" VALUES(107453,313);
INSERT INTO "SCTMATCOMPONENTS_DATA2TAG" VALUES(107453,314);
INSERT INTO "SCTMATCOMPONENTS_DATA2TAG" VALUES(107453,315);
INSERT INTO "SCTMATCOMPONENTS_DATA2TAG" VALUES(107453,316);
INSERT INTO "SCTMATCOMPONENTS_DATA2TAG" VALUES(107453,317);
INSERT INTO "SCTMATCOMPONENTS_DATA2TAG" VALUES(107453,318);
INSERT INTO "SCTMATCOMPONENTS_DATA2TAG" VALUES(107453,319);
INSERT INTO "SCTMATCOMPONENTS_DATA2TAG" VALUES(107453,320);
INSERT INTO "SCTMATCOMPONENTS_DATA2TAG" VALUES(107453,321);
INSERT INTO "SCTMATCOMPONENTS_DATA2TAG" VALUES(107453,322);
INSERT INTO "SCTMATCOMPONENTS_DATA2TAG" VALUES(107453,323);
INSERT INTO "SCTMATCOMPONENTS_DATA2TAG" VALUES(107453,324);
INSERT INTO "SCTMATCOMPONENTS_DATA2TAG" VALUES(107453,325);
INSERT INTO "SCTMATCOMPONENTS_DATA2TAG" VALUES(107453,326);
INSERT INTO "SCTMATCOMPONENTS_DATA2TAG" VALUES(107453,329);
INSERT INTO "SCTMATCOMPONENTS_DATA2TAG" VALUES(107453,330);
INSERT INTO "SCTMATCOMPONENTS_DATA2TAG" VALUES(107453,331);
INSERT INTO "SCTMATCOMPONENTS_DATA2TAG" VALUES(107453,332);
INSERT INTO "SCTMATCOMPONENTS_DATA2TAG" VALUES(107453,333);
INSERT INTO "SCTMATCOMPONENTS_DATA2TAG" VALUES(107453,334);
INSERT INTO "SCTMATCOMPONENTS_DATA2TAG" VALUES(107453,335);
INSERT INTO "SCTMATCOMPONENTS_DATA2TAG" VALUES(107453,336);
INSERT INTO "SCTMATCOMPONENTS_DATA2TAG" VALUES(107453,337);
INSERT INTO "SCTMATCOMPONENTS_DATA2TAG" VALUES(107453,338);
INSERT INTO "SCTMATCOMPONENTS_DATA2TAG" VALUES(107453,339);
INSERT INTO "SCTMATCOMPONENTS_DATA2TAG" VALUES(107453,340);
INSERT INTO "SCTMATCOMPONENTS_DATA2TAG" VALUES(107453,341);
INSERT INTO "SCTMATCOMPONENTS_DATA2TAG" VALUES(107453,342);
INSERT INTO "SCTMATCOMPONENTS_DATA2TAG" VALUES(107453,343);
INSERT INTO "SCTMATCOMPONENTS_DATA2TAG" VALUES(107453,344);
INSERT INTO "SCTMATCOMPONENTS_DATA2TAG" VALUES(107453,345);
INSERT INTO "SCTMATCOMPONENTS_DATA2TAG" VALUES(107453,346);
INSERT INTO "SCTMATCOMPONENTS_DATA2TAG" VALUES(107453,347);
INSERT INTO "SCTMATCOMPONENTS_DATA2TAG" VALUES(107453,348);
INSERT INTO "SCTMATCOMPONENTS_DATA2TAG" VALUES(107453,349);
INSERT INTO "SCTMATCOMPONENTS_DATA2TAG" VALUES(107453,350);
INSERT INTO "SCTMATCOMPONENTS_DATA2TAG" VALUES(107453,351);
INSERT INTO "SCTMATCOMPONENTS_DATA2TAG" VALUES(107453,352);
INSERT INTO "SCTMATCOMPONENTS_DATA2TAG" VALUES(107453,353);
INSERT INTO "SCTMATCOMPONENTS_DATA2TAG" VALUES(107453,354);
INSERT INTO "SCTMATCOMPONENTS_DATA2TAG" VALUES(107453,355);
INSERT INTO "SCTMATCOMPONENTS_DATA2TAG" VALUES(107453,356);
INSERT INTO "SCTMATCOMPONENTS_DATA2TAG" VALUES(107453,357);
INSERT INTO "SCTMATCOMPONENTS_DATA2TAG" VALUES(107453,358);
INSERT INTO "SCTMATCOMPONENTS_DATA2TAG" VALUES(107453,359);
INSERT INTO "SCTMATCOMPONENTS_DATA2TAG" VALUES(107453,360);
INSERT INTO "SCTMATCOMPONENTS_DATA2TAG" VALUES(107453,361);
INSERT INTO "SCTMATCOMPONENTS_DATA2TAG" VALUES(107453,362);
INSERT INTO "SCTMATCOMPONENTS_DATA2TAG" VALUES(107453,407);
INSERT INTO "SCTMATCOMPONENTS_DATA2TAG" VALUES(107453,408);
INSERT INTO "SCTMATCOMPONENTS_DATA2TAG" VALUES(107453,409);
INSERT INTO "SCTMATCOMPONENTS_DATA2TAG" VALUES(107453,410);
INSERT INTO "SCTMATCOMPONENTS_DATA2TAG" VALUES(107453,411);
INSERT INTO "SCTMATCOMPONENTS_DATA2TAG" VALUES(107453,412);
INSERT INTO "SCTMATCOMPONENTS_DATA2TAG" VALUES(107453,413);
INSERT INTO "SCTMATCOMPONENTS_DATA2TAG" VALUES(107453,414);
INSERT INTO "SCTMATCOMPONENTS_DATA2TAG" VALUES(107453,415);
INSERT INTO "SCTMATCOMPONENTS_DATA2TAG" VALUES(107453,416);
INSERT INTO "SCTMATCOMPONENTS_DATA2TAG" VALUES(107453,417);
INSERT INTO "SCTMATCOMPONENTS_DATA2TAG" VALUES(107453,418);
INSERT INTO "SCTMATCOMPONENTS_DATA2TAG" VALUES(107453,419);
INSERT INTO "SCTMATCOMPONENTS_DATA2TAG" VALUES(107453,420);
INSERT INTO "SCTMATCOMPONENTS_DATA2TAG" VALUES(107453,421);
INSERT INTO "SCTMATCOMPONENTS_DATA2TAG" VALUES(107453,422);
INSERT INTO "SCTMATCOMPONENTS_DATA2TAG" VALUES(107453,423);
INSERT INTO "SCTMATCOMPONENTS_DATA2TAG" VALUES(107453,424);
INSERT INTO "SCTMATCOMPONENTS_DATA2TAG" VALUES(107453,425);
INSERT INTO "SCTMATCOMPONENTS_DATA2TAG" VALUES(107453,426);
INSERT INTO "SCTMATCOMPONENTS_DATA2TAG" VALUES(107453,427);
INSERT INTO "SCTMATCOMPONENTS_DATA2TAG" VALUES(107453,428);
INSERT INTO "SCTMATCOMPONENTS_DATA2TAG" VALUES(107453,429);
INSERT INTO "SCTMATCOMPONENTS_DATA2TAG" VALUES(107453,430);
INSERT INTO "SCTMATCOMPONENTS_DATA2TAG" VALUES(107453,431);
INSERT INTO "SCTMATCOMPONENTS_DATA2TAG" VALUES(107453,432);
INSERT INTO "SCTMATCOMPONENTS_DATA2TAG" VALUES(107453,433);
INSERT INTO "SCTMATCOMPONENTS_DATA2TAG" VALUES(107453,434);
INSERT INTO "SCTMATCOMPONENTS_DATA2TAG" VALUES(107453,435);
INSERT INTO "SCTMATCOMPONENTS_DATA2TAG" VALUES(107453,436);
INSERT INTO "SCTMATCOMPONENTS_DATA2TAG" VALUES(107453,437);
INSERT INTO "SCTMATCOMPONENTS_DATA2TAG" VALUES(107453,438);
INSERT INTO "SCTMATCOMPONENTS_DATA2TAG" VALUES(107453,439);
INSERT INTO "SCTMATCOMPONENTS_DATA2TAG" VALUES(107453,440);
INSERT INTO "SCTMATCOMPONENTS_DATA2TAG" VALUES(107453,441);
INSERT INTO "SCTMATCOMPONENTS_DATA2TAG" VALUES(107453,442);
INSERT INTO "SCTMATCOMPONENTS_DATA2TAG" VALUES(107453,443);
INSERT INTO "SCTMATCOMPONENTS_DATA2TAG" VALUES(107453,444);
INSERT INTO "SCTMATCOMPONENTS_DATA2TAG" VALUES(107453,445);
INSERT INTO "SCTMATCOMPONENTS_DATA2TAG" VALUES(107453,446);
INSERT INTO "SCTMATCOMPONENTS_DATA2TAG" VALUES(107453,447);
INSERT INTO "SCTMATCOMPONENTS_DATA2TAG" VALUES(107453,448);
INSERT INTO "SCTMATCOMPONENTS_DATA2TAG" VALUES(107453,449);
INSERT INTO "SCTMATCOMPONENTS_DATA2TAG" VALUES(107453,450);
INSERT INTO "SCTMATCOMPONENTS_DATA2TAG" VALUES(107453,451);
INSERT INTO "SCTMATCOMPONENTS_DATA2TAG" VALUES(107453,452);
INSERT INTO "SCTMATCOMPONENTS_DATA2TAG" VALUES(107453,453);
INSERT INTO "SCTMATCOMPONENTS_DATA2TAG" VALUES(107453,454);
INSERT INTO "SCTMATCOMPONENTS_DATA2TAG" VALUES(107453,455);
INSERT INTO "SCTMATCOMPONENTS_DATA2TAG" VALUES(107453,458);
INSERT INTO "SCTMATCOMPONENTS_DATA2TAG" VALUES(107453,459);
INSERT INTO "SCTMATCOMPONENTS_DATA2TAG" VALUES(107453,460);
INSERT INTO "SCTMATCOMPONENTS_DATA2TAG" VALUES(107453,461);
INSERT INTO "SCTMATCOMPONENTS_DATA2TAG" VALUES(107453,462);
INSERT INTO "SCTMATCOMPONENTS_DATA2TAG" VALUES(107453,463);
INSERT INTO "SCTMATCOMPONENTS_DATA2TAG" VALUES(107453,464);
INSERT INTO "SCTMATCOMPONENTS_DATA2TAG" VALUES(107453,465);
INSERT INTO "SCTMATCOMPONENTS_DATA2TAG" VALUES(107453,466);
INSERT INTO "SCTMATCOMPONENTS_DATA2TAG" VALUES(107453,467);
INSERT INTO "SCTMATCOMPONENTS_DATA2TAG" VALUES(107453,468);
INSERT INTO "SCTMATCOMPONENTS_DATA2TAG" VALUES(107453,469);
INSERT INTO "SCTMATCOMPONENTS_DATA2TAG" VALUES(107453,470);
INSERT INTO "SCTMATCOMPONENTS_DATA2TAG" VALUES(107453,471);
INSERT INTO "SCTMATCOMPONENTS_DATA2TAG" VALUES(107453,472);
INSERT INTO "SCTMATCOMPONENTS_DATA2TAG" VALUES(107453,473);
INSERT INTO "SCTMATCOMPONENTS_DATA2TAG" VALUES(107453,474);
INSERT INTO "SCTMATCOMPONENTS_DATA2TAG" VALUES(107453,475);
INSERT INTO "SCTMATCOMPONENTS_DATA2TAG" VALUES(107453,476);
INSERT INTO "SCTMATCOMPONENTS_DATA2TAG" VALUES(107453,477);
INSERT INTO "SCTMATCOMPONENTS_DATA2TAG" VALUES(107453,478);
INSERT INTO "SCTMATCOMPONENTS_DATA2TAG" VALUES(107453,479);
INSERT INTO "SCTMATCOMPONENTS_DATA2TAG" VALUES(107453,480);
INSERT INTO "SCTMATCOMPONENTS_DATA2TAG" VALUES(107453,481);
INSERT INTO "SCTMATCOMPONENTS_DATA2TAG" VALUES(107453,482);
INSERT INTO "SCTMATCOMPONENTS_DATA2TAG" VALUES(107453,483);
INSERT INTO "SCTMATCOMPONENTS_DATA2TAG" VALUES(107453,484);
INSERT INTO "SCTMATCOMPONENTS_DATA2TAG" VALUES(107453,485);
INSERT INTO "SCTMATCOMPONENTS_DATA2TAG" VALUES(107453,486);
INSERT INTO "SCTMATCOMPONENTS_DATA2TAG" VALUES(107453,487);
INSERT INTO "SCTMATCOMPONENTS_DATA2TAG" VALUES(107453,488);
INSERT INTO "SCTMATCOMPONENTS_DATA2TAG" VALUES(107453,489);
INSERT INTO "SCTMATCOMPONENTS_DATA2TAG" VALUES(107453,490);
INSERT INTO "SCTMATCOMPONENTS_DATA2TAG" VALUES(107453,491);
INSERT INTO "SCTMATCOMPONENTS_DATA2TAG" VALUES(107453,492);
INSERT INTO "SCTMATCOMPONENTS_DATA2TAG" VALUES(107453,493);
INSERT INTO "SCTMATCOMPONENTS_DATA2TAG" VALUES(107453,494);
INSERT INTO "SCTMATCOMPONENTS_DATA2TAG" VALUES(107453,495);
INSERT INTO "SCTMATCOMPONENTS_DATA2TAG" VALUES(107453,496);
INSERT INTO "SCTMATCOMPONENTS_DATA2TAG" VALUES(107453,497);
INSERT INTO "SCTMATCOMPONENTS_DATA2TAG" VALUES(107453,498);
INSERT INTO "SCTMATCOMPONENTS_DATA2TAG" VALUES(107453,499);
INSERT INTO "SCTMATCOMPONENTS_DATA2TAG" VALUES(107453,500);
INSERT INTO "SCTMATCOMPONENTS_DATA2TAG" VALUES(107453,501);
INSERT INTO "SCTMATCOMPONENTS_DATA2TAG" VALUES(107453,502);
INSERT INTO "SCTMATCOMPONENTS_DATA2TAG" VALUES(107453,503);
INSERT INTO "SCTMATCOMPONENTS_DATA2TAG" VALUES(107453,504);
INSERT INTO "SCTMATCOMPONENTS_DATA2TAG" VALUES(107453,505);
INSERT INTO "SCTMATCOMPONENTS_DATA2TAG" VALUES(107453,506);
INSERT INTO "SCTMATCOMPONENTS_DATA2TAG" VALUES(107453,507);
INSERT INTO "SCTMATCOMPONENTS_DATA2TAG" VALUES(107453,508);
INSERT INTO "SCTMATCOMPONENTS_DATA2TAG" VALUES(107453,509);
INSERT INTO "SCTMATCOMPONENTS_DATA2TAG" VALUES(107453,510);
INSERT INTO "SCTMATCOMPONENTS_DATA2TAG" VALUES(107453,511);
INSERT INTO "SCTMATCOMPONENTS_DATA2TAG" VALUES(107453,512);
INSERT INTO "SCTMATCOMPONENTS_DATA2TAG" VALUES(107453,513);
INSERT INTO "SCTMATCOMPONENTS_DATA2TAG" VALUES(107453,514);
INSERT INTO "SCTMATCOMPONENTS_DATA2TAG" VALUES(107453,515);
INSERT INTO "SCTMATCOMPONENTS_DATA2TAG" VALUES(107453,516);
INSERT INTO "SCTMATCOMPONENTS_DATA2TAG" VALUES(107453,517);
INSERT INTO "SCTMATCOMPONENTS_DATA2TAG" VALUES(107453,518);
INSERT INTO "SCTMATCOMPONENTS_DATA2TAG" VALUES(107453,519);
INSERT INTO "SCTMATCOMPONENTS_DATA2TAG" VALUES(107453,520);
INSERT INTO "SCTMATCOMPONENTS_DATA2TAG" VALUES(107453,521);
INSERT INTO "SCTMATCOMPONENTS_DATA2TAG" VALUES(107453,522);
INSERT INTO "SCTMATCOMPONENTS_DATA2TAG" VALUES(107453,523);
INSERT INTO "SCTMATCOMPONENTS_DATA2TAG" VALUES(107453,524);
INSERT INTO "SCTMATCOMPONENTS_DATA2TAG" VALUES(107453,533);
INSERT INTO "SCTMATCOMPONENTS_DATA2TAG" VALUES(107453,534);
INSERT INTO "SCTMATCOMPONENTS_DATA2TAG" VALUES(107453,535);
INSERT INTO "SCTMATCOMPONENTS_DATA2TAG" VALUES(107453,536);
INSERT INTO "SCTMATCOMPONENTS_DATA2TAG" VALUES(107453,537);
INSERT INTO "SCTMATCOMPONENTS_DATA2TAG" VALUES(107453,538);
INSERT INTO "SCTMATCOMPONENTS_DATA2TAG" VALUES(107453,540);
INSERT INTO "SCTMATCOMPONENTS_DATA2TAG" VALUES(107453,541);
INSERT INTO "SCTMATCOMPONENTS_DATA2TAG" VALUES(107453,542);
INSERT INTO "SCTMATCOMPONENTS_DATA2TAG" VALUES(107453,543);
INSERT INTO "SCTMATCOMPONENTS_DATA2TAG" VALUES(107453,544);
INSERT INTO "SCTMATCOMPONENTS_DATA2TAG" VALUES(107453,545);
INSERT INTO "SCTMATCOMPONENTS_DATA2TAG" VALUES(107453,546);
INSERT INTO "SCTMATCOMPONENTS_DATA2TAG" VALUES(107453,547);
INSERT INTO "SCTMATCOMPONENTS_DATA2TAG" VALUES(107453,548);
INSERT INTO "SCTMATCOMPONENTS_DATA2TAG" VALUES(107453,549);
INSERT INTO "SCTMATCOMPONENTS_DATA2TAG" VALUES(107453,551);
INSERT INTO "SCTMATCOMPONENTS_DATA2TAG" VALUES(107453,552);
INSERT INTO "SCTMATCOMPONENTS_DATA2TAG" VALUES(107453,553);
INSERT INTO "SCTMATCOMPONENTS_DATA2TAG" VALUES(107453,554);
INSERT INTO "SCTMATCOMPONENTS_DATA2TAG" VALUES(107453,558);
INSERT INTO "SCTMATCOMPONENTS_DATA2TAG" VALUES(107453,559);
INSERT INTO "SCTMATCOMPONENTS_DATA2TAG" VALUES(107453,560);
INSERT INTO "SCTMATCOMPONENTS_DATA2TAG" VALUES(107453,561);
INSERT INTO "SCTMATCOMPONENTS_DATA2TAG" VALUES(107453,562);
INSERT INTO "SCTMATCOMPONENTS_DATA2TAG" VALUES(107453,563);
INSERT INTO "SCTMATCOMPONENTS_DATA2TAG" VALUES(107453,564);
INSERT INTO "SCTMATCOMPONENTS_DATA2TAG" VALUES(107453,565);
INSERT INTO "SCTMATCOMPONENTS_DATA2TAG" VALUES(107453,566);
INSERT INTO "SCTMATCOMPONENTS_DATA2TAG" VALUES(107453,567);
INSERT INTO "SCTMATCOMPONENTS_DATA2TAG" VALUES(107453,569);
INSERT INTO "SCTMATCOMPONENTS_DATA2TAG" VALUES(107453,571);
INSERT INTO "SCTMATCOMPONENTS_DATA2TAG" VALUES(107453,572);
INSERT INTO "SCTMATCOMPONENTS_DATA2TAG" VALUES(107453,573);
INSERT INTO "SCTMATCOMPONENTS_DATA2TAG" VALUES(107453,574);
INSERT INTO "SCTMATCOMPONENTS_DATA2TAG" VALUES(107453,575);
INSERT INTO "SCTMATCOMPONENTS_DATA2TAG" VALUES(107453,576);
INSERT INTO "SCTMATCOMPONENTS_DATA2TAG" VALUES(107453,577);
INSERT INTO "SCTMATCOMPONENTS_DATA2TAG" VALUES(107453,578);
INSERT INTO "SCTMATCOMPONENTS_DATA2TAG" VALUES(107453,579);
INSERT INTO "SCTMATCOMPONENTS_DATA2TAG" VALUES(107453,580);
INSERT INTO "SCTMATCOMPONENTS_DATA2TAG" VALUES(107453,581);
INSERT INTO "SCTMATCOMPONENTS_DATA2TAG" VALUES(107453,582);
INSERT INTO "SCTMATCOMPONENTS_DATA2TAG" VALUES(107453,583);
INSERT INTO "SCTMATCOMPONENTS_DATA2TAG" VALUES(107453,584);
INSERT INTO "SCTMATCOMPONENTS_DATA2TAG" VALUES(107453,585);
INSERT INTO "SCTMATCOMPONENTS_DATA2TAG" VALUES(107453,586);
INSERT INTO "SCTMATCOMPONENTS_DATA2TAG" VALUES(107453,587);
INSERT INTO "SCTMATCOMPONENTS_DATA2TAG" VALUES(107453,588);
INSERT INTO "SCTMATCOMPONENTS_DATA2TAG" VALUES(107453,589);
INSERT INTO "SCTMATCOMPONENTS_DATA2TAG" VALUES(107453,604);
INSERT INTO "SCTMATCOMPONENTS_DATA2TAG" VALUES(107453,615);
INSERT INTO "SCTMATCOMPONENTS_DATA2TAG" VALUES(107453,616);
INSERT INTO "SCTMATCOMPONENTS_DATA2TAG" VALUES(107453,617);
INSERT INTO "SCTMATCOMPONENTS_DATA2TAG" VALUES(107453,618);
INSERT INTO "SCTMATCOMPONENTS_DATA2TAG" VALUES(107453,619);
INSERT INTO "SCTMATCOMPONENTS_DATA2TAG" VALUES(107453,620);
INSERT INTO "SCTMATCOMPONENTS_DATA2TAG" VALUES(107453,621);
INSERT INTO "SCTMATCOMPONENTS_DATA2TAG" VALUES(107453,622);
INSERT INTO "SCTMATCOMPONENTS_DATA2TAG" VALUES(107453,623);
INSERT INTO "SCTMATCOMPONENTS_DATA2TAG" VALUES(107453,624);
INSERT INTO "SCTMATCOMPONENTS_DATA2TAG" VALUES(107453,625);
INSERT INTO "SCTMATCOMPONENTS_DATA2TAG" VALUES(107453,626);
INSERT INTO "SCTMATCOMPONENTS_DATA2TAG" VALUES(107453,627);
INSERT INTO "SCTMATCOMPONENTS_DATA2TAG" VALUES(107453,628);
INSERT INTO "SCTMATCOMPONENTS_DATA2TAG" VALUES(107453,629);
INSERT INTO "SCTMATCOMPONENTS_DATA2TAG" VALUES(107453,631);
INSERT INTO "SCTMATCOMPONENTS_DATA2TAG" VALUES(107453,632);
INSERT INTO "SCTMATCOMPONENTS_DATA2TAG" VALUES(107453,633);
INSERT INTO "SCTMATCOMPONENTS_DATA2TAG" VALUES(107453,641);
INSERT INTO "SCTMATCOMPONENTS_DATA2TAG" VALUES(107453,642);
INSERT INTO "SCTMATCOMPONENTS_DATA2TAG" VALUES(107453,643);
INSERT INTO "SCTMATCOMPONENTS_DATA2TAG" VALUES(107453,644);
INSERT INTO "SCTMATCOMPONENTS_DATA2TAG" VALUES(107453,645);
INSERT INTO "SCTMATCOMPONENTS_DATA2TAG" VALUES(107453,646);
INSERT INTO "SCTMATCOMPONENTS_DATA2TAG" VALUES(107453,648);
INSERT INTO "SCTMATCOMPONENTS_DATA2TAG" VALUES(107453,649);
INSERT INTO "SCTMATCOMPONENTS_DATA2TAG" VALUES(107453,650);
INSERT INTO "SCTMATCOMPONENTS_DATA2TAG" VALUES(107453,662);
INSERT INTO "SCTMATCOMPONENTS_DATA2TAG" VALUES(107453,663);
INSERT INTO "SCTMATCOMPONENTS_DATA2TAG" VALUES(107453,664);
INSERT INTO "SCTMATCOMPONENTS_DATA2TAG" VALUES(107453,665);
INSERT INTO "SCTMATCOMPONENTS_DATA2TAG" VALUES(107453,666);
INSERT INTO "SCTMATCOMPONENTS_DATA2TAG" VALUES(107453,667);
INSERT INTO "SCTMATCOMPONENTS_DATA2TAG" VALUES(107453,668);
INSERT INTO "SCTMATCOMPONENTS_DATA2TAG" VALUES(107453,669);
INSERT INTO "SCTMATCOMPONENTS_DATA2TAG" VALUES(107453,670);
INSERT INTO "SCTMATCOMPONENTS_DATA2TAG" VALUES(107453,671);
INSERT INTO "SCTMATCOMPONENTS_DATA2TAG" VALUES(107453,672);
INSERT INTO "SCTMATCOMPONENTS_DATA2TAG" VALUES(107453,674);
INSERT INTO "SCTMATCOMPONENTS_DATA2TAG" VALUES(107453,676);
INSERT INTO "SCTMATCOMPONENTS_DATA2TAG" VALUES(107453,677);
INSERT INTO "SCTMATCOMPONENTS_DATA2TAG" VALUES(107453,678);
INSERT INTO "SCTMATCOMPONENTS_DATA2TAG" VALUES(107453,679);
INSERT INTO "SCTMATCOMPONENTS_DATA2TAG" VALUES(107453,680);
INSERT INTO "SCTMATCOMPONENTS_DATA2TAG" VALUES(107453,681);
INSERT INTO "SCTMATCOMPONENTS_DATA2TAG" VALUES(107453,682);
INSERT INTO "SCTMATCOMPONENTS_DATA2TAG" VALUES(107453,683);
INSERT INTO "SCTMATCOMPONENTS_DATA2TAG" VALUES(107453,684);
INSERT INTO "SCTMATCOMPONENTS_DATA2TAG" VALUES(107453,685);
INSERT INTO "SCTMATCOMPONENTS_DATA2TAG" VALUES(107453,692);
INSERT INTO "SCTMATCOMPONENTS_DATA2TAG" VALUES(107453,693);
INSERT INTO "SCTMATCOMPONENTS_DATA2TAG" VALUES(107453,694);
INSERT INTO "SCTMATCOMPONENTS_DATA2TAG" VALUES(107453,695);
INSERT INTO "SCTMATCOMPONENTS_DATA2TAG" VALUES(107453,696);
INSERT INTO "SCTMATCOMPONENTS_DATA2TAG" VALUES(107453,697);
INSERT INTO "SCTMATCOMPONENTS_DATA2TAG" VALUES(107453,698);
INSERT INTO "SCTMATCOMPONENTS_DATA2TAG" VALUES(107453,699);
INSERT INTO "SCTMATCOMPONENTS_DATA2TAG" VALUES(107453,700);
INSERT INTO "SCTMATCOMPONENTS_DATA2TAG" VALUES(107453,701);
INSERT INTO "SCTMATCOMPONENTS_DATA2TAG" VALUES(107453,729);
INSERT INTO "SCTMATCOMPONENTS_DATA2TAG" VALUES(107453,730);
INSERT INTO "SCTMATCOMPONENTS_DATA2TAG" VALUES(107453,731);
INSERT INTO "SCTMATCOMPONENTS_DATA2TAG" VALUES(107453,732);
INSERT INTO "SCTMATCOMPONENTS_DATA2TAG" VALUES(107453,733);
INSERT INTO "SCTMATCOMPONENTS_DATA2TAG" VALUES(107453,734);
INSERT INTO "SCTMATCOMPONENTS_DATA2TAG" VALUES(107453,735);
INSERT INTO "SCTMATCOMPONENTS_DATA2TAG" VALUES(107453,736);
INSERT INTO "SCTMATCOMPONENTS_DATA2TAG" VALUES(107453,737);
INSERT INTO "SCTMATCOMPONENTS_DATA2TAG" VALUES(107453,738);
INSERT INTO "SCTMATCOMPONENTS_DATA2TAG" VALUES(107453,739);
INSERT INTO "SCTMATCOMPONENTS_DATA2TAG" VALUES(107453,740);
INSERT INTO "SCTMATCOMPONENTS_DATA2TAG" VALUES(107453,741);
INSERT INTO "SCTMATCOMPONENTS_DATA2TAG" VALUES(107453,742);
INSERT INTO "SCTMATCOMPONENTS_DATA2TAG" VALUES(107453,744);
INSERT INTO "SCTMATCOMPONENTS_DATA2TAG" VALUES(107453,745);
INSERT INTO "SCTMATCOMPONENTS_DATA2TAG" VALUES(107453,746);
INSERT INTO "SCTMATCOMPONENTS_DATA2TAG" VALUES(107453,747);
INSERT INTO "SCTMATCOMPONENTS_DATA2TAG" VALUES(107453,748);
INSERT INTO "SCTMATCOMPONENTS_DATA2TAG" VALUES(107453,749);
INSERT INTO "SCTMATCOMPONENTS_DATA2TAG" VALUES(107453,750);
INSERT INTO "SCTMATCOMPONENTS_DATA2TAG" VALUES(107453,751);
INSERT INTO "SCTMATCOMPONENTS_DATA2TAG" VALUES(107453,752);
INSERT INTO "SCTMATCOMPONENTS_DATA2TAG" VALUES(107453,753);
INSERT INTO "SCTMATCOMPONENTS_DATA2TAG" VALUES(107453,754);
INSERT INTO "SCTMATCOMPONENTS_DATA2TAG" VALUES(107453,755);
INSERT INTO "SCTMATCOMPONENTS_DATA2TAG" VALUES(107453,756);
INSERT INTO "SCTMATCOMPONENTS_DATA2TAG" VALUES(107453,757);
INSERT INTO "SCTMATCOMPONENTS_DATA2TAG" VALUES(107453,758);
INSERT INTO "SCTMATCOMPONENTS_DATA2TAG" VALUES(107453,759);
INSERT INTO "SCTMATCOMPONENTS_DATA2TAG" VALUES(107453,760);
INSERT INTO "SCTMATCOMPONENTS_DATA2TAG" VALUES(107453,768);
INSERT INTO "SCTMATCOMPONENTS_DATA2TAG" VALUES(107453,769);
INSERT INTO "SCTMATCOMPONENTS_DATA2TAG" VALUES(107453,770);
INSERT INTO "SCTMATCOMPONENTS_DATA2TAG" VALUES(107453,771);
INSERT INTO "SCTMATCOMPONENTS_DATA2TAG" VALUES(107453,772);
INSERT INTO "SCTMATCOMPONENTS_DATA2TAG" VALUES(107453,773);
INSERT INTO "SCTMATCOMPONENTS_DATA2TAG" VALUES(107453,774);
INSERT INTO "SCTMATCOMPONENTS_DATA2TAG" VALUES(107453,775);
INSERT INTO "SCTMATCOMPONENTS_DATA2TAG" VALUES(107453,776);
INSERT INTO "SCTMATCOMPONENTS_DATA2TAG" VALUES(107453,777);
INSERT INTO "SCTMATCOMPONENTS_DATA2TAG" VALUES(107453,778);
INSERT INTO "SCTMATCOMPONENTS_DATA2TAG" VALUES(107453,779);
INSERT INTO "SCTMATCOMPONENTS_DATA2TAG" VALUES(107453,780);
INSERT INTO "SCTMATCOMPONENTS_DATA2TAG" VALUES(107453,781);
INSERT INTO "SCTMATCOMPONENTS_DATA2TAG" VALUES(107453,782);
INSERT INTO "SCTMATCOMPONENTS_DATA2TAG" VALUES(107453,783);
INSERT INTO "SCTMATCOMPONENTS_DATA2TAG" VALUES(107453,784);
INSERT INTO "SCTMATCOMPONENTS_DATA2TAG" VALUES(107453,785);
INSERT INTO "SCTMATCOMPONENTS_DATA2TAG" VALUES(107453,786);
INSERT INTO "SCTMATCOMPONENTS_DATA2TAG" VALUES(107453,787);
INSERT INTO "SCTMATCOMPONENTS_DATA2TAG" VALUES(107453,788);
INSERT INTO "SCTMATCOMPONENTS_DATA2TAG" VALUES(107453,789);
INSERT INTO "SCTMATCOMPONENTS_DATA2TAG" VALUES(107453,790);
INSERT INTO "SCTMATCOMPONENTS_DATA2TAG" VALUES(107453,791);
INSERT INTO "SCTMATCOMPONENTS_DATA2TAG" VALUES(107453,792);
INSERT INTO "SCTMATCOMPONENTS_DATA2TAG" VALUES(107453,793);
INSERT INTO "SCTMATCOMPONENTS_DATA2TAG" VALUES(107453,794);
INSERT INTO "SCTMATCOMPONENTS_DATA2TAG" VALUES(107453,795);
INSERT INTO "SCTMATCOMPONENTS_DATA2TAG" VALUES(107453,796);
INSERT INTO "SCTMATCOMPONENTS_DATA2TAG" VALUES(107453,797);
INSERT INTO "SCTMATCOMPONENTS_DATA2TAG" VALUES(107453,798);
INSERT INTO "SCTMATCOMPONENTS_DATA2TAG" VALUES(107453,799);
INSERT INTO "SCTMATCOMPONENTS_DATA2TAG" VALUES(107453,800);
INSERT INTO "SCTMATCOMPONENTS_DATA2TAG" VALUES(107453,801);
INSERT INTO "SCTMATCOMPONENTS_DATA2TAG" VALUES(107453,802);
INSERT INTO "SCTMATCOMPONENTS_DATA2TAG" VALUES(107453,803);
INSERT INTO "SCTMATCOMPONENTS_DATA2TAG" VALUES(107453,804);
INSERT INTO "SCTMATCOMPONENTS_DATA2TAG" VALUES(107453,805);
INSERT INTO "SCTMATCOMPONENTS_DATA2TAG" VALUES(107453,806);
INSERT INTO "SCTMATCOMPONENTS_DATA2TAG" VALUES(107453,807);
INSERT INTO "SCTMATCOMPONENTS_DATA2TAG" VALUES(107453,808);
INSERT INTO "SCTMATCOMPONENTS_DATA2TAG" VALUES(107453,809);
INSERT INTO "SCTMATCOMPONENTS_DATA2TAG" VALUES(107453,810);
INSERT INTO "SCTMATCOMPONENTS_DATA2TAG" VALUES(107453,811);
INSERT INTO "SCTMATCOMPONENTS_DATA2TAG" VALUES(107453,812);
INSERT INTO "SCTMATCOMPONENTS_DATA2TAG" VALUES(107453,813);
INSERT INTO "SCTMATCOMPONENTS_DATA2TAG" VALUES(107453,814);
INSERT INTO "SCTMATCOMPONENTS_DATA2TAG" VALUES(107453,815);
INSERT INTO "SCTMATCOMPONENTS_DATA2TAG" VALUES(107453,816);
INSERT INTO "SCTMATCOMPONENTS_DATA2TAG" VALUES(107453,817);
INSERT INTO "SCTMATCOMPONENTS_DATA2TAG" VALUES(107453,818);
INSERT INTO "SCTMATCOMPONENTS_DATA2TAG" VALUES(107453,819);
INSERT INTO "SCTMATCOMPONENTS_DATA2TAG" VALUES(107453,820);
INSERT INTO "SCTMATCOMPONENTS_DATA2TAG" VALUES(107453,821);
INSERT INTO "SCTMATCOMPONENTS_DATA2TAG" VALUES(107453,822);
INSERT INTO "SCTMATCOMPONENTS_DATA2TAG" VALUES(107453,823);
INSERT INTO "SCTMATCOMPONENTS_DATA2TAG" VALUES(107453,824);
INSERT INTO "SCTMATCOMPONENTS_DATA2TAG" VALUES(107453,825);
INSERT INTO "SCTMATCOMPONENTS_DATA2TAG" VALUES(107453,826);
INSERT INTO "SCTMATCOMPONENTS_DATA2TAG" VALUES(107453,827);
INSERT INTO "SCTMATCOMPONENTS_DATA2TAG" VALUES(107453,828);
INSERT INTO "SCTMATCOMPONENTS_DATA2TAG" VALUES(107453,829);
INSERT INTO "SCTMATCOMPONENTS_DATA2TAG" VALUES(107453,830);
INSERT INTO "SCTMATCOMPONENTS_DATA2TAG" VALUES(107453,831);
INSERT INTO "SCTMATCOMPONENTS_DATA2TAG" VALUES(107453,832);
INSERT INTO "SCTMATCOMPONENTS_DATA2TAG" VALUES(107453,833);
INSERT INTO "SCTMATCOMPONENTS_DATA2TAG" VALUES(107453,834);
INSERT INTO "SCTMATCOMPONENTS_DATA2TAG" VALUES(107453,835);
INSERT INTO "SCTMATCOMPONENTS_DATA2TAG" VALUES(107453,836);
INSERT INTO "SCTMATCOMPONENTS_DATA2TAG" VALUES(107453,837);
INSERT INTO "SCTMATCOMPONENTS_DATA2TAG" VALUES(107453,838);
INSERT INTO "SCTMATCOMPONENTS_DATA2TAG" VALUES(107453,844);
INSERT INTO "SCTMATCOMPONENTS_DATA2TAG" VALUES(107453,845);
INSERT INTO "SCTMATCOMPONENTS_DATA2TAG" VALUES(107453,846);
INSERT INTO "SCTMATCOMPONENTS_DATA2TAG" VALUES(107453,849);
INSERT INTO "SCTMATCOMPONENTS_DATA2TAG" VALUES(107453,850);
INSERT INTO "SCTMATCOMPONENTS_DATA2TAG" VALUES(107453,851);
INSERT INTO "SCTMATCOMPONENTS_DATA2TAG" VALUES(107453,852);
INSERT INTO "SCTMATCOMPONENTS_DATA2TAG" VALUES(107453,853);
INSERT INTO "SCTMATCOMPONENTS_DATA2TAG" VALUES(107453,854);
INSERT INTO "SCTMATCOMPONENTS_DATA2TAG" VALUES(107453,855);
INSERT INTO "SCTMATCOMPONENTS_DATA2TAG" VALUES(107453,856);
INSERT INTO "SCTMATCOMPONENTS_DATA2TAG" VALUES(107453,857);
INSERT INTO "SCTMATCOMPONENTS_DATA2TAG" VALUES(107453,858);
INSERT INTO "SCTMATCOMPONENTS_DATA2TAG" VALUES(107453,859);
INSERT INTO "SCTMATCOMPONENTS_DATA2TAG" VALUES(107453,860);
INSERT INTO "SCTMATCOMPONENTS_DATA2TAG" VALUES(107453,861);
INSERT INTO "SCTMATCOMPONENTS_DATA2TAG" VALUES(107453,862);
INSERT INTO "SCTMATCOMPONENTS_DATA2TAG" VALUES(107453,863);
INSERT INTO "SCTMATCOMPONENTS_DATA2TAG" VALUES(107453,864);
INSERT INTO "SCTMATCOMPONENTS_DATA2TAG" VALUES(107453,865);
INSERT INTO "SCTMATCOMPONENTS_DATA2TAG" VALUES(107453,866);
INSERT INTO "SCTMATCOMPONENTS_DATA2TAG" VALUES(107453,867);
INSERT INTO "SCTMATCOMPONENTS_DATA2TAG" VALUES(107453,868);
INSERT INTO "SCTMATCOMPONENTS_DATA2TAG" VALUES(107453,869);
INSERT INTO "SCTMATCOMPONENTS_DATA2TAG" VALUES(107453,870);
INSERT INTO "SCTMATCOMPONENTS_DATA2TAG" VALUES(107453,871);
INSERT INTO "SCTMATCOMPONENTS_DATA2TAG" VALUES(107453,872);
INSERT INTO "SCTMATCOMPONENTS_DATA2TAG" VALUES(107453,873);
INSERT INTO "SCTMATCOMPONENTS_DATA2TAG" VALUES(107453,874);
INSERT INTO "SCTMATCOMPONENTS_DATA2TAG" VALUES(107453,875);
INSERT INTO "SCTMATCOMPONENTS_DATA2TAG" VALUES(107453,876);
INSERT INTO "SCTMATCOMPONENTS_DATA2TAG" VALUES(107453,877);
INSERT INTO "SCTMATCOMPONENTS_DATA2TAG" VALUES(107453,878);
INSERT INTO "SCTMATCOMPONENTS_DATA2TAG" VALUES(107453,879);
INSERT INTO "SCTMATCOMPONENTS_DATA2TAG" VALUES(107453,880);
INSERT INTO "SCTMATCOMPONENTS_DATA2TAG" VALUES(107453,881);
INSERT INTO "SCTMATCOMPONENTS_DATA2TAG" VALUES(107453,882);
INSERT INTO "SCTMATCOMPONENTS_DATA2TAG" VALUES(107453,883);
INSERT INTO "SCTMATCOMPONENTS_DATA2TAG" VALUES(107453,884);
INSERT INTO "SCTMATCOMPONENTS_DATA2TAG" VALUES(107453,885);
INSERT INTO "SCTMATCOMPONENTS_DATA2TAG" VALUES(107453,886);
INSERT INTO "SCTMATCOMPONENTS_DATA2TAG" VALUES(107453,887);
INSERT INTO "SCTMATCOMPONENTS_DATA2TAG" VALUES(107453,888);
INSERT INTO "SCTMATCOMPONENTS_DATA2TAG" VALUES(107453,889);
INSERT INTO "SCTMATCOMPONENTS_DATA2TAG" VALUES(107453,890);
INSERT INTO "SCTMATCOMPONENTS_DATA2TAG" VALUES(107453,891);
INSERT INTO "SCTMATCOMPONENTS_DATA2TAG" VALUES(107453,892);
INSERT INTO "SCTMATCOMPONENTS_DATA2TAG" VALUES(107453,893);
INSERT INTO "SCTMATCOMPONENTS_DATA2TAG" VALUES(107453,894);
INSERT INTO "SCTMATCOMPONENTS_DATA2TAG" VALUES(107453,895);
INSERT INTO "SCTMATCOMPONENTS_DATA2TAG" VALUES(107453,896);
INSERT INTO "SCTMATCOMPONENTS_DATA2TAG" VALUES(107453,897);
INSERT INTO "SCTMATCOMPONENTS_DATA2TAG" VALUES(107453,898);
INSERT INTO "SCTMATCOMPONENTS_DATA2TAG" VALUES(107453,899);
INSERT INTO "SCTMATCOMPONENTS_DATA2TAG" VALUES(107453,900);
INSERT INTO "SCTMATCOMPONENTS_DATA2TAG" VALUES(107453,901);
INSERT INTO "SCTMATCOMPONENTS_DATA2TAG" VALUES(107453,902);
INSERT INTO "SCTMATCOMPONENTS_DATA2TAG" VALUES(107453,903);
INSERT INTO "SCTMATCOMPONENTS_DATA2TAG" VALUES(107453,904);
INSERT INTO "SCTMATCOMPONENTS_DATA2TAG" VALUES(107453,905);
INSERT INTO "SCTMATCOMPONENTS_DATA2TAG" VALUES(107453,906);
INSERT INTO "SCTMATCOMPONENTS_DATA2TAG" VALUES(107453,907);
INSERT INTO "SCTMATCOMPONENTS_DATA2TAG" VALUES(107453,908);
INSERT INTO "SCTMATCOMPONENTS_DATA2TAG" VALUES(107453,909);
INSERT INTO "SCTMATCOMPONENTS_DATA2TAG" VALUES(107453,910);
INSERT INTO "SCTMATCOMPONENTS_DATA2TAG" VALUES(107453,911);
INSERT INTO "SCTMATCOMPONENTS_DATA2TAG" VALUES(107453,912);
INSERT INTO "SCTMATCOMPONENTS_DATA2TAG" VALUES(107453,913);
INSERT INTO "SCTMATCOMPONENTS_DATA2TAG" VALUES(107453,914);
INSERT INTO "SCTMATCOMPONENTS_DATA2TAG" VALUES(107453,915);
INSERT INTO "SCTMATCOMPONENTS_DATA2TAG" VALUES(107453,916);
INSERT INTO "SCTMATCOMPONENTS_DATA2TAG" VALUES(107453,917);
INSERT INTO "SCTMATCOMPONENTS_DATA2TAG" VALUES(107453,918);
INSERT INTO "SCTMATCOMPONENTS_DATA2TAG" VALUES(107453,919);
INSERT INTO "SCTMATCOMPONENTS_DATA2TAG" VALUES(107453,920);
INSERT INTO "SCTMATCOMPONENTS_DATA2TAG" VALUES(107453,921);
INSERT INTO "SCTMATCOMPONENTS_DATA2TAG" VALUES(107453,922);
INSERT INTO "SCTMATCOMPONENTS_DATA2TAG" VALUES(107453,923);
INSERT INTO "SCTMATCOMPONENTS_DATA2TAG" VALUES(107453,924);
INSERT INTO "SCTMATCOMPONENTS_DATA2TAG" VALUES(107453,925);
INSERT INTO "SCTMATCOMPONENTS_DATA2TAG" VALUES(107453,926);
INSERT INTO "SCTMATCOMPONENTS_DATA2TAG" VALUES(107453,927);
INSERT INTO "SCTMATCOMPONENTS_DATA2TAG" VALUES(107453,928);
INSERT INTO "SCTMATCOMPONENTS_DATA2TAG" VALUES(107453,929);
INSERT INTO "SCTMATCOMPONENTS_DATA2TAG" VALUES(107453,930);
INSERT INTO "SCTMATCOMPONENTS_DATA2TAG" VALUES(107453,931);
INSERT INTO "SCTMATCOMPONENTS_DATA2TAG" VALUES(107453,932);
INSERT INTO "SCTMATCOMPONENTS_DATA2TAG" VALUES(107453,933);
INSERT INTO "SCTMATCOMPONENTS_DATA2TAG" VALUES(107453,934);
INSERT INTO "SCTMATCOMPONENTS_DATA2TAG" VALUES(107453,935);
INSERT INTO "SCTMATCOMPONENTS_DATA2TAG" VALUES(107453,936);
INSERT INTO "SCTMATCOMPONENTS_DATA2TAG" VALUES(107778,9);
INSERT INTO "SCTMATCOMPONENTS_DATA2TAG" VALUES(107778,10);
INSERT INTO "SCTMATCOMPONENTS_DATA2TAG" VALUES(107778,13);
INSERT INTO "SCTMATCOMPONENTS_DATA2TAG" VALUES(107778,14);
INSERT INTO "SCTMATCOMPONENTS_DATA2TAG" VALUES(107778,15);
INSERT INTO "SCTMATCOMPONENTS_DATA2TAG" VALUES(107778,16);
INSERT INTO "SCTMATCOMPONENTS_DATA2TAG" VALUES(107778,17);
INSERT INTO "SCTMATCOMPONENTS_DATA2TAG" VALUES(107778,18);
INSERT INTO "SCTMATCOMPONENTS_DATA2TAG" VALUES(107778,19);
INSERT INTO "SCTMATCOMPONENTS_DATA2TAG" VALUES(107778,20);
INSERT INTO "SCTMATCOMPONENTS_DATA2TAG" VALUES(107778,21);
INSERT INTO "SCTMATCOMPONENTS_DATA2TAG" VALUES(107778,22);
INSERT INTO "SCTMATCOMPONENTS_DATA2TAG" VALUES(107778,23);
INSERT INTO "SCTMATCOMPONENTS_DATA2TAG" VALUES(107778,24);
INSERT INTO "SCTMATCOMPONENTS_DATA2TAG" VALUES(107778,25);
INSERT INTO "SCTMATCOMPONENTS_DATA2TAG" VALUES(107778,26);
INSERT INTO "SCTMATCOMPONENTS_DATA2TAG" VALUES(107778,27);
INSERT INTO "SCTMATCOMPONENTS_DATA2TAG" VALUES(107778,32);
INSERT INTO "SCTMATCOMPONENTS_DATA2TAG" VALUES(107778,33);
INSERT INTO "SCTMATCOMPONENTS_DATA2TAG" VALUES(107778,34);
INSERT INTO "SCTMATCOMPONENTS_DATA2TAG" VALUES(107778,35);
INSERT INTO "SCTMATCOMPONENTS_DATA2TAG" VALUES(107778,37);
INSERT INTO "SCTMATCOMPONENTS_DATA2TAG" VALUES(107778,39);
INSERT INTO "SCTMATCOMPONENTS_DATA2TAG" VALUES(107778,40);
INSERT INTO "SCTMATCOMPONENTS_DATA2TAG" VALUES(107778,41);
INSERT INTO "SCTMATCOMPONENTS_DATA2TAG" VALUES(107778,42);
INSERT INTO "SCTMATCOMPONENTS_DATA2TAG" VALUES(107778,43);
INSERT INTO "SCTMATCOMPONENTS_DATA2TAG" VALUES(107778,44);
INSERT INTO "SCTMATCOMPONENTS_DATA2TAG" VALUES(107778,45);
INSERT INTO "SCTMATCOMPONENTS_DATA2TAG" VALUES(107778,46);
INSERT INTO "SCTMATCOMPONENTS_DATA2TAG" VALUES(107778,47);
INSERT INTO "SCTMATCOMPONENTS_DATA2TAG" VALUES(107778,48);
INSERT INTO "SCTMATCOMPONENTS_DATA2TAG" VALUES(107778,49);
INSERT INTO "SCTMATCOMPONENTS_DATA2TAG" VALUES(107778,50);
INSERT INTO "SCTMATCOMPONENTS_DATA2TAG" VALUES(107778,51);
INSERT INTO "SCTMATCOMPONENTS_DATA2TAG" VALUES(107778,52);
INSERT INTO "SCTMATCOMPONENTS_DATA2TAG" VALUES(107778,53);
INSERT INTO "SCTMATCOMPONENTS_DATA2TAG" VALUES(107778,54);
INSERT INTO "SCTMATCOMPONENTS_DATA2TAG" VALUES(107778,55);
INSERT INTO "SCTMATCOMPONENTS_DATA2TAG" VALUES(107778,56);
INSERT INTO "SCTMATCOMPONENTS_DATA2TAG" VALUES(107778,57);
INSERT INTO "SCTMATCOMPONENTS_DATA2TAG" VALUES(107778,58);
INSERT INTO "SCTMATCOMPONENTS_DATA2TAG" VALUES(107778,59);
INSERT INTO "SCTMATCOMPONENTS_DATA2TAG" VALUES(107778,60);
INSERT INTO "SCTMATCOMPONENTS_DATA2TAG" VALUES(107778,61);
INSERT INTO "SCTMATCOMPONENTS_DATA2TAG" VALUES(107778,62);
INSERT INTO "SCTMATCOMPONENTS_DATA2TAG" VALUES(107778,63);
INSERT INTO "SCTMATCOMPONENTS_DATA2TAG" VALUES(107778,64);
INSERT INTO "SCTMATCOMPONENTS_DATA2TAG" VALUES(107778,65);
INSERT INTO "SCTMATCOMPONENTS_DATA2TAG" VALUES(107778,66);
INSERT INTO "SCTMATCOMPONENTS_DATA2TAG" VALUES(107778,67);
INSERT INTO "SCTMATCOMPONENTS_DATA2TAG" VALUES(107778,68);
INSERT INTO "SCTMATCOMPONENTS_DATA2TAG" VALUES(107778,69);
INSERT INTO "SCTMATCOMPONENTS_DATA2TAG" VALUES(107778,102);
INSERT INTO "SCTMATCOMPONENTS_DATA2TAG" VALUES(107778,103);
INSERT INTO "SCTMATCOMPONENTS_DATA2TAG" VALUES(107778,104);
INSERT INTO "SCTMATCOMPONENTS_DATA2TAG" VALUES(107778,105);
INSERT INTO "SCTMATCOMPONENTS_DATA2TAG" VALUES(107778,106);
INSERT INTO "SCTMATCOMPONENTS_DATA2TAG" VALUES(107778,107);
INSERT INTO "SCTMATCOMPONENTS_DATA2TAG" VALUES(107778,108);
INSERT INTO "SCTMATCOMPONENTS_DATA2TAG" VALUES(107778,123);
INSERT INTO "SCTMATCOMPONENTS_DATA2TAG" VALUES(107778,124);
INSERT INTO "SCTMATCOMPONENTS_DATA2TAG" VALUES(107778,125);
INSERT INTO "SCTMATCOMPONENTS_DATA2TAG" VALUES(107778,126);
INSERT INTO "SCTMATCOMPONENTS_DATA2TAG" VALUES(107778,127);
INSERT INTO "SCTMATCOMPONENTS_DATA2TAG" VALUES(107778,128);
INSERT INTO "SCTMATCOMPONENTS_DATA2TAG" VALUES(107778,129);
INSERT INTO "SCTMATCOMPONENTS_DATA2TAG" VALUES(107778,130);
INSERT INTO "SCTMATCOMPONENTS_DATA2TAG" VALUES(107778,131);
INSERT INTO "SCTMATCOMPONENTS_DATA2TAG" VALUES(107778,132);
INSERT INTO "SCTMATCOMPONENTS_DATA2TAG" VALUES(107778,133);
INSERT INTO "SCTMATCOMPONENTS_DATA2TAG" VALUES(107778,134);
INSERT INTO "SCTMATCOMPONENTS_DATA2TAG" VALUES(107778,135);
INSERT INTO "SCTMATCOMPONENTS_DATA2TAG" VALUES(107778,136);
INSERT INTO "SCTMATCOMPONENTS_DATA2TAG" VALUES(107778,137);
INSERT INTO "SCTMATCOMPONENTS_DATA2TAG" VALUES(107778,138);
INSERT INTO "SCTMATCOMPONENTS_DATA2TAG" VALUES(107778,139);
INSERT INTO "SCTMATCOMPONENTS_DATA2TAG" VALUES(107778,140);
INSERT INTO "SCTMATCOMPONENTS_DATA2TAG" VALUES(107778,141);
INSERT INTO "SCTMATCOMPONENTS_DATA2TAG" VALUES(107778,142);
INSERT INTO "SCTMATCOMPONENTS_DATA2TAG" VALUES(107778,143);
INSERT INTO "SCTMATCOMPONENTS_DATA2TAG" VALUES(107778,144);
INSERT INTO "SCTMATCOMPONENTS_DATA2TAG" VALUES(107778,145);
INSERT INTO "SCTMATCOMPONENTS_DATA2TAG" VALUES(107778,146);
INSERT INTO "SCTMATCOMPONENTS_DATA2TAG" VALUES(107778,147);
INSERT INTO "SCTMATCOMPONENTS_DATA2TAG" VALUES(107778,148);
INSERT INTO "SCTMATCOMPONENTS_DATA2TAG" VALUES(107778,149);
INSERT INTO "SCTMATCOMPONENTS_DATA2TAG" VALUES(107778,150);
INSERT INTO "SCTMATCOMPONENTS_DATA2TAG" VALUES(107778,151);
INSERT INTO "SCTMATCOMPONENTS_DATA2TAG" VALUES(107778,152);
INSERT INTO "SCTMATCOMPONENTS_DATA2TAG" VALUES(107778,153);
INSERT INTO "SCTMATCOMPONENTS_DATA2TAG" VALUES(107778,154);
INSERT INTO "SCTMATCOMPONENTS_DATA2TAG" VALUES(107778,155);
INSERT INTO "SCTMATCOMPONENTS_DATA2TAG" VALUES(107778,156);
INSERT INTO "SCTMATCOMPONENTS_DATA2TAG" VALUES(107778,157);
INSERT INTO "SCTMATCOMPONENTS_DATA2TAG" VALUES(107778,158);
INSERT INTO "SCTMATCOMPONENTS_DATA2TAG" VALUES(107778,159);
INSERT INTO "SCTMATCOMPONENTS_DATA2TAG" VALUES(107778,160);
INSERT INTO "SCTMATCOMPONENTS_DATA2TAG" VALUES(107778,161);
INSERT INTO "SCTMATCOMPONENTS_DATA2TAG" VALUES(107778,162);
INSERT INTO "SCTMATCOMPONENTS_DATA2TAG" VALUES(107778,163);
INSERT INTO "SCTMATCOMPONENTS_DATA2TAG" VALUES(107778,164);
INSERT INTO "SCTMATCOMPONENTS_DATA2TAG" VALUES(107778,165);
INSERT INTO "SCTMATCOMPONENTS_DATA2TAG" VALUES(107778,166);
INSERT INTO "SCTMATCOMPONENTS_DATA2TAG" VALUES(107778,167);
INSERT INTO "SCTMATCOMPONENTS_DATA2TAG" VALUES(107778,168);
INSERT INTO "SCTMATCOMPONENTS_DATA2TAG" VALUES(107778,169);
INSERT INTO "SCTMATCOMPONENTS_DATA2TAG" VALUES(107778,170);
INSERT INTO "SCTMATCOMPONENTS_DATA2TAG" VALUES(107778,171);
INSERT INTO "SCTMATCOMPONENTS_DATA2TAG" VALUES(107778,172);
INSERT INTO "SCTMATCOMPONENTS_DATA2TAG" VALUES(107778,173);
INSERT INTO "SCTMATCOMPONENTS_DATA2TAG" VALUES(107778,174);
INSERT INTO "SCTMATCOMPONENTS_DATA2TAG" VALUES(107778,175);
INSERT INTO "SCTMATCOMPONENTS_DATA2TAG" VALUES(107778,176);
INSERT INTO "SCTMATCOMPONENTS_DATA2TAG" VALUES(107778,177);
INSERT INTO "SCTMATCOMPONENTS_DATA2TAG" VALUES(107778,178);
INSERT INTO "SCTMATCOMPONENTS_DATA2TAG" VALUES(107778,179);
INSERT INTO "SCTMATCOMPONENTS_DATA2TAG" VALUES(107778,180);
INSERT INTO "SCTMATCOMPONENTS_DATA2TAG" VALUES(107778,181);
INSERT INTO "SCTMATCOMPONENTS_DATA2TAG" VALUES(107778,182);
INSERT INTO "SCTMATCOMPONENTS_DATA2TAG" VALUES(107778,183);
INSERT INTO "SCTMATCOMPONENTS_DATA2TAG" VALUES(107778,184);
INSERT INTO "SCTMATCOMPONENTS_DATA2TAG" VALUES(107778,185);
INSERT INTO "SCTMATCOMPONENTS_DATA2TAG" VALUES(107778,186);
INSERT INTO "SCTMATCOMPONENTS_DATA2TAG" VALUES(107778,187);
INSERT INTO "SCTMATCOMPONENTS_DATA2TAG" VALUES(107778,188);
INSERT INTO "SCTMATCOMPONENTS_DATA2TAG" VALUES(107778,189);
INSERT INTO "SCTMATCOMPONENTS_DATA2TAG" VALUES(107778,190);
INSERT INTO "SCTMATCOMPONENTS_DATA2TAG" VALUES(107778,191);
INSERT INTO "SCTMATCOMPONENTS_DATA2TAG" VALUES(107778,192);
INSERT INTO "SCTMATCOMPONENTS_DATA2TAG" VALUES(107778,193);
INSERT INTO "SCTMATCOMPONENTS_DATA2TAG" VALUES(107778,194);
INSERT INTO "SCTMATCOMPONENTS_DATA2TAG" VALUES(107778,195);
INSERT INTO "SCTMATCOMPONENTS_DATA2TAG" VALUES(107778,196);
INSERT INTO "SCTMATCOMPONENTS_DATA2TAG" VALUES(107778,197);
INSERT INTO "SCTMATCOMPONENTS_DATA2TAG" VALUES(107778,198);
INSERT INTO "SCTMATCOMPONENTS_DATA2TAG" VALUES(107778,199);
INSERT INTO "SCTMATCOMPONENTS_DATA2TAG" VALUES(107778,200);
INSERT INTO "SCTMATCOMPONENTS_DATA2TAG" VALUES(107778,201);
INSERT INTO "SCTMATCOMPONENTS_DATA2TAG" VALUES(107778,202);
INSERT INTO "SCTMATCOMPONENTS_DATA2TAG" VALUES(107778,203);
INSERT INTO "SCTMATCOMPONENTS_DATA2TAG" VALUES(107778,204);
INSERT INTO "SCTMATCOMPONENTS_DATA2TAG" VALUES(107778,205);
INSERT INTO "SCTMATCOMPONENTS_DATA2TAG" VALUES(107778,206);
INSERT INTO "SCTMATCOMPONENTS_DATA2TAG" VALUES(107778,207);
INSERT INTO "SCTMATCOMPONENTS_DATA2TAG" VALUES(107778,215);
INSERT INTO "SCTMATCOMPONENTS_DATA2TAG" VALUES(107778,216);
INSERT INTO "SCTMATCOMPONENTS_DATA2TAG" VALUES(107778,217);
INSERT INTO "SCTMATCOMPONENTS_DATA2TAG" VALUES(107778,218);
INSERT INTO "SCTMATCOMPONENTS_DATA2TAG" VALUES(107778,219);
INSERT INTO "SCTMATCOMPONENTS_DATA2TAG" VALUES(107778,220);
INSERT INTO "SCTMATCOMPONENTS_DATA2TAG" VALUES(107778,221);
INSERT INTO "SCTMATCOMPONENTS_DATA2TAG" VALUES(107778,222);
INSERT INTO "SCTMATCOMPONENTS_DATA2TAG" VALUES(107778,223);
INSERT INTO "SCTMATCOMPONENTS_DATA2TAG" VALUES(107778,224);
INSERT INTO "SCTMATCOMPONENTS_DATA2TAG" VALUES(107778,225);
INSERT INTO "SCTMATCOMPONENTS_DATA2TAG" VALUES(107778,231);
INSERT INTO "SCTMATCOMPONENTS_DATA2TAG" VALUES(107778,232);
INSERT INTO "SCTMATCOMPONENTS_DATA2TAG" VALUES(107778,237);
INSERT INTO "SCTMATCOMPONENTS_DATA2TAG" VALUES(107778,238);
INSERT INTO "SCTMATCOMPONENTS_DATA2TAG" VALUES(107778,244);
INSERT INTO "SCTMATCOMPONENTS_DATA2TAG" VALUES(107778,247);
INSERT INTO "SCTMATCOMPONENTS_DATA2TAG" VALUES(107778,248);
INSERT INTO "SCTMATCOMPONENTS_DATA2TAG" VALUES(107778,254);
INSERT INTO "SCTMATCOMPONENTS_DATA2TAG" VALUES(107778,255);
INSERT INTO "SCTMATCOMPONENTS_DATA2TAG" VALUES(107778,256);
INSERT INTO "SCTMATCOMPONENTS_DATA2TAG" VALUES(107778,257);
INSERT INTO "SCTMATCOMPONENTS_DATA2TAG" VALUES(107778,259);
INSERT INTO "SCTMATCOMPONENTS_DATA2TAG" VALUES(107778,260);
INSERT INTO "SCTMATCOMPONENTS_DATA2TAG" VALUES(107778,261);
INSERT INTO "SCTMATCOMPONENTS_DATA2TAG" VALUES(107778,262);
INSERT INTO "SCTMATCOMPONENTS_DATA2TAG" VALUES(107778,263);
INSERT INTO "SCTMATCOMPONENTS_DATA2TAG" VALUES(107778,269);
INSERT INTO "SCTMATCOMPONENTS_DATA2TAG" VALUES(107778,270);
INSERT INTO "SCTMATCOMPONENTS_DATA2TAG" VALUES(107778,271);
INSERT INTO "SCTMATCOMPONENTS_DATA2TAG" VALUES(107778,272);
INSERT INTO "SCTMATCOMPONENTS_DATA2TAG" VALUES(107778,273);
INSERT INTO "SCTMATCOMPONENTS_DATA2TAG" VALUES(107778,274);
INSERT INTO "SCTMATCOMPONENTS_DATA2TAG" VALUES(107778,275);
INSERT INTO "SCTMATCOMPONENTS_DATA2TAG" VALUES(107778,276);
INSERT INTO "SCTMATCOMPONENTS_DATA2TAG" VALUES(107778,277);
INSERT INTO "SCTMATCOMPONENTS_DATA2TAG" VALUES(107778,278);
INSERT INTO "SCTMATCOMPONENTS_DATA2TAG" VALUES(107778,279);
INSERT INTO "SCTMATCOMPONENTS_DATA2TAG" VALUES(107778,280);
INSERT INTO "SCTMATCOMPONENTS_DATA2TAG" VALUES(107778,281);
INSERT INTO "SCTMATCOMPONENTS_DATA2TAG" VALUES(107778,282);
INSERT INTO "SCTMATCOMPONENTS_DATA2TAG" VALUES(107778,283);
INSERT INTO "SCTMATCOMPONENTS_DATA2TAG" VALUES(107778,284);
INSERT INTO "SCTMATCOMPONENTS_DATA2TAG" VALUES(107778,285);
INSERT INTO "SCTMATCOMPONENTS_DATA2TAG" VALUES(107778,286);
INSERT INTO "SCTMATCOMPONENTS_DATA2TAG" VALUES(107778,287);
INSERT INTO "SCTMATCOMPONENTS_DATA2TAG" VALUES(107778,288);
INSERT INTO "SCTMATCOMPONENTS_DATA2TAG" VALUES(107778,289);
INSERT INTO "SCTMATCOMPONENTS_DATA2TAG" VALUES(107778,290);
INSERT INTO "SCTMATCOMPONENTS_DATA2TAG" VALUES(107778,291);
INSERT INTO "SCTMATCOMPONENTS_DATA2TAG" VALUES(107778,292);
INSERT INTO "SCTMATCOMPONENTS_DATA2TAG" VALUES(107778,293);
INSERT INTO "SCTMATCOMPONENTS_DATA2TAG" VALUES(107778,294);
INSERT INTO "SCTMATCOMPONENTS_DATA2TAG" VALUES(107778,295);
INSERT INTO "SCTMATCOMPONENTS_DATA2TAG" VALUES(107778,296);
INSERT INTO "SCTMATCOMPONENTS_DATA2TAG" VALUES(107778,297);
INSERT INTO "SCTMATCOMPONENTS_DATA2TAG" VALUES(107778,298);
INSERT INTO "SCTMATCOMPONENTS_DATA2TAG" VALUES(107778,299);
INSERT INTO "SCTMATCOMPONENTS_DATA2TAG" VALUES(107778,300);
INSERT INTO "SCTMATCOMPONENTS_DATA2TAG" VALUES(107778,301);
INSERT INTO "SCTMATCOMPONENTS_DATA2TAG" VALUES(107778,302);
INSERT INTO "SCTMATCOMPONENTS_DATA2TAG" VALUES(107778,303);
INSERT INTO "SCTMATCOMPONENTS_DATA2TAG" VALUES(107778,304);
INSERT INTO "SCTMATCOMPONENTS_DATA2TAG" VALUES(107778,305);
INSERT INTO "SCTMATCOMPONENTS_DATA2TAG" VALUES(107778,306);
INSERT INTO "SCTMATCOMPONENTS_DATA2TAG" VALUES(107778,307);
INSERT INTO "SCTMATCOMPONENTS_DATA2TAG" VALUES(107778,308);
INSERT INTO "SCTMATCOMPONENTS_DATA2TAG" VALUES(107778,309);
INSERT INTO "SCTMATCOMPONENTS_DATA2TAG" VALUES(107778,310);
INSERT INTO "SCTMATCOMPONENTS_DATA2TAG" VALUES(107778,311);
INSERT INTO "SCTMATCOMPONENTS_DATA2TAG" VALUES(107778,312);
INSERT INTO "SCTMATCOMPONENTS_DATA2TAG" VALUES(107778,313);
INSERT INTO "SCTMATCOMPONENTS_DATA2TAG" VALUES(107778,314);
INSERT INTO "SCTMATCOMPONENTS_DATA2TAG" VALUES(107778,315);
INSERT INTO "SCTMATCOMPONENTS_DATA2TAG" VALUES(107778,316);
INSERT INTO "SCTMATCOMPONENTS_DATA2TAG" VALUES(107778,317);
INSERT INTO "SCTMATCOMPONENTS_DATA2TAG" VALUES(107778,318);
INSERT INTO "SCTMATCOMPONENTS_DATA2TAG" VALUES(107778,319);
INSERT INTO "SCTMATCOMPONENTS_DATA2TAG" VALUES(107778,320);
INSERT INTO "SCTMATCOMPONENTS_DATA2TAG" VALUES(107778,321);
INSERT INTO "SCTMATCOMPONENTS_DATA2TAG" VALUES(107778,322);
INSERT INTO "SCTMATCOMPONENTS_DATA2TAG" VALUES(107778,323);
INSERT INTO "SCTMATCOMPONENTS_DATA2TAG" VALUES(107778,324);
INSERT INTO "SCTMATCOMPONENTS_DATA2TAG" VALUES(107778,325);
INSERT INTO "SCTMATCOMPONENTS_DATA2TAG" VALUES(107778,326);
INSERT INTO "SCTMATCOMPONENTS_DATA2TAG" VALUES(107778,329);
INSERT INTO "SCTMATCOMPONENTS_DATA2TAG" VALUES(107778,330);
INSERT INTO "SCTMATCOMPONENTS_DATA2TAG" VALUES(107778,331);
INSERT INTO "SCTMATCOMPONENTS_DATA2TAG" VALUES(107778,332);
INSERT INTO "SCTMATCOMPONENTS_DATA2TAG" VALUES(107778,333);
INSERT INTO "SCTMATCOMPONENTS_DATA2TAG" VALUES(107778,334);
INSERT INTO "SCTMATCOMPONENTS_DATA2TAG" VALUES(107778,335);
INSERT INTO "SCTMATCOMPONENTS_DATA2TAG" VALUES(107778,336);
INSERT INTO "SCTMATCOMPONENTS_DATA2TAG" VALUES(107778,337);
INSERT INTO "SCTMATCOMPONENTS_DATA2TAG" VALUES(107778,338);
INSERT INTO "SCTMATCOMPONENTS_DATA2TAG" VALUES(107778,339);
INSERT INTO "SCTMATCOMPONENTS_DATA2TAG" VALUES(107778,340);
INSERT INTO "SCTMATCOMPONENTS_DATA2TAG" VALUES(107778,341);
INSERT INTO "SCTMATCOMPONENTS_DATA2TAG" VALUES(107778,342);
INSERT INTO "SCTMATCOMPONENTS_DATA2TAG" VALUES(107778,343);
INSERT INTO "SCTMATCOMPONENTS_DATA2TAG" VALUES(107778,344);
INSERT INTO "SCTMATCOMPONENTS_DATA2TAG" VALUES(107778,345);
INSERT INTO "SCTMATCOMPONENTS_DATA2TAG" VALUES(107778,346);
INSERT INTO "SCTMATCOMPONENTS_DATA2TAG" VALUES(107778,347);
INSERT INTO "SCTMATCOMPONENTS_DATA2TAG" VALUES(107778,348);
INSERT INTO "SCTMATCOMPONENTS_DATA2TAG" VALUES(107778,349);
INSERT INTO "SCTMATCOMPONENTS_DATA2TAG" VALUES(107778,350);
INSERT INTO "SCTMATCOMPONENTS_DATA2TAG" VALUES(107778,351);
INSERT INTO "SCTMATCOMPONENTS_DATA2TAG" VALUES(107778,352);
INSERT INTO "SCTMATCOMPONENTS_DATA2TAG" VALUES(107778,353);
INSERT INTO "SCTMATCOMPONENTS_DATA2TAG" VALUES(107778,354);
INSERT INTO "SCTMATCOMPONENTS_DATA2TAG" VALUES(107778,355);
INSERT INTO "SCTMATCOMPONENTS_DATA2TAG" VALUES(107778,356);
INSERT INTO "SCTMATCOMPONENTS_DATA2TAG" VALUES(107778,357);
INSERT INTO "SCTMATCOMPONENTS_DATA2TAG" VALUES(107778,358);
INSERT INTO "SCTMATCOMPONENTS_DATA2TAG" VALUES(107778,359);
INSERT INTO "SCTMATCOMPONENTS_DATA2TAG" VALUES(107778,360);
INSERT INTO "SCTMATCOMPONENTS_DATA2TAG" VALUES(107778,361);
INSERT INTO "SCTMATCOMPONENTS_DATA2TAG" VALUES(107778,362);
INSERT INTO "SCTMATCOMPONENTS_DATA2TAG" VALUES(107778,407);
INSERT INTO "SCTMATCOMPONENTS_DATA2TAG" VALUES(107778,408);
INSERT INTO "SCTMATCOMPONENTS_DATA2TAG" VALUES(107778,409);
INSERT INTO "SCTMATCOMPONENTS_DATA2TAG" VALUES(107778,410);
INSERT INTO "SCTMATCOMPONENTS_DATA2TAG" VALUES(107778,411);
INSERT INTO "SCTMATCOMPONENTS_DATA2TAG" VALUES(107778,412);
INSERT INTO "SCTMATCOMPONENTS_DATA2TAG" VALUES(107778,413);
INSERT INTO "SCTMATCOMPONENTS_DATA2TAG" VALUES(107778,414);
INSERT INTO "SCTMATCOMPONENTS_DATA2TAG" VALUES(107778,415);
INSERT INTO "SCTMATCOMPONENTS_DATA2TAG" VALUES(107778,416);
INSERT INTO "SCTMATCOMPONENTS_DATA2TAG" VALUES(107778,417);
INSERT INTO "SCTMATCOMPONENTS_DATA2TAG" VALUES(107778,418);
INSERT INTO "SCTMATCOMPONENTS_DATA2TAG" VALUES(107778,419);
INSERT INTO "SCTMATCOMPONENTS_DATA2TAG" VALUES(107778,420);
INSERT INTO "SCTMATCOMPONENTS_DATA2TAG" VALUES(107778,421);
INSERT INTO "SCTMATCOMPONENTS_DATA2TAG" VALUES(107778,422);
INSERT INTO "SCTMATCOMPONENTS_DATA2TAG" VALUES(107778,423);
INSERT INTO "SCTMATCOMPONENTS_DATA2TAG" VALUES(107778,424);
INSERT INTO "SCTMATCOMPONENTS_DATA2TAG" VALUES(107778,425);
INSERT INTO "SCTMATCOMPONENTS_DATA2TAG" VALUES(107778,426);
INSERT INTO "SCTMATCOMPONENTS_DATA2TAG" VALUES(107778,427);
INSERT INTO "SCTMATCOMPONENTS_DATA2TAG" VALUES(107778,428);
INSERT INTO "SCTMATCOMPONENTS_DATA2TAG" VALUES(107778,429);
INSERT INTO "SCTMATCOMPONENTS_DATA2TAG" VALUES(107778,430);
INSERT INTO "SCTMATCOMPONENTS_DATA2TAG" VALUES(107778,431);
INSERT INTO "SCTMATCOMPONENTS_DATA2TAG" VALUES(107778,432);
INSERT INTO "SCTMATCOMPONENTS_DATA2TAG" VALUES(107778,433);
INSERT INTO "SCTMATCOMPONENTS_DATA2TAG" VALUES(107778,434);
INSERT INTO "SCTMATCOMPONENTS_DATA2TAG" VALUES(107778,435);
INSERT INTO "SCTMATCOMPONENTS_DATA2TAG" VALUES(107778,436);
INSERT INTO "SCTMATCOMPONENTS_DATA2TAG" VALUES(107778,437);
INSERT INTO "SCTMATCOMPONENTS_DATA2TAG" VALUES(107778,438);
INSERT INTO "SCTMATCOMPONENTS_DATA2TAG" VALUES(107778,439);
INSERT INTO "SCTMATCOMPONENTS_DATA2TAG" VALUES(107778,440);
INSERT INTO "SCTMATCOMPONENTS_DATA2TAG" VALUES(107778,441);
INSERT INTO "SCTMATCOMPONENTS_DATA2TAG" VALUES(107778,442);
INSERT INTO "SCTMATCOMPONENTS_DATA2TAG" VALUES(107778,443);
INSERT INTO "SCTMATCOMPONENTS_DATA2TAG" VALUES(107778,444);
INSERT INTO "SCTMATCOMPONENTS_DATA2TAG" VALUES(107778,445);
INSERT INTO "SCTMATCOMPONENTS_DATA2TAG" VALUES(107778,446);
INSERT INTO "SCTMATCOMPONENTS_DATA2TAG" VALUES(107778,447);
INSERT INTO "SCTMATCOMPONENTS_DATA2TAG" VALUES(107778,448);
INSERT INTO "SCTMATCOMPONENTS_DATA2TAG" VALUES(107778,449);
INSERT INTO "SCTMATCOMPONENTS_DATA2TAG" VALUES(107778,450);
INSERT INTO "SCTMATCOMPONENTS_DATA2TAG" VALUES(107778,451);
INSERT INTO "SCTMATCOMPONENTS_DATA2TAG" VALUES(107778,452);
INSERT INTO "SCTMATCOMPONENTS_DATA2TAG" VALUES(107778,453);
INSERT INTO "SCTMATCOMPONENTS_DATA2TAG" VALUES(107778,454);
INSERT INTO "SCTMATCOMPONENTS_DATA2TAG" VALUES(107778,455);
INSERT INTO "SCTMATCOMPONENTS_DATA2TAG" VALUES(107778,458);
INSERT INTO "SCTMATCOMPONENTS_DATA2TAG" VALUES(107778,459);
INSERT INTO "SCTMATCOMPONENTS_DATA2TAG" VALUES(107778,460);
INSERT INTO "SCTMATCOMPONENTS_DATA2TAG" VALUES(107778,461);
INSERT INTO "SCTMATCOMPONENTS_DATA2TAG" VALUES(107778,462);
INSERT INTO "SCTMATCOMPONENTS_DATA2TAG" VALUES(107778,463);
INSERT INTO "SCTMATCOMPONENTS_DATA2TAG" VALUES(107778,464);
INSERT INTO "SCTMATCOMPONENTS_DATA2TAG" VALUES(107778,465);
INSERT INTO "SCTMATCOMPONENTS_DATA2TAG" VALUES(107778,466);
INSERT INTO "SCTMATCOMPONENTS_DATA2TAG" VALUES(107778,467);
INSERT INTO "SCTMATCOMPONENTS_DATA2TAG" VALUES(107778,468);
INSERT INTO "SCTMATCOMPONENTS_DATA2TAG" VALUES(107778,469);
INSERT INTO "SCTMATCOMPONENTS_DATA2TAG" VALUES(107778,470);
INSERT INTO "SCTMATCOMPONENTS_DATA2TAG" VALUES(107778,471);
INSERT INTO "SCTMATCOMPONENTS_DATA2TAG" VALUES(107778,472);
INSERT INTO "SCTMATCOMPONENTS_DATA2TAG" VALUES(107778,473);
INSERT INTO "SCTMATCOMPONENTS_DATA2TAG" VALUES(107778,474);
INSERT INTO "SCTMATCOMPONENTS_DATA2TAG" VALUES(107778,475);
INSERT INTO "SCTMATCOMPONENTS_DATA2TAG" VALUES(107778,476);
INSERT INTO "SCTMATCOMPONENTS_DATA2TAG" VALUES(107778,477);
INSERT INTO "SCTMATCOMPONENTS_DATA2TAG" VALUES(107778,478);
INSERT INTO "SCTMATCOMPONENTS_DATA2TAG" VALUES(107778,479);
INSERT INTO "SCTMATCOMPONENTS_DATA2TAG" VALUES(107778,480);
INSERT INTO "SCTMATCOMPONENTS_DATA2TAG" VALUES(107778,481);
INSERT INTO "SCTMATCOMPONENTS_DATA2TAG" VALUES(107778,482);
INSERT INTO "SCTMATCOMPONENTS_DATA2TAG" VALUES(107778,483);
INSERT INTO "SCTMATCOMPONENTS_DATA2TAG" VALUES(107778,484);
INSERT INTO "SCTMATCOMPONENTS_DATA2TAG" VALUES(107778,485);
INSERT INTO "SCTMATCOMPONENTS_DATA2TAG" VALUES(107778,486);
INSERT INTO "SCTMATCOMPONENTS_DATA2TAG" VALUES(107778,487);
INSERT INTO "SCTMATCOMPONENTS_DATA2TAG" VALUES(107778,488);
INSERT INTO "SCTMATCOMPONENTS_DATA2TAG" VALUES(107778,489);
INSERT INTO "SCTMATCOMPONENTS_DATA2TAG" VALUES(107778,490);
INSERT INTO "SCTMATCOMPONENTS_DATA2TAG" VALUES(107778,491);
INSERT INTO "SCTMATCOMPONENTS_DATA2TAG" VALUES(107778,492);
INSERT INTO "SCTMATCOMPONENTS_DATA2TAG" VALUES(107778,493);
INSERT INTO "SCTMATCOMPONENTS_DATA2TAG" VALUES(107778,494);
INSERT INTO "SCTMATCOMPONENTS_DATA2TAG" VALUES(107778,495);
INSERT INTO "SCTMATCOMPONENTS_DATA2TAG" VALUES(107778,496);
INSERT INTO "SCTMATCOMPONENTS_DATA2TAG" VALUES(107778,497);
INSERT INTO "SCTMATCOMPONENTS_DATA2TAG" VALUES(107778,498);
INSERT INTO "SCTMATCOMPONENTS_DATA2TAG" VALUES(107778,499);
INSERT INTO "SCTMATCOMPONENTS_DATA2TAG" VALUES(107778,500);
INSERT INTO "SCTMATCOMPONENTS_DATA2TAG" VALUES(107778,501);
INSERT INTO "SCTMATCOMPONENTS_DATA2TAG" VALUES(107778,502);
INSERT INTO "SCTMATCOMPONENTS_DATA2TAG" VALUES(107778,503);
INSERT INTO "SCTMATCOMPONENTS_DATA2TAG" VALUES(107778,504);
INSERT INTO "SCTMATCOMPONENTS_DATA2TAG" VALUES(107778,505);
INSERT INTO "SCTMATCOMPONENTS_DATA2TAG" VALUES(107778,506);
INSERT INTO "SCTMATCOMPONENTS_DATA2TAG" VALUES(107778,507);
INSERT INTO "SCTMATCOMPONENTS_DATA2TAG" VALUES(107778,508);
INSERT INTO "SCTMATCOMPONENTS_DATA2TAG" VALUES(107778,509);
INSERT INTO "SCTMATCOMPONENTS_DATA2TAG" VALUES(107778,510);
INSERT INTO "SCTMATCOMPONENTS_DATA2TAG" VALUES(107778,511);
INSERT INTO "SCTMATCOMPONENTS_DATA2TAG" VALUES(107778,512);
INSERT INTO "SCTMATCOMPONENTS_DATA2TAG" VALUES(107778,513);
INSERT INTO "SCTMATCOMPONENTS_DATA2TAG" VALUES(107778,514);
INSERT INTO "SCTMATCOMPONENTS_DATA2TAG" VALUES(107778,515);
INSERT INTO "SCTMATCOMPONENTS_DATA2TAG" VALUES(107778,516);
INSERT INTO "SCTMATCOMPONENTS_DATA2TAG" VALUES(107778,517);
INSERT INTO "SCTMATCOMPONENTS_DATA2TAG" VALUES(107778,518);
INSERT INTO "SCTMATCOMPONENTS_DATA2TAG" VALUES(107778,519);
INSERT INTO "SCTMATCOMPONENTS_DATA2TAG" VALUES(107778,520);
INSERT INTO "SCTMATCOMPONENTS_DATA2TAG" VALUES(107778,521);
INSERT INTO "SCTMATCOMPONENTS_DATA2TAG" VALUES(107778,522);
INSERT INTO "SCTMATCOMPONENTS_DATA2TAG" VALUES(107778,523);
INSERT INTO "SCTMATCOMPONENTS_DATA2TAG" VALUES(107778,524);
INSERT INTO "SCTMATCOMPONENTS_DATA2TAG" VALUES(107778,533);
INSERT INTO "SCTMATCOMPONENTS_DATA2TAG" VALUES(107778,534);
INSERT INTO "SCTMATCOMPONENTS_DATA2TAG" VALUES(107778,535);
INSERT INTO "SCTMATCOMPONENTS_DATA2TAG" VALUES(107778,536);
INSERT INTO "SCTMATCOMPONENTS_DATA2TAG" VALUES(107778,537);
INSERT INTO "SCTMATCOMPONENTS_DATA2TAG" VALUES(107778,538);
INSERT INTO "SCTMATCOMPONENTS_DATA2TAG" VALUES(107778,540);
INSERT INTO "SCTMATCOMPONENTS_DATA2TAG" VALUES(107778,541);
INSERT INTO "SCTMATCOMPONENTS_DATA2TAG" VALUES(107778,542);
INSERT INTO "SCTMATCOMPONENTS_DATA2TAG" VALUES(107778,543);
INSERT INTO "SCTMATCOMPONENTS_DATA2TAG" VALUES(107778,544);
INSERT INTO "SCTMATCOMPONENTS_DATA2TAG" VALUES(107778,545);
INSERT INTO "SCTMATCOMPONENTS_DATA2TAG" VALUES(107778,546);
INSERT INTO "SCTMATCOMPONENTS_DATA2TAG" VALUES(107778,547);
INSERT INTO "SCTMATCOMPONENTS_DATA2TAG" VALUES(107778,548);
INSERT INTO "SCTMATCOMPONENTS_DATA2TAG" VALUES(107778,549);
INSERT INTO "SCTMATCOMPONENTS_DATA2TAG" VALUES(107778,551);
INSERT INTO "SCTMATCOMPONENTS_DATA2TAG" VALUES(107778,552);
INSERT INTO "SCTMATCOMPONENTS_DATA2TAG" VALUES(107778,553);
INSERT INTO "SCTMATCOMPONENTS_DATA2TAG" VALUES(107778,554);
INSERT INTO "SCTMATCOMPONENTS_DATA2TAG" VALUES(107778,558);
INSERT INTO "SCTMATCOMPONENTS_DATA2TAG" VALUES(107778,559);
INSERT INTO "SCTMATCOMPONENTS_DATA2TAG" VALUES(107778,560);
INSERT INTO "SCTMATCOMPONENTS_DATA2TAG" VALUES(107778,561);
INSERT INTO "SCTMATCOMPONENTS_DATA2TAG" VALUES(107778,562);
INSERT INTO "SCTMATCOMPONENTS_DATA2TAG" VALUES(107778,563);
INSERT INTO "SCTMATCOMPONENTS_DATA2TAG" VALUES(107778,564);
INSERT INTO "SCTMATCOMPONENTS_DATA2TAG" VALUES(107778,565);
INSERT INTO "SCTMATCOMPONENTS_DATA2TAG" VALUES(107778,566);
INSERT INTO "SCTMATCOMPONENTS_DATA2TAG" VALUES(107778,567);
INSERT INTO "SCTMATCOMPONENTS_DATA2TAG" VALUES(107778,569);
INSERT INTO "SCTMATCOMPONENTS_DATA2TAG" VALUES(107778,571);
INSERT INTO "SCTMATCOMPONENTS_DATA2TAG" VALUES(107778,572);
INSERT INTO "SCTMATCOMPONENTS_DATA2TAG" VALUES(107778,573);
INSERT INTO "SCTMATCOMPONENTS_DATA2TAG" VALUES(107778,574);
INSERT INTO "SCTMATCOMPONENTS_DATA2TAG" VALUES(107778,575);
INSERT INTO "SCTMATCOMPONENTS_DATA2TAG" VALUES(107778,576);
INSERT INTO "SCTMATCOMPONENTS_DATA2TAG" VALUES(107778,577);
INSERT INTO "SCTMATCOMPONENTS_DATA2TAG" VALUES(107778,578);
INSERT INTO "SCTMATCOMPONENTS_DATA2TAG" VALUES(107778,579);
INSERT INTO "SCTMATCOMPONENTS_DATA2TAG" VALUES(107778,580);
INSERT INTO "SCTMATCOMPONENTS_DATA2TAG" VALUES(107778,581);
INSERT INTO "SCTMATCOMPONENTS_DATA2TAG" VALUES(107778,582);
INSERT INTO "SCTMATCOMPONENTS_DATA2TAG" VALUES(107778,583);
INSERT INTO "SCTMATCOMPONENTS_DATA2TAG" VALUES(107778,584);
INSERT INTO "SCTMATCOMPONENTS_DATA2TAG" VALUES(107778,585);
INSERT INTO "SCTMATCOMPONENTS_DATA2TAG" VALUES(107778,586);
INSERT INTO "SCTMATCOMPONENTS_DATA2TAG" VALUES(107778,587);
INSERT INTO "SCTMATCOMPONENTS_DATA2TAG" VALUES(107778,588);
INSERT INTO "SCTMATCOMPONENTS_DATA2TAG" VALUES(107778,589);
INSERT INTO "SCTMATCOMPONENTS_DATA2TAG" VALUES(107778,604);
INSERT INTO "SCTMATCOMPONENTS_DATA2TAG" VALUES(107778,615);
INSERT INTO "SCTMATCOMPONENTS_DATA2TAG" VALUES(107778,616);
INSERT INTO "SCTMATCOMPONENTS_DATA2TAG" VALUES(107778,617);
INSERT INTO "SCTMATCOMPONENTS_DATA2TAG" VALUES(107778,618);
INSERT INTO "SCTMATCOMPONENTS_DATA2TAG" VALUES(107778,619);
INSERT INTO "SCTMATCOMPONENTS_DATA2TAG" VALUES(107778,620);
INSERT INTO "SCTMATCOMPONENTS_DATA2TAG" VALUES(107778,621);
INSERT INTO "SCTMATCOMPONENTS_DATA2TAG" VALUES(107778,622);
INSERT INTO "SCTMATCOMPONENTS_DATA2TAG" VALUES(107778,623);
INSERT INTO "SCTMATCOMPONENTS_DATA2TAG" VALUES(107778,624);
INSERT INTO "SCTMATCOMPONENTS_DATA2TAG" VALUES(107778,625);
INSERT INTO "SCTMATCOMPONENTS_DATA2TAG" VALUES(107778,626);
INSERT INTO "SCTMATCOMPONENTS_DATA2TAG" VALUES(107778,627);
INSERT INTO "SCTMATCOMPONENTS_DATA2TAG" VALUES(107778,628);
INSERT INTO "SCTMATCOMPONENTS_DATA2TAG" VALUES(107778,629);
INSERT INTO "SCTMATCOMPONENTS_DATA2TAG" VALUES(107778,631);
INSERT INTO "SCTMATCOMPONENTS_DATA2TAG" VALUES(107778,632);
INSERT INTO "SCTMATCOMPONENTS_DATA2TAG" VALUES(107778,633);
INSERT INTO "SCTMATCOMPONENTS_DATA2TAG" VALUES(107778,641);
INSERT INTO "SCTMATCOMPONENTS_DATA2TAG" VALUES(107778,642);
INSERT INTO "SCTMATCOMPONENTS_DATA2TAG" VALUES(107778,643);
INSERT INTO "SCTMATCOMPONENTS_DATA2TAG" VALUES(107778,644);
INSERT INTO "SCTMATCOMPONENTS_DATA2TAG" VALUES(107778,645);
INSERT INTO "SCTMATCOMPONENTS_DATA2TAG" VALUES(107778,646);
INSERT INTO "SCTMATCOMPONENTS_DATA2TAG" VALUES(107778,648);
INSERT INTO "SCTMATCOMPONENTS_DATA2TAG" VALUES(107778,649);
INSERT INTO "SCTMATCOMPONENTS_DATA2TAG" VALUES(107778,650);
INSERT INTO "SCTMATCOMPONENTS_DATA2TAG" VALUES(107778,662);
INSERT INTO "SCTMATCOMPONENTS_DATA2TAG" VALUES(107778,663);
INSERT INTO "SCTMATCOMPONENTS_DATA2TAG" VALUES(107778,664);
INSERT INTO "SCTMATCOMPONENTS_DATA2TAG" VALUES(107778,665);
INSERT INTO "SCTMATCOMPONENTS_DATA2TAG" VALUES(107778,666);
INSERT INTO "SCTMATCOMPONENTS_DATA2TAG" VALUES(107778,667);
INSERT INTO "SCTMATCOMPONENTS_DATA2TAG" VALUES(107778,668);
INSERT INTO "SCTMATCOMPONENTS_DATA2TAG" VALUES(107778,669);
INSERT INTO "SCTMATCOMPONENTS_DATA2TAG" VALUES(107778,670);
INSERT INTO "SCTMATCOMPONENTS_DATA2TAG" VALUES(107778,671);
INSERT INTO "SCTMATCOMPONENTS_DATA2TAG" VALUES(107778,672);
INSERT INTO "SCTMATCOMPONENTS_DATA2TAG" VALUES(107778,674);
INSERT INTO "SCTMATCOMPONENTS_DATA2TAG" VALUES(107778,676);
INSERT INTO "SCTMATCOMPONENTS_DATA2TAG" VALUES(107778,677);
INSERT INTO "SCTMATCOMPONENTS_DATA2TAG" VALUES(107778,678);
INSERT INTO "SCTMATCOMPONENTS_DATA2TAG" VALUES(107778,679);
INSERT INTO "SCTMATCOMPONENTS_DATA2TAG" VALUES(107778,680);
INSERT INTO "SCTMATCOMPONENTS_DATA2TAG" VALUES(107778,681);
INSERT INTO "SCTMATCOMPONENTS_DATA2TAG" VALUES(107778,682);
INSERT INTO "SCTMATCOMPONENTS_DATA2TAG" VALUES(107778,683);
INSERT INTO "SCTMATCOMPONENTS_DATA2TAG" VALUES(107778,684);
INSERT INTO "SCTMATCOMPONENTS_DATA2TAG" VALUES(107778,685);
INSERT INTO "SCTMATCOMPONENTS_DATA2TAG" VALUES(107778,692);
INSERT INTO "SCTMATCOMPONENTS_DATA2TAG" VALUES(107778,693);
INSERT INTO "SCTMATCOMPONENTS_DATA2TAG" VALUES(107778,694);
INSERT INTO "SCTMATCOMPONENTS_DATA2TAG" VALUES(107778,695);
INSERT INTO "SCTMATCOMPONENTS_DATA2TAG" VALUES(107778,696);
INSERT INTO "SCTMATCOMPONENTS_DATA2TAG" VALUES(107778,697);
INSERT INTO "SCTMATCOMPONENTS_DATA2TAG" VALUES(107778,698);
INSERT INTO "SCTMATCOMPONENTS_DATA2TAG" VALUES(107778,699);
INSERT INTO "SCTMATCOMPONENTS_DATA2TAG" VALUES(107778,700);
INSERT INTO "SCTMATCOMPONENTS_DATA2TAG" VALUES(107778,701);
INSERT INTO "SCTMATCOMPONENTS_DATA2TAG" VALUES(107778,729);
INSERT INTO "SCTMATCOMPONENTS_DATA2TAG" VALUES(107778,730);
INSERT INTO "SCTMATCOMPONENTS_DATA2TAG" VALUES(107778,731);
INSERT INTO "SCTMATCOMPONENTS_DATA2TAG" VALUES(107778,732);
INSERT INTO "SCTMATCOMPONENTS_DATA2TAG" VALUES(107778,733);
INSERT INTO "SCTMATCOMPONENTS_DATA2TAG" VALUES(107778,734);
INSERT INTO "SCTMATCOMPONENTS_DATA2TAG" VALUES(107778,735);
INSERT INTO "SCTMATCOMPONENTS_DATA2TAG" VALUES(107778,736);
INSERT INTO "SCTMATCOMPONENTS_DATA2TAG" VALUES(107778,737);
INSERT INTO "SCTMATCOMPONENTS_DATA2TAG" VALUES(107778,738);
INSERT INTO "SCTMATCOMPONENTS_DATA2TAG" VALUES(107778,739);
INSERT INTO "SCTMATCOMPONENTS_DATA2TAG" VALUES(107778,740);
INSERT INTO "SCTMATCOMPONENTS_DATA2TAG" VALUES(107778,741);
INSERT INTO "SCTMATCOMPONENTS_DATA2TAG" VALUES(107778,742);
INSERT INTO "SCTMATCOMPONENTS_DATA2TAG" VALUES(107778,744);
INSERT INTO "SCTMATCOMPONENTS_DATA2TAG" VALUES(107778,745);
INSERT INTO "SCTMATCOMPONENTS_DATA2TAG" VALUES(107778,746);
INSERT INTO "SCTMATCOMPONENTS_DATA2TAG" VALUES(107778,747);
INSERT INTO "SCTMATCOMPONENTS_DATA2TAG" VALUES(107778,748);
INSERT INTO "SCTMATCOMPONENTS_DATA2TAG" VALUES(107778,749);
INSERT INTO "SCTMATCOMPONENTS_DATA2TAG" VALUES(107778,750);
INSERT INTO "SCTMATCOMPONENTS_DATA2TAG" VALUES(107778,751);
INSERT INTO "SCTMATCOMPONENTS_DATA2TAG" VALUES(107778,752);
INSERT INTO "SCTMATCOMPONENTS_DATA2TAG" VALUES(107778,753);
INSERT INTO "SCTMATCOMPONENTS_DATA2TAG" VALUES(107778,754);
INSERT INTO "SCTMATCOMPONENTS_DATA2TAG" VALUES(107778,755);
INSERT INTO "SCTMATCOMPONENTS_DATA2TAG" VALUES(107778,756);
INSERT INTO "SCTMATCOMPONENTS_DATA2TAG" VALUES(107778,757);
INSERT INTO "SCTMATCOMPONENTS_DATA2TAG" VALUES(107778,758);
INSERT INTO "SCTMATCOMPONENTS_DATA2TAG" VALUES(107778,759);
INSERT INTO "SCTMATCOMPONENTS_DATA2TAG" VALUES(107778,760);
INSERT INTO "SCTMATCOMPONENTS_DATA2TAG" VALUES(107778,768);
INSERT INTO "SCTMATCOMPONENTS_DATA2TAG" VALUES(107778,769);
INSERT INTO "SCTMATCOMPONENTS_DATA2TAG" VALUES(107778,770);
INSERT INTO "SCTMATCOMPONENTS_DATA2TAG" VALUES(107778,771);
INSERT INTO "SCTMATCOMPONENTS_DATA2TAG" VALUES(107778,772);
INSERT INTO "SCTMATCOMPONENTS_DATA2TAG" VALUES(107778,773);
INSERT INTO "SCTMATCOMPONENTS_DATA2TAG" VALUES(107778,774);
INSERT INTO "SCTMATCOMPONENTS_DATA2TAG" VALUES(107778,775);
INSERT INTO "SCTMATCOMPONENTS_DATA2TAG" VALUES(107778,776);
INSERT INTO "SCTMATCOMPONENTS_DATA2TAG" VALUES(107778,777);
INSERT INTO "SCTMATCOMPONENTS_DATA2TAG" VALUES(107778,778);
INSERT INTO "SCTMATCOMPONENTS_DATA2TAG" VALUES(107778,779);
INSERT INTO "SCTMATCOMPONENTS_DATA2TAG" VALUES(107778,780);
INSERT INTO "SCTMATCOMPONENTS_DATA2TAG" VALUES(107778,781);
INSERT INTO "SCTMATCOMPONENTS_DATA2TAG" VALUES(107778,782);
INSERT INTO "SCTMATCOMPONENTS_DATA2TAG" VALUES(107778,783);
INSERT INTO "SCTMATCOMPONENTS_DATA2TAG" VALUES(107778,784);
INSERT INTO "SCTMATCOMPONENTS_DATA2TAG" VALUES(107778,785);
INSERT INTO "SCTMATCOMPONENTS_DATA2TAG" VALUES(107778,786);
INSERT INTO "SCTMATCOMPONENTS_DATA2TAG" VALUES(107778,787);
INSERT INTO "SCTMATCOMPONENTS_DATA2TAG" VALUES(107778,788);
INSERT INTO "SCTMATCOMPONENTS_DATA2TAG" VALUES(107778,789);
INSERT INTO "SCTMATCOMPONENTS_DATA2TAG" VALUES(107778,790);
INSERT INTO "SCTMATCOMPONENTS_DATA2TAG" VALUES(107778,791);
INSERT INTO "SCTMATCOMPONENTS_DATA2TAG" VALUES(107778,792);
INSERT INTO "SCTMATCOMPONENTS_DATA2TAG" VALUES(107778,793);
INSERT INTO "SCTMATCOMPONENTS_DATA2TAG" VALUES(107778,794);
INSERT INTO "SCTMATCOMPONENTS_DATA2TAG" VALUES(107778,795);
INSERT INTO "SCTMATCOMPONENTS_DATA2TAG" VALUES(107778,796);
INSERT INTO "SCTMATCOMPONENTS_DATA2TAG" VALUES(107778,797);
INSERT INTO "SCTMATCOMPONENTS_DATA2TAG" VALUES(107778,798);
INSERT INTO "SCTMATCOMPONENTS_DATA2TAG" VALUES(107778,799);
INSERT INTO "SCTMATCOMPONENTS_DATA2TAG" VALUES(107778,800);
INSERT INTO "SCTMATCOMPONENTS_DATA2TAG" VALUES(107778,801);
INSERT INTO "SCTMATCOMPONENTS_DATA2TAG" VALUES(107778,802);
INSERT INTO "SCTMATCOMPONENTS_DATA2TAG" VALUES(107778,803);
INSERT INTO "SCTMATCOMPONENTS_DATA2TAG" VALUES(107778,804);
INSERT INTO "SCTMATCOMPONENTS_DATA2TAG" VALUES(107778,805);
INSERT INTO "SCTMATCOMPONENTS_DATA2TAG" VALUES(107778,806);
INSERT INTO "SCTMATCOMPONENTS_DATA2TAG" VALUES(107778,807);
INSERT INTO "SCTMATCOMPONENTS_DATA2TAG" VALUES(107778,808);
INSERT INTO "SCTMATCOMPONENTS_DATA2TAG" VALUES(107778,809);
INSERT INTO "SCTMATCOMPONENTS_DATA2TAG" VALUES(107778,810);
INSERT INTO "SCTMATCOMPONENTS_DATA2TAG" VALUES(107778,811);
INSERT INTO "SCTMATCOMPONENTS_DATA2TAG" VALUES(107778,812);
INSERT INTO "SCTMATCOMPONENTS_DATA2TAG" VALUES(107778,813);
INSERT INTO "SCTMATCOMPONENTS_DATA2TAG" VALUES(107778,814);
INSERT INTO "SCTMATCOMPONENTS_DATA2TAG" VALUES(107778,815);
INSERT INTO "SCTMATCOMPONENTS_DATA2TAG" VALUES(107778,816);
INSERT INTO "SCTMATCOMPONENTS_DATA2TAG" VALUES(107778,817);
INSERT INTO "SCTMATCOMPONENTS_DATA2TAG" VALUES(107778,818);
INSERT INTO "SCTMATCOMPONENTS_DATA2TAG" VALUES(107778,819);
INSERT INTO "SCTMATCOMPONENTS_DATA2TAG" VALUES(107778,820);
INSERT INTO "SCTMATCOMPONENTS_DATA2TAG" VALUES(107778,821);
INSERT INTO "SCTMATCOMPONENTS_DATA2TAG" VALUES(107778,822);
INSERT INTO "SCTMATCOMPONENTS_DATA2TAG" VALUES(107778,823);
INSERT INTO "SCTMATCOMPONENTS_DATA2TAG" VALUES(107778,824);
INSERT INTO "SCTMATCOMPONENTS_DATA2TAG" VALUES(107778,825);
INSERT INTO "SCTMATCOMPONENTS_DATA2TAG" VALUES(107778,826);
INSERT INTO "SCTMATCOMPONENTS_DATA2TAG" VALUES(107778,827);
INSERT INTO "SCTMATCOMPONENTS_DATA2TAG" VALUES(107778,828);
INSERT INTO "SCTMATCOMPONENTS_DATA2TAG" VALUES(107778,829);
INSERT INTO "SCTMATCOMPONENTS_DATA2TAG" VALUES(107778,830);
INSERT INTO "SCTMATCOMPONENTS_DATA2TAG" VALUES(107778,831);
INSERT INTO "SCTMATCOMPONENTS_DATA2TAG" VALUES(107778,832);
INSERT INTO "SCTMATCOMPONENTS_DATA2TAG" VALUES(107778,833);
INSERT INTO "SCTMATCOMPONENTS_DATA2TAG" VALUES(107778,834);
INSERT INTO "SCTMATCOMPONENTS_DATA2TAG" VALUES(107778,835);
INSERT INTO "SCTMATCOMPONENTS_DATA2TAG" VALUES(107778,836);
INSERT INTO "SCTMATCOMPONENTS_DATA2TAG" VALUES(107778,837);
INSERT INTO "SCTMATCOMPONENTS_DATA2TAG" VALUES(107778,838);
INSERT INTO "SCTMATCOMPONENTS_DATA2TAG" VALUES(107778,844);
INSERT INTO "SCTMATCOMPONENTS_DATA2TAG" VALUES(107778,845);
INSERT INTO "SCTMATCOMPONENTS_DATA2TAG" VALUES(107778,846);
INSERT INTO "SCTMATCOMPONENTS_DATA2TAG" VALUES(107778,849);
INSERT INTO "SCTMATCOMPONENTS_DATA2TAG" VALUES(107778,850);
INSERT INTO "SCTMATCOMPONENTS_DATA2TAG" VALUES(107778,851);
INSERT INTO "SCTMATCOMPONENTS_DATA2TAG" VALUES(107778,852);
INSERT INTO "SCTMATCOMPONENTS_DATA2TAG" VALUES(107778,853);
INSERT INTO "SCTMATCOMPONENTS_DATA2TAG" VALUES(107778,854);
INSERT INTO "SCTMATCOMPONENTS_DATA2TAG" VALUES(107778,855);
INSERT INTO "SCTMATCOMPONENTS_DATA2TAG" VALUES(107778,856);
INSERT INTO "SCTMATCOMPONENTS_DATA2TAG" VALUES(107778,857);
INSERT INTO "SCTMATCOMPONENTS_DATA2TAG" VALUES(107778,858);
INSERT INTO "SCTMATCOMPONENTS_DATA2TAG" VALUES(107778,859);
INSERT INTO "SCTMATCOMPONENTS_DATA2TAG" VALUES(107778,860);
INSERT INTO "SCTMATCOMPONENTS_DATA2TAG" VALUES(107778,861);
INSERT INTO "SCTMATCOMPONENTS_DATA2TAG" VALUES(107778,862);
INSERT INTO "SCTMATCOMPONENTS_DATA2TAG" VALUES(107778,863);
INSERT INTO "SCTMATCOMPONENTS_DATA2TAG" VALUES(107778,864);
INSERT INTO "SCTMATCOMPONENTS_DATA2TAG" VALUES(107778,865);
INSERT INTO "SCTMATCOMPONENTS_DATA2TAG" VALUES(107778,866);
INSERT INTO "SCTMATCOMPONENTS_DATA2TAG" VALUES(107778,867);
INSERT INTO "SCTMATCOMPONENTS_DATA2TAG" VALUES(107778,868);
INSERT INTO "SCTMATCOMPONENTS_DATA2TAG" VALUES(107778,869);
INSERT INTO "SCTMATCOMPONENTS_DATA2TAG" VALUES(107778,870);
INSERT INTO "SCTMATCOMPONENTS_DATA2TAG" VALUES(107778,871);
INSERT INTO "SCTMATCOMPONENTS_DATA2TAG" VALUES(107778,872);
INSERT INTO "SCTMATCOMPONENTS_DATA2TAG" VALUES(107778,873);
INSERT INTO "SCTMATCOMPONENTS_DATA2TAG" VALUES(107778,874);
INSERT INTO "SCTMATCOMPONENTS_DATA2TAG" VALUES(107778,875);
INSERT INTO "SCTMATCOMPONENTS_DATA2TAG" VALUES(107778,876);
INSERT INTO "SCTMATCOMPONENTS_DATA2TAG" VALUES(107778,877);
INSERT INTO "SCTMATCOMPONENTS_DATA2TAG" VALUES(107778,878);
INSERT INTO "SCTMATCOMPONENTS_DATA2TAG" VALUES(107778,879);
INSERT INTO "SCTMATCOMPONENTS_DATA2TAG" VALUES(107778,880);
INSERT INTO "SCTMATCOMPONENTS_DATA2TAG" VALUES(107778,881);
INSERT INTO "SCTMATCOMPONENTS_DATA2TAG" VALUES(107778,882);
INSERT INTO "SCTMATCOMPONENTS_DATA2TAG" VALUES(107778,883);
INSERT INTO "SCTMATCOMPONENTS_DATA2TAG" VALUES(107778,884);
INSERT INTO "SCTMATCOMPONENTS_DATA2TAG" VALUES(107778,885);
INSERT INTO "SCTMATCOMPONENTS_DATA2TAG" VALUES(107778,886);
INSERT INTO "SCTMATCOMPONENTS_DATA2TAG" VALUES(107778,887);
INSERT INTO "SCTMATCOMPONENTS_DATA2TAG" VALUES(107778,888);
INSERT INTO "SCTMATCOMPONENTS_DATA2TAG" VALUES(107778,889);
INSERT INTO "SCTMATCOMPONENTS_DATA2TAG" VALUES(107778,890);
INSERT INTO "SCTMATCOMPONENTS_DATA2TAG" VALUES(107778,891);
INSERT INTO "SCTMATCOMPONENTS_DATA2TAG" VALUES(107778,892);
INSERT INTO "SCTMATCOMPONENTS_DATA2TAG" VALUES(107778,893);
INSERT INTO "SCTMATCOMPONENTS_DATA2TAG" VALUES(107778,894);
INSERT INTO "SCTMATCOMPONENTS_DATA2TAG" VALUES(107778,895);
INSERT INTO "SCTMATCOMPONENTS_DATA2TAG" VALUES(107778,896);
INSERT INTO "SCTMATCOMPONENTS_DATA2TAG" VALUES(107778,897);
INSERT INTO "SCTMATCOMPONENTS_DATA2TAG" VALUES(107778,898);
INSERT INTO "SCTMATCOMPONENTS_DATA2TAG" VALUES(107778,899);
INSERT INTO "SCTMATCOMPONENTS_DATA2TAG" VALUES(107778,900);
INSERT INTO "SCTMATCOMPONENTS_DATA2TAG" VALUES(107778,901);
INSERT INTO "SCTMATCOMPONENTS_DATA2TAG" VALUES(107778,902);
INSERT INTO "SCTMATCOMPONENTS_DATA2TAG" VALUES(107778,903);
INSERT INTO "SCTMATCOMPONENTS_DATA2TAG" VALUES(107778,904);
INSERT INTO "SCTMATCOMPONENTS_DATA2TAG" VALUES(107778,905);
INSERT INTO "SCTMATCOMPONENTS_DATA2TAG" VALUES(107778,906);
INSERT INTO "SCTMATCOMPONENTS_DATA2TAG" VALUES(107778,907);
INSERT INTO "SCTMATCOMPONENTS_DATA2TAG" VALUES(107778,908);
INSERT INTO "SCTMATCOMPONENTS_DATA2TAG" VALUES(107778,909);
INSERT INTO "SCTMATCOMPONENTS_DATA2TAG" VALUES(107778,910);
INSERT INTO "SCTMATCOMPONENTS_DATA2TAG" VALUES(107778,911);
INSERT INTO "SCTMATCOMPONENTS_DATA2TAG" VALUES(107778,912);
INSERT INTO "SCTMATCOMPONENTS_DATA2TAG" VALUES(107778,913);
INSERT INTO "SCTMATCOMPONENTS_DATA2TAG" VALUES(107778,914);
INSERT INTO "SCTMATCOMPONENTS_DATA2TAG" VALUES(107778,915);
INSERT INTO "SCTMATCOMPONENTS_DATA2TAG" VALUES(107778,916);
INSERT INTO "SCTMATCOMPONENTS_DATA2TAG" VALUES(107778,917);
INSERT INTO "SCTMATCOMPONENTS_DATA2TAG" VALUES(107778,918);
INSERT INTO "SCTMATCOMPONENTS_DATA2TAG" VALUES(107778,919);
INSERT INTO "SCTMATCOMPONENTS_DATA2TAG" VALUES(107778,920);
INSERT INTO "SCTMATCOMPONENTS_DATA2TAG" VALUES(107778,921);
INSERT INTO "SCTMATCOMPONENTS_DATA2TAG" VALUES(107778,922);
INSERT INTO "SCTMATCOMPONENTS_DATA2TAG" VALUES(107778,923);
INSERT INTO "SCTMATCOMPONENTS_DATA2TAG" VALUES(107778,924);
INSERT INTO "SCTMATCOMPONENTS_DATA2TAG" VALUES(107778,925);
INSERT INTO "SCTMATCOMPONENTS_DATA2TAG" VALUES(107778,926);
INSERT INTO "SCTMATCOMPONENTS_DATA2TAG" VALUES(107778,927);
INSERT INTO "SCTMATCOMPONENTS_DATA2TAG" VALUES(107778,928);
INSERT INTO "SCTMATCOMPONENTS_DATA2TAG" VALUES(107778,929);
INSERT INTO "SCTMATCOMPONENTS_DATA2TAG" VALUES(107778,930);
INSERT INTO "SCTMATCOMPONENTS_DATA2TAG" VALUES(107778,931);
INSERT INTO "SCTMATCOMPONENTS_DATA2TAG" VALUES(107778,932);
INSERT INTO "SCTMATCOMPONENTS_DATA2TAG" VALUES(107778,933);
INSERT INTO "SCTMATCOMPONENTS_DATA2TAG" VALUES(107778,934);
INSERT INTO "SCTMATCOMPONENTS_DATA2TAG" VALUES(107778,935);
INSERT INTO "SCTMATCOMPONENTS_DATA2TAG" VALUES(107778,936);
INSERT INTO "SCTMATCOMPONENTS_DATA2TAG" VALUES(107778,937);
INSERT INTO "SCTMATCOMPONENTS_DATA2TAG" VALUES(107778,938);
INSERT INTO "SCTMATCOMPONENTS_DATA2TAG" VALUES(107778,939);
INSERT INTO "SCTMATCOMPONENTS_DATA2TAG" VALUES(107778,940);
INSERT INTO "SCTMATCOMPONENTS_DATA2TAG" VALUES(107778,941);
INSERT INTO "SCTMATCOMPONENTS_DATA2TAG" VALUES(107778,942);
INSERT INTO "SCTMATCOMPONENTS_DATA2TAG" VALUES(107778,943);
INSERT INTO "SCTMATCOMPONENTS_DATA2TAG" VALUES(107778,944);
INSERT INTO "SCTMATCOMPONENTS_DATA2TAG" VALUES(107778,945);
INSERT INTO "SCTMATCOMPONENTS_DATA2TAG" VALUES(107778,946);
INSERT INTO "SCTMATCOMPONENTS_DATA2TAG" VALUES(107778,947);
INSERT INTO "SCTMATCOMPONENTS_DATA2TAG" VALUES(107778,948);
INSERT INTO "SCTMATCOMPONENTS_DATA2TAG" VALUES(107778,949);
INSERT INTO "SCTMATCOMPONENTS_DATA2TAG" VALUES(107778,950);
INSERT INTO "SCTMATCOMPONENTS_DATA2TAG" VALUES(107778,951);
INSERT INTO "SCTMATCOMPONENTS_DATA2TAG" VALUES(107778,952);
INSERT INTO "SCTMATCOMPONENTS_DATA2TAG" VALUES(107778,953);
INSERT INTO "SCTMATCOMPONENTS_DATA2TAG" VALUES(107778,954);
INSERT INTO "SCTMATCOMPONENTS_DATA2TAG" VALUES(107778,955);
INSERT INTO "SCTMATCOMPONENTS_DATA2TAG" VALUES(107778,956);
INSERT INTO "SCTMATCOMPONENTS_DATA2TAG" VALUES(107778,957);
INSERT INTO "SCTMATCOMPONENTS_DATA2TAG" VALUES(107778,958);
INSERT INTO "SCTMATCOMPONENTS_DATA2TAG" VALUES(107778,959);
INSERT INTO "SCTMATCOMPONENTS_DATA2TAG" VALUES(107778,960);
INSERT INTO "SCTMATCOMPONENTS_DATA2TAG" VALUES(108571,9);
INSERT INTO "SCTMATCOMPONENTS_DATA2TAG" VALUES(108571,10);
INSERT INTO "SCTMATCOMPONENTS_DATA2TAG" VALUES(108571,13);
INSERT INTO "SCTMATCOMPONENTS_DATA2TAG" VALUES(108571,16);
INSERT INTO "SCTMATCOMPONENTS_DATA2TAG" VALUES(108571,39);
INSERT INTO "SCTMATCOMPONENTS_DATA2TAG" VALUES(108571,40);
INSERT INTO "SCTMATCOMPONENTS_DATA2TAG" VALUES(108571,41);
INSERT INTO "SCTMATCOMPONENTS_DATA2TAG" VALUES(108571,42);
INSERT INTO "SCTMATCOMPONENTS_DATA2TAG" VALUES(108571,43);
INSERT INTO "SCTMATCOMPONENTS_DATA2TAG" VALUES(108571,44);
INSERT INTO "SCTMATCOMPONENTS_DATA2TAG" VALUES(108571,45);
INSERT INTO "SCTMATCOMPONENTS_DATA2TAG" VALUES(108571,46);
INSERT INTO "SCTMATCOMPONENTS_DATA2TAG" VALUES(108571,47);
INSERT INTO "SCTMATCOMPONENTS_DATA2TAG" VALUES(108571,48);
INSERT INTO "SCTMATCOMPONENTS_DATA2TAG" VALUES(108571,49);
INSERT INTO "SCTMATCOMPONENTS_DATA2TAG" VALUES(108571,50);
INSERT INTO "SCTMATCOMPONENTS_DATA2TAG" VALUES(108571,51);
INSERT INTO "SCTMATCOMPONENTS_DATA2TAG" VALUES(108571,52);
INSERT INTO "SCTMATCOMPONENTS_DATA2TAG" VALUES(108571,53);
INSERT INTO "SCTMATCOMPONENTS_DATA2TAG" VALUES(108571,54);
INSERT INTO "SCTMATCOMPONENTS_DATA2TAG" VALUES(108571,55);
INSERT INTO "SCTMATCOMPONENTS_DATA2TAG" VALUES(108571,56);
INSERT INTO "SCTMATCOMPONENTS_DATA2TAG" VALUES(108571,57);
INSERT INTO "SCTMATCOMPONENTS_DATA2TAG" VALUES(108571,58);
INSERT INTO "SCTMATCOMPONENTS_DATA2TAG" VALUES(108571,59);
INSERT INTO "SCTMATCOMPONENTS_DATA2TAG" VALUES(108571,60);
INSERT INTO "SCTMATCOMPONENTS_DATA2TAG" VALUES(108571,61);
INSERT INTO "SCTMATCOMPONENTS_DATA2TAG" VALUES(108571,62);
INSERT INTO "SCTMATCOMPONENTS_DATA2TAG" VALUES(108571,63);
INSERT INTO "SCTMATCOMPONENTS_DATA2TAG" VALUES(108571,64);
INSERT INTO "SCTMATCOMPONENTS_DATA2TAG" VALUES(108571,65);
INSERT INTO "SCTMATCOMPONENTS_DATA2TAG" VALUES(108571,66);
INSERT INTO "SCTMATCOMPONENTS_DATA2TAG" VALUES(108571,67);
INSERT INTO "SCTMATCOMPONENTS_DATA2TAG" VALUES(108571,68);
INSERT INTO "SCTMATCOMPONENTS_DATA2TAG" VALUES(108571,69);
INSERT INTO "SCTMATCOMPONENTS_DATA2TAG" VALUES(108571,102);
INSERT INTO "SCTMATCOMPONENTS_DATA2TAG" VALUES(108571,103);
INSERT INTO "SCTMATCOMPONENTS_DATA2TAG" VALUES(108571,104);
INSERT INTO "SCTMATCOMPONENTS_DATA2TAG" VALUES(108571,105);
INSERT INTO "SCTMATCOMPONENTS_DATA2TAG" VALUES(108571,194);
INSERT INTO "SCTMATCOMPONENTS_DATA2TAG" VALUES(108571,195);
INSERT INTO "SCTMATCOMPONENTS_DATA2TAG" VALUES(108571,196);
INSERT INTO "SCTMATCOMPONENTS_DATA2TAG" VALUES(108571,197);
INSERT INTO "SCTMATCOMPONENTS_DATA2TAG" VALUES(108571,198);
INSERT INTO "SCTMATCOMPONENTS_DATA2TAG" VALUES(108571,199);
INSERT INTO "SCTMATCOMPONENTS_DATA2TAG" VALUES(108571,200);
INSERT INTO "SCTMATCOMPONENTS_DATA2TAG" VALUES(108571,201);
INSERT INTO "SCTMATCOMPONENTS_DATA2TAG" VALUES(108571,202);
INSERT INTO "SCTMATCOMPONENTS_DATA2TAG" VALUES(108571,203);
INSERT INTO "SCTMATCOMPONENTS_DATA2TAG" VALUES(108571,204);
INSERT INTO "SCTMATCOMPONENTS_DATA2TAG" VALUES(108571,205);
INSERT INTO "SCTMATCOMPONENTS_DATA2TAG" VALUES(108571,206);
INSERT INTO "SCTMATCOMPONENTS_DATA2TAG" VALUES(108571,207);
INSERT INTO "SCTMATCOMPONENTS_DATA2TAG" VALUES(108571,215);
INSERT INTO "SCTMATCOMPONENTS_DATA2TAG" VALUES(108571,216);
INSERT INTO "SCTMATCOMPONENTS_DATA2TAG" VALUES(108571,217);
INSERT INTO "SCTMATCOMPONENTS_DATA2TAG" VALUES(108571,218);
INSERT INTO "SCTMATCOMPONENTS_DATA2TAG" VALUES(108571,219);
INSERT INTO "SCTMATCOMPONENTS_DATA2TAG" VALUES(108571,220);
INSERT INTO "SCTMATCOMPONENTS_DATA2TAG" VALUES(108571,221);
INSERT INTO "SCTMATCOMPONENTS_DATA2TAG" VALUES(108571,222);
INSERT INTO "SCTMATCOMPONENTS_DATA2TAG" VALUES(108571,223);
INSERT INTO "SCTMATCOMPONENTS_DATA2TAG" VALUES(108571,224);
INSERT INTO "SCTMATCOMPONENTS_DATA2TAG" VALUES(108571,225);
INSERT INTO "SCTMATCOMPONENTS_DATA2TAG" VALUES(108571,231);
INSERT INTO "SCTMATCOMPONENTS_DATA2TAG" VALUES(108571,232);
INSERT INTO "SCTMATCOMPONENTS_DATA2TAG" VALUES(108571,237);
INSERT INTO "SCTMATCOMPONENTS_DATA2TAG" VALUES(108571,238);
INSERT INTO "SCTMATCOMPONENTS_DATA2TAG" VALUES(108571,244);
INSERT INTO "SCTMATCOMPONENTS_DATA2TAG" VALUES(108571,247);
INSERT INTO "SCTMATCOMPONENTS_DATA2TAG" VALUES(108571,248);
INSERT INTO "SCTMATCOMPONENTS_DATA2TAG" VALUES(108571,254);
INSERT INTO "SCTMATCOMPONENTS_DATA2TAG" VALUES(108571,255);
INSERT INTO "SCTMATCOMPONENTS_DATA2TAG" VALUES(108571,256);
INSERT INTO "SCTMATCOMPONENTS_DATA2TAG" VALUES(108571,257);
INSERT INTO "SCTMATCOMPONENTS_DATA2TAG" VALUES(108571,269);
INSERT INTO "SCTMATCOMPONENTS_DATA2TAG" VALUES(108571,270);
INSERT INTO "SCTMATCOMPONENTS_DATA2TAG" VALUES(108571,271);
INSERT INTO "SCTMATCOMPONENTS_DATA2TAG" VALUES(108571,272);
INSERT INTO "SCTMATCOMPONENTS_DATA2TAG" VALUES(108571,273);
INSERT INTO "SCTMATCOMPONENTS_DATA2TAG" VALUES(108571,274);
INSERT INTO "SCTMATCOMPONENTS_DATA2TAG" VALUES(108571,275);
INSERT INTO "SCTMATCOMPONENTS_DATA2TAG" VALUES(108571,285);
INSERT INTO "SCTMATCOMPONENTS_DATA2TAG" VALUES(108571,286);
INSERT INTO "SCTMATCOMPONENTS_DATA2TAG" VALUES(108571,287);
INSERT INTO "SCTMATCOMPONENTS_DATA2TAG" VALUES(108571,288);
INSERT INTO "SCTMATCOMPONENTS_DATA2TAG" VALUES(108571,289);
INSERT INTO "SCTMATCOMPONENTS_DATA2TAG" VALUES(108571,290);
INSERT INTO "SCTMATCOMPONENTS_DATA2TAG" VALUES(108571,291);
INSERT INTO "SCTMATCOMPONENTS_DATA2TAG" VALUES(108571,292);
INSERT INTO "SCTMATCOMPONENTS_DATA2TAG" VALUES(108571,298);
INSERT INTO "SCTMATCOMPONENTS_DATA2TAG" VALUES(108571,299);
INSERT INTO "SCTMATCOMPONENTS_DATA2TAG" VALUES(108571,300);
INSERT INTO "SCTMATCOMPONENTS_DATA2TAG" VALUES(108571,301);
INSERT INTO "SCTMATCOMPONENTS_DATA2TAG" VALUES(108571,302);
INSERT INTO "SCTMATCOMPONENTS_DATA2TAG" VALUES(108571,303);
INSERT INTO "SCTMATCOMPONENTS_DATA2TAG" VALUES(108571,304);
INSERT INTO "SCTMATCOMPONENTS_DATA2TAG" VALUES(108571,305);
INSERT INTO "SCTMATCOMPONENTS_DATA2TAG" VALUES(108571,306);
INSERT INTO "SCTMATCOMPONENTS_DATA2TAG" VALUES(108571,307);
INSERT INTO "SCTMATCOMPONENTS_DATA2TAG" VALUES(108571,308);
INSERT INTO "SCTMATCOMPONENTS_DATA2TAG" VALUES(108571,309);
INSERT INTO "SCTMATCOMPONENTS_DATA2TAG" VALUES(108571,310);
INSERT INTO "SCTMATCOMPONENTS_DATA2TAG" VALUES(108571,311);
INSERT INTO "SCTMATCOMPONENTS_DATA2TAG" VALUES(108571,312);
INSERT INTO "SCTMATCOMPONENTS_DATA2TAG" VALUES(108571,313);
INSERT INTO "SCTMATCOMPONENTS_DATA2TAG" VALUES(108571,314);
INSERT INTO "SCTMATCOMPONENTS_DATA2TAG" VALUES(108571,315);
INSERT INTO "SCTMATCOMPONENTS_DATA2TAG" VALUES(108571,316);
INSERT INTO "SCTMATCOMPONENTS_DATA2TAG" VALUES(108571,317);
INSERT INTO "SCTMATCOMPONENTS_DATA2TAG" VALUES(108571,318);
INSERT INTO "SCTMATCOMPONENTS_DATA2TAG" VALUES(108571,319);
INSERT INTO "SCTMATCOMPONENTS_DATA2TAG" VALUES(108571,320);
INSERT INTO "SCTMATCOMPONENTS_DATA2TAG" VALUES(108571,321);
INSERT INTO "SCTMATCOMPONENTS_DATA2TAG" VALUES(108571,322);
INSERT INTO "SCTMATCOMPONENTS_DATA2TAG" VALUES(108571,323);
INSERT INTO "SCTMATCOMPONENTS_DATA2TAG" VALUES(108571,324);
INSERT INTO "SCTMATCOMPONENTS_DATA2TAG" VALUES(108571,325);
INSERT INTO "SCTMATCOMPONENTS_DATA2TAG" VALUES(108571,326);
INSERT INTO "SCTMATCOMPONENTS_DATA2TAG" VALUES(108571,329);
INSERT INTO "SCTMATCOMPONENTS_DATA2TAG" VALUES(108571,330);
INSERT INTO "SCTMATCOMPONENTS_DATA2TAG" VALUES(108571,331);
INSERT INTO "SCTMATCOMPONENTS_DATA2TAG" VALUES(108571,332);
INSERT INTO "SCTMATCOMPONENTS_DATA2TAG" VALUES(108571,333);
INSERT INTO "SCTMATCOMPONENTS_DATA2TAG" VALUES(108571,334);
INSERT INTO "SCTMATCOMPONENTS_DATA2TAG" VALUES(108571,335);
INSERT INTO "SCTMATCOMPONENTS_DATA2TAG" VALUES(108571,338);
INSERT INTO "SCTMATCOMPONENTS_DATA2TAG" VALUES(108571,339);
INSERT INTO "SCTMATCOMPONENTS_DATA2TAG" VALUES(108571,340);
INSERT INTO "SCTMATCOMPONENTS_DATA2TAG" VALUES(108571,341);
INSERT INTO "SCTMATCOMPONENTS_DATA2TAG" VALUES(108571,342);
INSERT INTO "SCTMATCOMPONENTS_DATA2TAG" VALUES(108571,343);
INSERT INTO "SCTMATCOMPONENTS_DATA2TAG" VALUES(108571,344);
INSERT INTO "SCTMATCOMPONENTS_DATA2TAG" VALUES(108571,345);
INSERT INTO "SCTMATCOMPONENTS_DATA2TAG" VALUES(108571,346);
INSERT INTO "SCTMATCOMPONENTS_DATA2TAG" VALUES(108571,347);
INSERT INTO "SCTMATCOMPONENTS_DATA2TAG" VALUES(108571,348);
INSERT INTO "SCTMATCOMPONENTS_DATA2TAG" VALUES(108571,349);
INSERT INTO "SCTMATCOMPONENTS_DATA2TAG" VALUES(108571,350);
INSERT INTO "SCTMATCOMPONENTS_DATA2TAG" VALUES(108571,351);
INSERT INTO "SCTMATCOMPONENTS_DATA2TAG" VALUES(108571,352);
INSERT INTO "SCTMATCOMPONENTS_DATA2TAG" VALUES(108571,353);
INSERT INTO "SCTMATCOMPONENTS_DATA2TAG" VALUES(108571,354);
INSERT INTO "SCTMATCOMPONENTS_DATA2TAG" VALUES(108571,355);
INSERT INTO "SCTMATCOMPONENTS_DATA2TAG" VALUES(108571,356);
INSERT INTO "SCTMATCOMPONENTS_DATA2TAG" VALUES(108571,357);
INSERT INTO "SCTMATCOMPONENTS_DATA2TAG" VALUES(108571,358);
INSERT INTO "SCTMATCOMPONENTS_DATA2TAG" VALUES(108571,359);
INSERT INTO "SCTMATCOMPONENTS_DATA2TAG" VALUES(108571,360);
INSERT INTO "SCTMATCOMPONENTS_DATA2TAG" VALUES(108571,361);
INSERT INTO "SCTMATCOMPONENTS_DATA2TAG" VALUES(108571,362);
INSERT INTO "SCTMATCOMPONENTS_DATA2TAG" VALUES(108571,451);
INSERT INTO "SCTMATCOMPONENTS_DATA2TAG" VALUES(108571,452);
INSERT INTO "SCTMATCOMPONENTS_DATA2TAG" VALUES(108571,453);
INSERT INTO "SCTMATCOMPONENTS_DATA2TAG" VALUES(108571,454);
INSERT INTO "SCTMATCOMPONENTS_DATA2TAG" VALUES(108571,455);
INSERT INTO "SCTMATCOMPONENTS_DATA2TAG" VALUES(108571,490);
INSERT INTO "SCTMATCOMPONENTS_DATA2TAG" VALUES(108571,491);
INSERT INTO "SCTMATCOMPONENTS_DATA2TAG" VALUES(108571,498);
INSERT INTO "SCTMATCOMPONENTS_DATA2TAG" VALUES(108571,499);
INSERT INTO "SCTMATCOMPONENTS_DATA2TAG" VALUES(108571,500);
INSERT INTO "SCTMATCOMPONENTS_DATA2TAG" VALUES(108571,501);
INSERT INTO "SCTMATCOMPONENTS_DATA2TAG" VALUES(108571,564);
INSERT INTO "SCTMATCOMPONENTS_DATA2TAG" VALUES(108571,565);
INSERT INTO "SCTMATCOMPONENTS_DATA2TAG" VALUES(108571,566);
INSERT INTO "SCTMATCOMPONENTS_DATA2TAG" VALUES(108571,567);
INSERT INTO "SCTMATCOMPONENTS_DATA2TAG" VALUES(108571,569);
INSERT INTO "SCTMATCOMPONENTS_DATA2TAG" VALUES(108571,604);
INSERT INTO "SCTMATCOMPONENTS_DATA2TAG" VALUES(108571,676);
INSERT INTO "SCTMATCOMPONENTS_DATA2TAG" VALUES(108571,677);
INSERT INTO "SCTMATCOMPONENTS_DATA2TAG" VALUES(108571,678);
INSERT INTO "SCTMATCOMPONENTS_DATA2TAG" VALUES(108571,679);
INSERT INTO "SCTMATCOMPONENTS_DATA2TAG" VALUES(108571,680);
INSERT INTO "SCTMATCOMPONENTS_DATA2TAG" VALUES(108571,681);
INSERT INTO "SCTMATCOMPONENTS_DATA2TAG" VALUES(108571,684);
INSERT INTO "SCTMATCOMPONENTS_DATA2TAG" VALUES(108571,685);
INSERT INTO "SCTMATCOMPONENTS_DATA2TAG" VALUES(108571,768);
INSERT INTO "SCTMATCOMPONENTS_DATA2TAG" VALUES(108571,769);
INSERT INTO "SCTMATCOMPONENTS_DATA2TAG" VALUES(108571,770);
INSERT INTO "SCTMATCOMPONENTS_DATA2TAG" VALUES(108571,771);
INSERT INTO "SCTMATCOMPONENTS_DATA2TAG" VALUES(108571,833);
INSERT INTO "SCTMATCOMPONENTS_DATA2TAG" VALUES(108571,834);
INSERT INTO "SCTMATCOMPONENTS_DATA2TAG" VALUES(108571,835);
INSERT INTO "SCTMATCOMPONENTS_DATA2TAG" VALUES(108571,836);
INSERT INTO "SCTMATCOMPONENTS_DATA2TAG" VALUES(108571,837);
INSERT INTO "SCTMATCOMPONENTS_DATA2TAG" VALUES(108571,838);
INSERT INTO "SCTMATCOMPONENTS_DATA2TAG" VALUES(108571,2000);
INSERT INTO "SCTMATCOMPONENTS_DATA2TAG" VALUES(108571,2001);
INSERT INTO "SCTMATCOMPONENTS_DATA2TAG" VALUES(108571,2002);
INSERT INTO "SCTMATCOMPONENTS_DATA2TAG" VALUES(108571,2003);
INSERT INTO "SCTMATCOMPONENTS_DATA2TAG" VALUES(108571,2004);
INSERT INTO "SCTMATCOMPONENTS_DATA2TAG" VALUES(108571,2005);
INSERT INTO "SCTMATCOMPONENTS_DATA2TAG" VALUES(108571,2006);
INSERT INTO "SCTMATCOMPONENTS_DATA2TAG" VALUES(108571,2007);
INSERT INTO "SCTMATCOMPONENTS_DATA2TAG" VALUES(108571,2008);
INSERT INTO "SCTMATCOMPONENTS_DATA2TAG" VALUES(108823,9);
INSERT INTO "SCTMATCOMPONENTS_DATA2TAG" VALUES(108823,10);
INSERT INTO "SCTMATCOMPONENTS_DATA2TAG" VALUES(108823,13);
INSERT INTO "SCTMATCOMPONENTS_DATA2TAG" VALUES(108823,16);
INSERT INTO "SCTMATCOMPONENTS_DATA2TAG" VALUES(108823,39);
INSERT INTO "SCTMATCOMPONENTS_DATA2TAG" VALUES(108823,40);
INSERT INTO "SCTMATCOMPONENTS_DATA2TAG" VALUES(108823,41);
INSERT INTO "SCTMATCOMPONENTS_DATA2TAG" VALUES(108823,42);
INSERT INTO "SCTMATCOMPONENTS_DATA2TAG" VALUES(108823,43);
INSERT INTO "SCTMATCOMPONENTS_DATA2TAG" VALUES(108823,44);
INSERT INTO "SCTMATCOMPONENTS_DATA2TAG" VALUES(108823,45);
INSERT INTO "SCTMATCOMPONENTS_DATA2TAG" VALUES(108823,46);
INSERT INTO "SCTMATCOMPONENTS_DATA2TAG" VALUES(108823,47);
INSERT INTO "SCTMATCOMPONENTS_DATA2TAG" VALUES(108823,48);
INSERT INTO "SCTMATCOMPONENTS_DATA2TAG" VALUES(108823,49);
INSERT INTO "SCTMATCOMPONENTS_DATA2TAG" VALUES(108823,50);
INSERT INTO "SCTMATCOMPONENTS_DATA2TAG" VALUES(108823,51);
INSERT INTO "SCTMATCOMPONENTS_DATA2TAG" VALUES(108823,52);
INSERT INTO "SCTMATCOMPONENTS_DATA2TAG" VALUES(108823,53);
INSERT INTO "SCTMATCOMPONENTS_DATA2TAG" VALUES(108823,54);
INSERT INTO "SCTMATCOMPONENTS_DATA2TAG" VALUES(108823,55);
INSERT INTO "SCTMATCOMPONENTS_DATA2TAG" VALUES(108823,56);
INSERT INTO "SCTMATCOMPONENTS_DATA2TAG" VALUES(108823,57);
INSERT INTO "SCTMATCOMPONENTS_DATA2TAG" VALUES(108823,58);
INSERT INTO "SCTMATCOMPONENTS_DATA2TAG" VALUES(108823,59);
INSERT INTO "SCTMATCOMPONENTS_DATA2TAG" VALUES(108823,60);
INSERT INTO "SCTMATCOMPONENTS_DATA2TAG" VALUES(108823,61);
INSERT INTO "SCTMATCOMPONENTS_DATA2TAG" VALUES(108823,62);
INSERT INTO "SCTMATCOMPONENTS_DATA2TAG" VALUES(108823,63);
INSERT INTO "SCTMATCOMPONENTS_DATA2TAG" VALUES(108823,64);
INSERT INTO "SCTMATCOMPONENTS_DATA2TAG" VALUES(108823,65);
INSERT INTO "SCTMATCOMPONENTS_DATA2TAG" VALUES(108823,66);
INSERT INTO "SCTMATCOMPONENTS_DATA2TAG" VALUES(108823,67);
INSERT INTO "SCTMATCOMPONENTS_DATA2TAG" VALUES(108823,68);
INSERT INTO "SCTMATCOMPONENTS_DATA2TAG" VALUES(108823,69);
INSERT INTO "SCTMATCOMPONENTS_DATA2TAG" VALUES(108823,102);
INSERT INTO "SCTMATCOMPONENTS_DATA2TAG" VALUES(108823,103);
INSERT INTO "SCTMATCOMPONENTS_DATA2TAG" VALUES(108823,104);
INSERT INTO "SCTMATCOMPONENTS_DATA2TAG" VALUES(108823,105);
INSERT INTO "SCTMATCOMPONENTS_DATA2TAG" VALUES(108823,194);
INSERT INTO "SCTMATCOMPONENTS_DATA2TAG" VALUES(108823,195);
INSERT INTO "SCTMATCOMPONENTS_DATA2TAG" VALUES(108823,196);
INSERT INTO "SCTMATCOMPONENTS_DATA2TAG" VALUES(108823,197);
INSERT INTO "SCTMATCOMPONENTS_DATA2TAG" VALUES(108823,198);
INSERT INTO "SCTMATCOMPONENTS_DATA2TAG" VALUES(108823,199);
INSERT INTO "SCTMATCOMPONENTS_DATA2TAG" VALUES(108823,200);
INSERT INTO "SCTMATCOMPONENTS_DATA2TAG" VALUES(108823,201);
INSERT INTO "SCTMATCOMPONENTS_DATA2TAG" VALUES(108823,202);
INSERT INTO "SCTMATCOMPONENTS_DATA2TAG" VALUES(108823,203);
INSERT INTO "SCTMATCOMPONENTS_DATA2TAG" VALUES(108823,204);
INSERT INTO "SCTMATCOMPONENTS_DATA2TAG" VALUES(108823,205);
INSERT INTO "SCTMATCOMPONENTS_DATA2TAG" VALUES(108823,206);
INSERT INTO "SCTMATCOMPONENTS_DATA2TAG" VALUES(108823,207);
INSERT INTO "SCTMATCOMPONENTS_DATA2TAG" VALUES(108823,215);
INSERT INTO "SCTMATCOMPONENTS_DATA2TAG" VALUES(108823,216);
INSERT INTO "SCTMATCOMPONENTS_DATA2TAG" VALUES(108823,217);
INSERT INTO "SCTMATCOMPONENTS_DATA2TAG" VALUES(108823,218);
INSERT INTO "SCTMATCOMPONENTS_DATA2TAG" VALUES(108823,219);
INSERT INTO "SCTMATCOMPONENTS_DATA2TAG" VALUES(108823,220);
INSERT INTO "SCTMATCOMPONENTS_DATA2TAG" VALUES(108823,221);
INSERT INTO "SCTMATCOMPONENTS_DATA2TAG" VALUES(108823,222);
INSERT INTO "SCTMATCOMPONENTS_DATA2TAG" VALUES(108823,223);
INSERT INTO "SCTMATCOMPONENTS_DATA2TAG" VALUES(108823,224);
INSERT INTO "SCTMATCOMPONENTS_DATA2TAG" VALUES(108823,225);
INSERT INTO "SCTMATCOMPONENTS_DATA2TAG" VALUES(108823,231);
INSERT INTO "SCTMATCOMPONENTS_DATA2TAG" VALUES(108823,232);
INSERT INTO "SCTMATCOMPONENTS_DATA2TAG" VALUES(108823,237);
INSERT INTO "SCTMATCOMPONENTS_DATA2TAG" VALUES(108823,238);
INSERT INTO "SCTMATCOMPONENTS_DATA2TAG" VALUES(108823,244);
INSERT INTO "SCTMATCOMPONENTS_DATA2TAG" VALUES(108823,247);
INSERT INTO "SCTMATCOMPONENTS_DATA2TAG" VALUES(108823,248);
INSERT INTO "SCTMATCOMPONENTS_DATA2TAG" VALUES(108823,254);
INSERT INTO "SCTMATCOMPONENTS_DATA2TAG" VALUES(108823,255);
INSERT INTO "SCTMATCOMPONENTS_DATA2TAG" VALUES(108823,256);
INSERT INTO "SCTMATCOMPONENTS_DATA2TAG" VALUES(108823,257);
INSERT INTO "SCTMATCOMPONENTS_DATA2TAG" VALUES(108823,269);
INSERT INTO "SCTMATCOMPONENTS_DATA2TAG" VALUES(108823,270);
INSERT INTO "SCTMATCOMPONENTS_DATA2TAG" VALUES(108823,271);
INSERT INTO "SCTMATCOMPONENTS_DATA2TAG" VALUES(108823,272);
INSERT INTO "SCTMATCOMPONENTS_DATA2TAG" VALUES(108823,273);
INSERT INTO "SCTMATCOMPONENTS_DATA2TAG" VALUES(108823,274);
INSERT INTO "SCTMATCOMPONENTS_DATA2TAG" VALUES(108823,275);
INSERT INTO "SCTMATCOMPONENTS_DATA2TAG" VALUES(108823,285);
INSERT INTO "SCTMATCOMPONENTS_DATA2TAG" VALUES(108823,286);
INSERT INTO "SCTMATCOMPONENTS_DATA2TAG" VALUES(108823,287);
INSERT INTO "SCTMATCOMPONENTS_DATA2TAG" VALUES(108823,288);
INSERT INTO "SCTMATCOMPONENTS_DATA2TAG" VALUES(108823,289);
INSERT INTO "SCTMATCOMPONENTS_DATA2TAG" VALUES(108823,290);
INSERT INTO "SCTMATCOMPONENTS_DATA2TAG" VALUES(108823,291);
INSERT INTO "SCTMATCOMPONENTS_DATA2TAG" VALUES(108823,292);
INSERT INTO "SCTMATCOMPONENTS_DATA2TAG" VALUES(108823,298);
INSERT INTO "SCTMATCOMPONENTS_DATA2TAG" VALUES(108823,299);
INSERT INTO "SCTMATCOMPONENTS_DATA2TAG" VALUES(108823,300);
INSERT INTO "SCTMATCOMPONENTS_DATA2TAG" VALUES(108823,301);
INSERT INTO "SCTMATCOMPONENTS_DATA2TAG" VALUES(108823,302);
INSERT INTO "SCTMATCOMPONENTS_DATA2TAG" VALUES(108823,303);
INSERT INTO "SCTMATCOMPONENTS_DATA2TAG" VALUES(108823,304);
INSERT INTO "SCTMATCOMPONENTS_DATA2TAG" VALUES(108823,305);
INSERT INTO "SCTMATCOMPONENTS_DATA2TAG" VALUES(108823,306);
INSERT INTO "SCTMATCOMPONENTS_DATA2TAG" VALUES(108823,307);
INSERT INTO "SCTMATCOMPONENTS_DATA2TAG" VALUES(108823,308);
INSERT INTO "SCTMATCOMPONENTS_DATA2TAG" VALUES(108823,309);
INSERT INTO "SCTMATCOMPONENTS_DATA2TAG" VALUES(108823,310);
INSERT INTO "SCTMATCOMPONENTS_DATA2TAG" VALUES(108823,311);
INSERT INTO "SCTMATCOMPONENTS_DATA2TAG" VALUES(108823,312);
INSERT INTO "SCTMATCOMPONENTS_DATA2TAG" VALUES(108823,313);
INSERT INTO "SCTMATCOMPONENTS_DATA2TAG" VALUES(108823,314);
INSERT INTO "SCTMATCOMPONENTS_DATA2TAG" VALUES(108823,315);
INSERT INTO "SCTMATCOMPONENTS_DATA2TAG" VALUES(108823,316);
INSERT INTO "SCTMATCOMPONENTS_DATA2TAG" VALUES(108823,317);
INSERT INTO "SCTMATCOMPONENTS_DATA2TAG" VALUES(108823,318);
INSERT INTO "SCTMATCOMPONENTS_DATA2TAG" VALUES(108823,319);
INSERT INTO "SCTMATCOMPONENTS_DATA2TAG" VALUES(108823,320);
INSERT INTO "SCTMATCOMPONENTS_DATA2TAG" VALUES(108823,321);
INSERT INTO "SCTMATCOMPONENTS_DATA2TAG" VALUES(108823,322);
INSERT INTO "SCTMATCOMPONENTS_DATA2TAG" VALUES(108823,323);
INSERT INTO "SCTMATCOMPONENTS_DATA2TAG" VALUES(108823,324);
INSERT INTO "SCTMATCOMPONENTS_DATA2TAG" VALUES(108823,325);
INSERT INTO "SCTMATCOMPONENTS_DATA2TAG" VALUES(108823,326);
INSERT INTO "SCTMATCOMPONENTS_DATA2TAG" VALUES(108823,329);
INSERT INTO "SCTMATCOMPONENTS_DATA2TAG" VALUES(108823,330);
INSERT INTO "SCTMATCOMPONENTS_DATA2TAG" VALUES(108823,331);
INSERT INTO "SCTMATCOMPONENTS_DATA2TAG" VALUES(108823,332);
INSERT INTO "SCTMATCOMPONENTS_DATA2TAG" VALUES(108823,333);
INSERT INTO "SCTMATCOMPONENTS_DATA2TAG" VALUES(108823,334);
INSERT INTO "SCTMATCOMPONENTS_DATA2TAG" VALUES(108823,335);
INSERT INTO "SCTMATCOMPONENTS_DATA2TAG" VALUES(108823,338);
INSERT INTO "SCTMATCOMPONENTS_DATA2TAG" VALUES(108823,339);
INSERT INTO "SCTMATCOMPONENTS_DATA2TAG" VALUES(108823,340);
INSERT INTO "SCTMATCOMPONENTS_DATA2TAG" VALUES(108823,341);
INSERT INTO "SCTMATCOMPONENTS_DATA2TAG" VALUES(108823,342);
INSERT INTO "SCTMATCOMPONENTS_DATA2TAG" VALUES(108823,343);
INSERT INTO "SCTMATCOMPONENTS_DATA2TAG" VALUES(108823,344);
INSERT INTO "SCTMATCOMPONENTS_DATA2TAG" VALUES(108823,345);
INSERT INTO "SCTMATCOMPONENTS_DATA2TAG" VALUES(108823,346);
INSERT INTO "SCTMATCOMPONENTS_DATA2TAG" VALUES(108823,347);
INSERT INTO "SCTMATCOMPONENTS_DATA2TAG" VALUES(108823,348);
INSERT INTO "SCTMATCOMPONENTS_DATA2TAG" VALUES(108823,349);
INSERT INTO "SCTMATCOMPONENTS_DATA2TAG" VALUES(108823,350);
INSERT INTO "SCTMATCOMPONENTS_DATA2TAG" VALUES(108823,351);
INSERT INTO "SCTMATCOMPONENTS_DATA2TAG" VALUES(108823,352);
INSERT INTO "SCTMATCOMPONENTS_DATA2TAG" VALUES(108823,353);
INSERT INTO "SCTMATCOMPONENTS_DATA2TAG" VALUES(108823,354);
INSERT INTO "SCTMATCOMPONENTS_DATA2TAG" VALUES(108823,355);
INSERT INTO "SCTMATCOMPONENTS_DATA2TAG" VALUES(108823,356);
INSERT INTO "SCTMATCOMPONENTS_DATA2TAG" VALUES(108823,357);
INSERT INTO "SCTMATCOMPONENTS_DATA2TAG" VALUES(108823,358);
INSERT INTO "SCTMATCOMPONENTS_DATA2TAG" VALUES(108823,359);
INSERT INTO "SCTMATCOMPONENTS_DATA2TAG" VALUES(108823,360);
INSERT INTO "SCTMATCOMPONENTS_DATA2TAG" VALUES(108823,361);
INSERT INTO "SCTMATCOMPONENTS_DATA2TAG" VALUES(108823,362);
INSERT INTO "SCTMATCOMPONENTS_DATA2TAG" VALUES(108823,451);
INSERT INTO "SCTMATCOMPONENTS_DATA2TAG" VALUES(108823,452);
INSERT INTO "SCTMATCOMPONENTS_DATA2TAG" VALUES(108823,453);
INSERT INTO "SCTMATCOMPONENTS_DATA2TAG" VALUES(108823,454);
INSERT INTO "SCTMATCOMPONENTS_DATA2TAG" VALUES(108823,455);
INSERT INTO "SCTMATCOMPONENTS_DATA2TAG" VALUES(108823,490);
INSERT INTO "SCTMATCOMPONENTS_DATA2TAG" VALUES(108823,491);
INSERT INTO "SCTMATCOMPONENTS_DATA2TAG" VALUES(108823,498);
INSERT INTO "SCTMATCOMPONENTS_DATA2TAG" VALUES(108823,499);
INSERT INTO "SCTMATCOMPONENTS_DATA2TAG" VALUES(108823,500);
INSERT INTO "SCTMATCOMPONENTS_DATA2TAG" VALUES(108823,501);
INSERT INTO "SCTMATCOMPONENTS_DATA2TAG" VALUES(108823,564);
INSERT INTO "SCTMATCOMPONENTS_DATA2TAG" VALUES(108823,565);
INSERT INTO "SCTMATCOMPONENTS_DATA2TAG" VALUES(108823,566);
INSERT INTO "SCTMATCOMPONENTS_DATA2TAG" VALUES(108823,567);
INSERT INTO "SCTMATCOMPONENTS_DATA2TAG" VALUES(108823,569);
INSERT INTO "SCTMATCOMPONENTS_DATA2TAG" VALUES(108823,604);
INSERT INTO "SCTMATCOMPONENTS_DATA2TAG" VALUES(108823,676);
INSERT INTO "SCTMATCOMPONENTS_DATA2TAG" VALUES(108823,677);
INSERT INTO "SCTMATCOMPONENTS_DATA2TAG" VALUES(108823,678);
INSERT INTO "SCTMATCOMPONENTS_DATA2TAG" VALUES(108823,679);
INSERT INTO "SCTMATCOMPONENTS_DATA2TAG" VALUES(108823,680);
INSERT INTO "SCTMATCOMPONENTS_DATA2TAG" VALUES(108823,681);
INSERT INTO "SCTMATCOMPONENTS_DATA2TAG" VALUES(108823,684);
INSERT INTO "SCTMATCOMPONENTS_DATA2TAG" VALUES(108823,685);
INSERT INTO "SCTMATCOMPONENTS_DATA2TAG" VALUES(108823,768);
INSERT INTO "SCTMATCOMPONENTS_DATA2TAG" VALUES(108823,769);
INSERT INTO "SCTMATCOMPONENTS_DATA2TAG" VALUES(108823,770);
INSERT INTO "SCTMATCOMPONENTS_DATA2TAG" VALUES(108823,771);
INSERT INTO "SCTMATCOMPONENTS_DATA2TAG" VALUES(108823,833);
INSERT INTO "SCTMATCOMPONENTS_DATA2TAG" VALUES(108823,834);
INSERT INTO "SCTMATCOMPONENTS_DATA2TAG" VALUES(108823,835);
INSERT INTO "SCTMATCOMPONENTS_DATA2TAG" VALUES(108823,836);
INSERT INTO "SCTMATCOMPONENTS_DATA2TAG" VALUES(108823,837);
INSERT INTO "SCTMATCOMPONENTS_DATA2TAG" VALUES(108823,838);
INSERT INTO "SCTMATCOMPONENTS_DATA2TAG" VALUES(108823,2005);
INSERT INTO "SCTMATCOMPONENTS_DATA2TAG" VALUES(108823,2006);
INSERT INTO "SCTMATCOMPONENTS_DATA2TAG" VALUES(108823,2007);
INSERT INTO "SCTMATCOMPONENTS_DATA2TAG" VALUES(108823,2008);
INSERT INTO "SCTMATCOMPONENTS_DATA2TAG" VALUES(108823,2009);
INSERT INTO "SCTMATCOMPONENTS_DATA2TAG" VALUES(108823,2010);
INSERT INTO "SCTMATCOMPONENTS_DATA2TAG" VALUES(108823,2011);
INSERT INTO "SCTMATCOMPONENTS_DATA2TAG" VALUES(108823,2012);
INSERT INTO "SCTMATCOMPONENTS_DATA2TAG" VALUES(108823,2013);
INSERT INTO "SCTMATCOMPONENTS_DATA2TAG" VALUES(108841,9);
INSERT INTO "SCTMATCOMPONENTS_DATA2TAG" VALUES(108841,10);
INSERT INTO "SCTMATCOMPONENTS_DATA2TAG" VALUES(108841,13);
INSERT INTO "SCTMATCOMPONENTS_DATA2TAG" VALUES(108841,14);
INSERT INTO "SCTMATCOMPONENTS_DATA2TAG" VALUES(108841,15);
INSERT INTO "SCTMATCOMPONENTS_DATA2TAG" VALUES(108841,16);
INSERT INTO "SCTMATCOMPONENTS_DATA2TAG" VALUES(108841,17);
INSERT INTO "SCTMATCOMPONENTS_DATA2TAG" VALUES(108841,18);
INSERT INTO "SCTMATCOMPONENTS_DATA2TAG" VALUES(108841,19);
INSERT INTO "SCTMATCOMPONENTS_DATA2TAG" VALUES(108841,20);
INSERT INTO "SCTMATCOMPONENTS_DATA2TAG" VALUES(108841,21);
INSERT INTO "SCTMATCOMPONENTS_DATA2TAG" VALUES(108841,22);
INSERT INTO "SCTMATCOMPONENTS_DATA2TAG" VALUES(108841,23);
INSERT INTO "SCTMATCOMPONENTS_DATA2TAG" VALUES(108841,24);
INSERT INTO "SCTMATCOMPONENTS_DATA2TAG" VALUES(108841,25);
INSERT INTO "SCTMATCOMPONENTS_DATA2TAG" VALUES(108841,26);
INSERT INTO "SCTMATCOMPONENTS_DATA2TAG" VALUES(108841,27);
INSERT INTO "SCTMATCOMPONENTS_DATA2TAG" VALUES(108841,32);
INSERT INTO "SCTMATCOMPONENTS_DATA2TAG" VALUES(108841,33);
INSERT INTO "SCTMATCOMPONENTS_DATA2TAG" VALUES(108841,34);
INSERT INTO "SCTMATCOMPONENTS_DATA2TAG" VALUES(108841,35);
INSERT INTO "SCTMATCOMPONENTS_DATA2TAG" VALUES(108841,37);
INSERT INTO "SCTMATCOMPONENTS_DATA2TAG" VALUES(108841,39);
INSERT INTO "SCTMATCOMPONENTS_DATA2TAG" VALUES(108841,40);
INSERT INTO "SCTMATCOMPONENTS_DATA2TAG" VALUES(108841,41);
INSERT INTO "SCTMATCOMPONENTS_DATA2TAG" VALUES(108841,42);
INSERT INTO "SCTMATCOMPONENTS_DATA2TAG" VALUES(108841,43);
INSERT INTO "SCTMATCOMPONENTS_DATA2TAG" VALUES(108841,44);
INSERT INTO "SCTMATCOMPONENTS_DATA2TAG" VALUES(108841,45);
INSERT INTO "SCTMATCOMPONENTS_DATA2TAG" VALUES(108841,46);
INSERT INTO "SCTMATCOMPONENTS_DATA2TAG" VALUES(108841,47);
INSERT INTO "SCTMATCOMPONENTS_DATA2TAG" VALUES(108841,48);
INSERT INTO "SCTMATCOMPONENTS_DATA2TAG" VALUES(108841,49);
INSERT INTO "SCTMATCOMPONENTS_DATA2TAG" VALUES(108841,50);
INSERT INTO "SCTMATCOMPONENTS_DATA2TAG" VALUES(108841,51);
INSERT INTO "SCTMATCOMPONENTS_DATA2TAG" VALUES(108841,52);
INSERT INTO "SCTMATCOMPONENTS_DATA2TAG" VALUES(108841,53);
INSERT INTO "SCTMATCOMPONENTS_DATA2TAG" VALUES(108841,54);
INSERT INTO "SCTMATCOMPONENTS_DATA2TAG" VALUES(108841,55);
INSERT INTO "SCTMATCOMPONENTS_DATA2TAG" VALUES(108841,56);
INSERT INTO "SCTMATCOMPONENTS_DATA2TAG" VALUES(108841,57);
INSERT INTO "SCTMATCOMPONENTS_DATA2TAG" VALUES(108841,58);
INSERT INTO "SCTMATCOMPONENTS_DATA2TAG" VALUES(108841,59);
INSERT INTO "SCTMATCOMPONENTS_DATA2TAG" VALUES(108841,60);
INSERT INTO "SCTMATCOMPONENTS_DATA2TAG" VALUES(108841,61);
INSERT INTO "SCTMATCOMPONENTS_DATA2TAG" VALUES(108841,62);
INSERT INTO "SCTMATCOMPONENTS_DATA2TAG" VALUES(108841,63);
INSERT INTO "SCTMATCOMPONENTS_DATA2TAG" VALUES(108841,64);
INSERT INTO "SCTMATCOMPONENTS_DATA2TAG" VALUES(108841,65);
INSERT INTO "SCTMATCOMPONENTS_DATA2TAG" VALUES(108841,66);
INSERT INTO "SCTMATCOMPONENTS_DATA2TAG" VALUES(108841,67);
INSERT INTO "SCTMATCOMPONENTS_DATA2TAG" VALUES(108841,68);
INSERT INTO "SCTMATCOMPONENTS_DATA2TAG" VALUES(108841,69);
INSERT INTO "SCTMATCOMPONENTS_DATA2TAG" VALUES(108841,102);
INSERT INTO "SCTMATCOMPONENTS_DATA2TAG" VALUES(108841,103);
INSERT INTO "SCTMATCOMPONENTS_DATA2TAG" VALUES(108841,104);
INSERT INTO "SCTMATCOMPONENTS_DATA2TAG" VALUES(108841,105);
INSERT INTO "SCTMATCOMPONENTS_DATA2TAG" VALUES(108841,106);
INSERT INTO "SCTMATCOMPONENTS_DATA2TAG" VALUES(108841,107);
INSERT INTO "SCTMATCOMPONENTS_DATA2TAG" VALUES(108841,108);
INSERT INTO "SCTMATCOMPONENTS_DATA2TAG" VALUES(108841,123);
INSERT INTO "SCTMATCOMPONENTS_DATA2TAG" VALUES(108841,124);
INSERT INTO "SCTMATCOMPONENTS_DATA2TAG" VALUES(108841,125);
INSERT INTO "SCTMATCOMPONENTS_DATA2TAG" VALUES(108841,126);
INSERT INTO "SCTMATCOMPONENTS_DATA2TAG" VALUES(108841,127);
INSERT INTO "SCTMATCOMPONENTS_DATA2TAG" VALUES(108841,128);
INSERT INTO "SCTMATCOMPONENTS_DATA2TAG" VALUES(108841,129);
INSERT INTO "SCTMATCOMPONENTS_DATA2TAG" VALUES(108841,130);
INSERT INTO "SCTMATCOMPONENTS_DATA2TAG" VALUES(108841,131);
INSERT INTO "SCTMATCOMPONENTS_DATA2TAG" VALUES(108841,132);
INSERT INTO "SCTMATCOMPONENTS_DATA2TAG" VALUES(108841,133);
INSERT INTO "SCTMATCOMPONENTS_DATA2TAG" VALUES(108841,134);
INSERT INTO "SCTMATCOMPONENTS_DATA2TAG" VALUES(108841,135);
INSERT INTO "SCTMATCOMPONENTS_DATA2TAG" VALUES(108841,136);
INSERT INTO "SCTMATCOMPONENTS_DATA2TAG" VALUES(108841,137);
INSERT INTO "SCTMATCOMPONENTS_DATA2TAG" VALUES(108841,138);
INSERT INTO "SCTMATCOMPONENTS_DATA2TAG" VALUES(108841,139);
INSERT INTO "SCTMATCOMPONENTS_DATA2TAG" VALUES(108841,140);
INSERT INTO "SCTMATCOMPONENTS_DATA2TAG" VALUES(108841,141);
INSERT INTO "SCTMATCOMPONENTS_DATA2TAG" VALUES(108841,142);
INSERT INTO "SCTMATCOMPONENTS_DATA2TAG" VALUES(108841,143);
INSERT INTO "SCTMATCOMPONENTS_DATA2TAG" VALUES(108841,144);
INSERT INTO "SCTMATCOMPONENTS_DATA2TAG" VALUES(108841,145);
INSERT INTO "SCTMATCOMPONENTS_DATA2TAG" VALUES(108841,146);
INSERT INTO "SCTMATCOMPONENTS_DATA2TAG" VALUES(108841,147);
INSERT INTO "SCTMATCOMPONENTS_DATA2TAG" VALUES(108841,148);
INSERT INTO "SCTMATCOMPONENTS_DATA2TAG" VALUES(108841,149);
INSERT INTO "SCTMATCOMPONENTS_DATA2TAG" VALUES(108841,150);
INSERT INTO "SCTMATCOMPONENTS_DATA2TAG" VALUES(108841,151);
INSERT INTO "SCTMATCOMPONENTS_DATA2TAG" VALUES(108841,152);
INSERT INTO "SCTMATCOMPONENTS_DATA2TAG" VALUES(108841,153);
INSERT INTO "SCTMATCOMPONENTS_DATA2TAG" VALUES(108841,154);
INSERT INTO "SCTMATCOMPONENTS_DATA2TAG" VALUES(108841,155);
INSERT INTO "SCTMATCOMPONENTS_DATA2TAG" VALUES(108841,156);
INSERT INTO "SCTMATCOMPONENTS_DATA2TAG" VALUES(108841,157);
INSERT INTO "SCTMATCOMPONENTS_DATA2TAG" VALUES(108841,158);
INSERT INTO "SCTMATCOMPONENTS_DATA2TAG" VALUES(108841,159);
INSERT INTO "SCTMATCOMPONENTS_DATA2TAG" VALUES(108841,160);
INSERT INTO "SCTMATCOMPONENTS_DATA2TAG" VALUES(108841,161);
INSERT INTO "SCTMATCOMPONENTS_DATA2TAG" VALUES(108841,162);
INSERT INTO "SCTMATCOMPONENTS_DATA2TAG" VALUES(108841,163);
INSERT INTO "SCTMATCOMPONENTS_DATA2TAG" VALUES(108841,164);
INSERT INTO "SCTMATCOMPONENTS_DATA2TAG" VALUES(108841,165);
INSERT INTO "SCTMATCOMPONENTS_DATA2TAG" VALUES(108841,166);
INSERT INTO "SCTMATCOMPONENTS_DATA2TAG" VALUES(108841,167);
INSERT INTO "SCTMATCOMPONENTS_DATA2TAG" VALUES(108841,168);
INSERT INTO "SCTMATCOMPONENTS_DATA2TAG" VALUES(108841,169);
INSERT INTO "SCTMATCOMPONENTS_DATA2TAG" VALUES(108841,170);
INSERT INTO "SCTMATCOMPONENTS_DATA2TAG" VALUES(108841,171);
INSERT INTO "SCTMATCOMPONENTS_DATA2TAG" VALUES(108841,172);
INSERT INTO "SCTMATCOMPONENTS_DATA2TAG" VALUES(108841,173);
INSERT INTO "SCTMATCOMPONENTS_DATA2TAG" VALUES(108841,174);
INSERT INTO "SCTMATCOMPONENTS_DATA2TAG" VALUES(108841,175);
INSERT INTO "SCTMATCOMPONENTS_DATA2TAG" VALUES(108841,176);
INSERT INTO "SCTMATCOMPONENTS_DATA2TAG" VALUES(108841,177);
INSERT INTO "SCTMATCOMPONENTS_DATA2TAG" VALUES(108841,178);
INSERT INTO "SCTMATCOMPONENTS_DATA2TAG" VALUES(108841,179);
INSERT INTO "SCTMATCOMPONENTS_DATA2TAG" VALUES(108841,180);
INSERT INTO "SCTMATCOMPONENTS_DATA2TAG" VALUES(108841,181);
INSERT INTO "SCTMATCOMPONENTS_DATA2TAG" VALUES(108841,182);
INSERT INTO "SCTMATCOMPONENTS_DATA2TAG" VALUES(108841,183);
INSERT INTO "SCTMATCOMPONENTS_DATA2TAG" VALUES(108841,184);
INSERT INTO "SCTMATCOMPONENTS_DATA2TAG" VALUES(108841,185);
INSERT INTO "SCTMATCOMPONENTS_DATA2TAG" VALUES(108841,186);
INSERT INTO "SCTMATCOMPONENTS_DATA2TAG" VALUES(108841,187);
INSERT INTO "SCTMATCOMPONENTS_DATA2TAG" VALUES(108841,188);
INSERT INTO "SCTMATCOMPONENTS_DATA2TAG" VALUES(108841,189);
INSERT INTO "SCTMATCOMPONENTS_DATA2TAG" VALUES(108841,190);
INSERT INTO "SCTMATCOMPONENTS_DATA2TAG" VALUES(108841,191);
INSERT INTO "SCTMATCOMPONENTS_DATA2TAG" VALUES(108841,192);
INSERT INTO "SCTMATCOMPONENTS_DATA2TAG" VALUES(108841,193);
INSERT INTO "SCTMATCOMPONENTS_DATA2TAG" VALUES(108841,194);
INSERT INTO "SCTMATCOMPONENTS_DATA2TAG" VALUES(108841,195);
INSERT INTO "SCTMATCOMPONENTS_DATA2TAG" VALUES(108841,196);
INSERT INTO "SCTMATCOMPONENTS_DATA2TAG" VALUES(108841,197);
INSERT INTO "SCTMATCOMPONENTS_DATA2TAG" VALUES(108841,198);
INSERT INTO "SCTMATCOMPONENTS_DATA2TAG" VALUES(108841,199);
INSERT INTO "SCTMATCOMPONENTS_DATA2TAG" VALUES(108841,200);
INSERT INTO "SCTMATCOMPONENTS_DATA2TAG" VALUES(108841,201);
INSERT INTO "SCTMATCOMPONENTS_DATA2TAG" VALUES(108841,202);
INSERT INTO "SCTMATCOMPONENTS_DATA2TAG" VALUES(108841,203);
INSERT INTO "SCTMATCOMPONENTS_DATA2TAG" VALUES(108841,204);
INSERT INTO "SCTMATCOMPONENTS_DATA2TAG" VALUES(108841,205);
INSERT INTO "SCTMATCOMPONENTS_DATA2TAG" VALUES(108841,206);
INSERT INTO "SCTMATCOMPONENTS_DATA2TAG" VALUES(108841,207);
INSERT INTO "SCTMATCOMPONENTS_DATA2TAG" VALUES(108841,215);
INSERT INTO "SCTMATCOMPONENTS_DATA2TAG" VALUES(108841,216);
INSERT INTO "SCTMATCOMPONENTS_DATA2TAG" VALUES(108841,217);
INSERT INTO "SCTMATCOMPONENTS_DATA2TAG" VALUES(108841,218);
INSERT INTO "SCTMATCOMPONENTS_DATA2TAG" VALUES(108841,219);
INSERT INTO "SCTMATCOMPONENTS_DATA2TAG" VALUES(108841,220);
INSERT INTO "SCTMATCOMPONENTS_DATA2TAG" VALUES(108841,221);
INSERT INTO "SCTMATCOMPONENTS_DATA2TAG" VALUES(108841,222);
INSERT INTO "SCTMATCOMPONENTS_DATA2TAG" VALUES(108841,223);
INSERT INTO "SCTMATCOMPONENTS_DATA2TAG" VALUES(108841,224);
INSERT INTO "SCTMATCOMPONENTS_DATA2TAG" VALUES(108841,225);
INSERT INTO "SCTMATCOMPONENTS_DATA2TAG" VALUES(108841,231);
INSERT INTO "SCTMATCOMPONENTS_DATA2TAG" VALUES(108841,232);
INSERT INTO "SCTMATCOMPONENTS_DATA2TAG" VALUES(108841,237);
INSERT INTO "SCTMATCOMPONENTS_DATA2TAG" VALUES(108841,238);
INSERT INTO "SCTMATCOMPONENTS_DATA2TAG" VALUES(108841,244);
INSERT INTO "SCTMATCOMPONENTS_DATA2TAG" VALUES(108841,247);
INSERT INTO "SCTMATCOMPONENTS_DATA2TAG" VALUES(108841,248);
INSERT INTO "SCTMATCOMPONENTS_DATA2TAG" VALUES(108841,254);
INSERT INTO "SCTMATCOMPONENTS_DATA2TAG" VALUES(108841,255);
INSERT INTO "SCTMATCOMPONENTS_DATA2TAG" VALUES(108841,256);
INSERT INTO "SCTMATCOMPONENTS_DATA2TAG" VALUES(108841,257);
INSERT INTO "SCTMATCOMPONENTS_DATA2TAG" VALUES(108841,259);
INSERT INTO "SCTMATCOMPONENTS_DATA2TAG" VALUES(108841,260);
INSERT INTO "SCTMATCOMPONENTS_DATA2TAG" VALUES(108841,261);
INSERT INTO "SCTMATCOMPONENTS_DATA2TAG" VALUES(108841,262);
INSERT INTO "SCTMATCOMPONENTS_DATA2TAG" VALUES(108841,263);
INSERT INTO "SCTMATCOMPONENTS_DATA2TAG" VALUES(108841,269);
INSERT INTO "SCTMATCOMPONENTS_DATA2TAG" VALUES(108841,270);
INSERT INTO "SCTMATCOMPONENTS_DATA2TAG" VALUES(108841,271);
INSERT INTO "SCTMATCOMPONENTS_DATA2TAG" VALUES(108841,272);
INSERT INTO "SCTMATCOMPONENTS_DATA2TAG" VALUES(108841,273);
INSERT INTO "SCTMATCOMPONENTS_DATA2TAG" VALUES(108841,274);
INSERT INTO "SCTMATCOMPONENTS_DATA2TAG" VALUES(108841,275);
INSERT INTO "SCTMATCOMPONENTS_DATA2TAG" VALUES(108841,276);
INSERT INTO "SCTMATCOMPONENTS_DATA2TAG" VALUES(108841,277);
INSERT INTO "SCTMATCOMPONENTS_DATA2TAG" VALUES(108841,278);
INSERT INTO "SCTMATCOMPONENTS_DATA2TAG" VALUES(108841,279);
INSERT INTO "SCTMATCOMPONENTS_DATA2TAG" VALUES(108841,280);
INSERT INTO "SCTMATCOMPONENTS_DATA2TAG" VALUES(108841,281);
INSERT INTO "SCTMATCOMPONENTS_DATA2TAG" VALUES(108841,282);
INSERT INTO "SCTMATCOMPONENTS_DATA2TAG" VALUES(108841,283);
INSERT INTO "SCTMATCOMPONENTS_DATA2TAG" VALUES(108841,284);
INSERT INTO "SCTMATCOMPONENTS_DATA2TAG" VALUES(108841,285);
INSERT INTO "SCTMATCOMPONENTS_DATA2TAG" VALUES(108841,286);
INSERT INTO "SCTMATCOMPONENTS_DATA2TAG" VALUES(108841,287);
INSERT INTO "SCTMATCOMPONENTS_DATA2TAG" VALUES(108841,288);
INSERT INTO "SCTMATCOMPONENTS_DATA2TAG" VALUES(108841,289);
INSERT INTO "SCTMATCOMPONENTS_DATA2TAG" VALUES(108841,290);
INSERT INTO "SCTMATCOMPONENTS_DATA2TAG" VALUES(108841,291);
INSERT INTO "SCTMATCOMPONENTS_DATA2TAG" VALUES(108841,292);
INSERT INTO "SCTMATCOMPONENTS_DATA2TAG" VALUES(108841,293);
INSERT INTO "SCTMATCOMPONENTS_DATA2TAG" VALUES(108841,294);
INSERT INTO "SCTMATCOMPONENTS_DATA2TAG" VALUES(108841,295);
INSERT INTO "SCTMATCOMPONENTS_DATA2TAG" VALUES(108841,296);
INSERT INTO "SCTMATCOMPONENTS_DATA2TAG" VALUES(108841,297);
INSERT INTO "SCTMATCOMPONENTS_DATA2TAG" VALUES(108841,298);
INSERT INTO "SCTMATCOMPONENTS_DATA2TAG" VALUES(108841,299);
INSERT INTO "SCTMATCOMPONENTS_DATA2TAG" VALUES(108841,300);
INSERT INTO "SCTMATCOMPONENTS_DATA2TAG" VALUES(108841,301);
INSERT INTO "SCTMATCOMPONENTS_DATA2TAG" VALUES(108841,302);
INSERT INTO "SCTMATCOMPONENTS_DATA2TAG" VALUES(108841,303);
INSERT INTO "SCTMATCOMPONENTS_DATA2TAG" VALUES(108841,304);
INSERT INTO "SCTMATCOMPONENTS_DATA2TAG" VALUES(108841,305);
INSERT INTO "SCTMATCOMPONENTS_DATA2TAG" VALUES(108841,306);
INSERT INTO "SCTMATCOMPONENTS_DATA2TAG" VALUES(108841,307);
INSERT INTO "SCTMATCOMPONENTS_DATA2TAG" VALUES(108841,308);
INSERT INTO "SCTMATCOMPONENTS_DATA2TAG" VALUES(108841,309);
INSERT INTO "SCTMATCOMPONENTS_DATA2TAG" VALUES(108841,310);
INSERT INTO "SCTMATCOMPONENTS_DATA2TAG" VALUES(108841,311);
INSERT INTO "SCTMATCOMPONENTS_DATA2TAG" VALUES(108841,312);
INSERT INTO "SCTMATCOMPONENTS_DATA2TAG" VALUES(108841,313);
INSERT INTO "SCTMATCOMPONENTS_DATA2TAG" VALUES(108841,314);
INSERT INTO "SCTMATCOMPONENTS_DATA2TAG" VALUES(108841,315);
INSERT INTO "SCTMATCOMPONENTS_DATA2TAG" VALUES(108841,316);
INSERT INTO "SCTMATCOMPONENTS_DATA2TAG" VALUES(108841,317);
INSERT INTO "SCTMATCOMPONENTS_DATA2TAG" VALUES(108841,318);
INSERT INTO "SCTMATCOMPONENTS_DATA2TAG" VALUES(108841,319);
INSERT INTO "SCTMATCOMPONENTS_DATA2TAG" VALUES(108841,320);
INSERT INTO "SCTMATCOMPONENTS_DATA2TAG" VALUES(108841,321);
INSERT INTO "SCTMATCOMPONENTS_DATA2TAG" VALUES(108841,322);
INSERT INTO "SCTMATCOMPONENTS_DATA2TAG" VALUES(108841,323);
INSERT INTO "SCTMATCOMPONENTS_DATA2TAG" VALUES(108841,324);
INSERT INTO "SCTMATCOMPONENTS_DATA2TAG" VALUES(108841,325);
INSERT INTO "SCTMATCOMPONENTS_DATA2TAG" VALUES(108841,326);
INSERT INTO "SCTMATCOMPONENTS_DATA2TAG" VALUES(108841,329);
INSERT INTO "SCTMATCOMPONENTS_DATA2TAG" VALUES(108841,330);
INSERT INTO "SCTMATCOMPONENTS_DATA2TAG" VALUES(108841,331);
INSERT INTO "SCTMATCOMPONENTS_DATA2TAG" VALUES(108841,332);
INSERT INTO "SCTMATCOMPONENTS_DATA2TAG" VALUES(108841,333);
INSERT INTO "SCTMATCOMPONENTS_DATA2TAG" VALUES(108841,334);
INSERT INTO "SCTMATCOMPONENTS_DATA2TAG" VALUES(108841,335);
INSERT INTO "SCTMATCOMPONENTS_DATA2TAG" VALUES(108841,336);
INSERT INTO "SCTMATCOMPONENTS_DATA2TAG" VALUES(108841,337);
INSERT INTO "SCTMATCOMPONENTS_DATA2TAG" VALUES(108841,338);
INSERT INTO "SCTMATCOMPONENTS_DATA2TAG" VALUES(108841,339);
INSERT INTO "SCTMATCOMPONENTS_DATA2TAG" VALUES(108841,340);
INSERT INTO "SCTMATCOMPONENTS_DATA2TAG" VALUES(108841,341);
INSERT INTO "SCTMATCOMPONENTS_DATA2TAG" VALUES(108841,342);
INSERT INTO "SCTMATCOMPONENTS_DATA2TAG" VALUES(108841,343);
INSERT INTO "SCTMATCOMPONENTS_DATA2TAG" VALUES(108841,344);
INSERT INTO "SCTMATCOMPONENTS_DATA2TAG" VALUES(108841,345);
INSERT INTO "SCTMATCOMPONENTS_DATA2TAG" VALUES(108841,346);
INSERT INTO "SCTMATCOMPONENTS_DATA2TAG" VALUES(108841,347);
INSERT INTO "SCTMATCOMPONENTS_DATA2TAG" VALUES(108841,348);
INSERT INTO "SCTMATCOMPONENTS_DATA2TAG" VALUES(108841,349);
INSERT INTO "SCTMATCOMPONENTS_DATA2TAG" VALUES(108841,350);
INSERT INTO "SCTMATCOMPONENTS_DATA2TAG" VALUES(108841,351);
INSERT INTO "SCTMATCOMPONENTS_DATA2TAG" VALUES(108841,352);
INSERT INTO "SCTMATCOMPONENTS_DATA2TAG" VALUES(108841,353);
INSERT INTO "SCTMATCOMPONENTS_DATA2TAG" VALUES(108841,354);
INSERT INTO "SCTMATCOMPONENTS_DATA2TAG" VALUES(108841,355);
INSERT INTO "SCTMATCOMPONENTS_DATA2TAG" VALUES(108841,356);
INSERT INTO "SCTMATCOMPONENTS_DATA2TAG" VALUES(108841,357);
INSERT INTO "SCTMATCOMPONENTS_DATA2TAG" VALUES(108841,358);
INSERT INTO "SCTMATCOMPONENTS_DATA2TAG" VALUES(108841,359);
INSERT INTO "SCTMATCOMPONENTS_DATA2TAG" VALUES(108841,360);
INSERT INTO "SCTMATCOMPONENTS_DATA2TAG" VALUES(108841,361);
INSERT INTO "SCTMATCOMPONENTS_DATA2TAG" VALUES(108841,362);
INSERT INTO "SCTMATCOMPONENTS_DATA2TAG" VALUES(108841,407);
INSERT INTO "SCTMATCOMPONENTS_DATA2TAG" VALUES(108841,408);
INSERT INTO "SCTMATCOMPONENTS_DATA2TAG" VALUES(108841,409);
INSERT INTO "SCTMATCOMPONENTS_DATA2TAG" VALUES(108841,410);
INSERT INTO "SCTMATCOMPONENTS_DATA2TAG" VALUES(108841,411);
INSERT INTO "SCTMATCOMPONENTS_DATA2TAG" VALUES(108841,412);
INSERT INTO "SCTMATCOMPONENTS_DATA2TAG" VALUES(108841,413);
INSERT INTO "SCTMATCOMPONENTS_DATA2TAG" VALUES(108841,414);
INSERT INTO "SCTMATCOMPONENTS_DATA2TAG" VALUES(108841,415);
INSERT INTO "SCTMATCOMPONENTS_DATA2TAG" VALUES(108841,416);
INSERT INTO "SCTMATCOMPONENTS_DATA2TAG" VALUES(108841,417);
INSERT INTO "SCTMATCOMPONENTS_DATA2TAG" VALUES(108841,418);
INSERT INTO "SCTMATCOMPONENTS_DATA2TAG" VALUES(108841,419);
INSERT INTO "SCTMATCOMPONENTS_DATA2TAG" VALUES(108841,420);
INSERT INTO "SCTMATCOMPONENTS_DATA2TAG" VALUES(108841,421);
INSERT INTO "SCTMATCOMPONENTS_DATA2TAG" VALUES(108841,422);
INSERT INTO "SCTMATCOMPONENTS_DATA2TAG" VALUES(108841,423);
INSERT INTO "SCTMATCOMPONENTS_DATA2TAG" VALUES(108841,424);
INSERT INTO "SCTMATCOMPONENTS_DATA2TAG" VALUES(108841,425);
INSERT INTO "SCTMATCOMPONENTS_DATA2TAG" VALUES(108841,426);
INSERT INTO "SCTMATCOMPONENTS_DATA2TAG" VALUES(108841,427);
INSERT INTO "SCTMATCOMPONENTS_DATA2TAG" VALUES(108841,428);
INSERT INTO "SCTMATCOMPONENTS_DATA2TAG" VALUES(108841,429);
INSERT INTO "SCTMATCOMPONENTS_DATA2TAG" VALUES(108841,430);
INSERT INTO "SCTMATCOMPONENTS_DATA2TAG" VALUES(108841,431);
INSERT INTO "SCTMATCOMPONENTS_DATA2TAG" VALUES(108841,432);
INSERT INTO "SCTMATCOMPONENTS_DATA2TAG" VALUES(108841,433);
INSERT INTO "SCTMATCOMPONENTS_DATA2TAG" VALUES(108841,434);
INSERT INTO "SCTMATCOMPONENTS_DATA2TAG" VALUES(108841,435);
INSERT INTO "SCTMATCOMPONENTS_DATA2TAG" VALUES(108841,436);
INSERT INTO "SCTMATCOMPONENTS_DATA2TAG" VALUES(108841,437);
INSERT INTO "SCTMATCOMPONENTS_DATA2TAG" VALUES(108841,438);
INSERT INTO "SCTMATCOMPONENTS_DATA2TAG" VALUES(108841,439);
INSERT INTO "SCTMATCOMPONENTS_DATA2TAG" VALUES(108841,440);
INSERT INTO "SCTMATCOMPONENTS_DATA2TAG" VALUES(108841,441);
INSERT INTO "SCTMATCOMPONENTS_DATA2TAG" VALUES(108841,442);
INSERT INTO "SCTMATCOMPONENTS_DATA2TAG" VALUES(108841,443);
INSERT INTO "SCTMATCOMPONENTS_DATA2TAG" VALUES(108841,444);
INSERT INTO "SCTMATCOMPONENTS_DATA2TAG" VALUES(108841,445);
INSERT INTO "SCTMATCOMPONENTS_DATA2TAG" VALUES(108841,446);
INSERT INTO "SCTMATCOMPONENTS_DATA2TAG" VALUES(108841,447);
INSERT INTO "SCTMATCOMPONENTS_DATA2TAG" VALUES(108841,448);
INSERT INTO "SCTMATCOMPONENTS_DATA2TAG" VALUES(108841,449);
INSERT INTO "SCTMATCOMPONENTS_DATA2TAG" VALUES(108841,450);
INSERT INTO "SCTMATCOMPONENTS_DATA2TAG" VALUES(108841,451);
INSERT INTO "SCTMATCOMPONENTS_DATA2TAG" VALUES(108841,452);
INSERT INTO "SCTMATCOMPONENTS_DATA2TAG" VALUES(108841,453);
INSERT INTO "SCTMATCOMPONENTS_DATA2TAG" VALUES(108841,454);
INSERT INTO "SCTMATCOMPONENTS_DATA2TAG" VALUES(108841,455);
INSERT INTO "SCTMATCOMPONENTS_DATA2TAG" VALUES(108841,458);
INSERT INTO "SCTMATCOMPONENTS_DATA2TAG" VALUES(108841,459);
INSERT INTO "SCTMATCOMPONENTS_DATA2TAG" VALUES(108841,460);
INSERT INTO "SCTMATCOMPONENTS_DATA2TAG" VALUES(108841,461);
INSERT INTO "SCTMATCOMPONENTS_DATA2TAG" VALUES(108841,462);
INSERT INTO "SCTMATCOMPONENTS_DATA2TAG" VALUES(108841,463);
INSERT INTO "SCTMATCOMPONENTS_DATA2TAG" VALUES(108841,464);
INSERT INTO "SCTMATCOMPONENTS_DATA2TAG" VALUES(108841,465);
INSERT INTO "SCTMATCOMPONENTS_DATA2TAG" VALUES(108841,466);
INSERT INTO "SCTMATCOMPONENTS_DATA2TAG" VALUES(108841,467);
INSERT INTO "SCTMATCOMPONENTS_DATA2TAG" VALUES(108841,468);
INSERT INTO "SCTMATCOMPONENTS_DATA2TAG" VALUES(108841,469);
INSERT INTO "SCTMATCOMPONENTS_DATA2TAG" VALUES(108841,470);
INSERT INTO "SCTMATCOMPONENTS_DATA2TAG" VALUES(108841,471);
INSERT INTO "SCTMATCOMPONENTS_DATA2TAG" VALUES(108841,472);
INSERT INTO "SCTMATCOMPONENTS_DATA2TAG" VALUES(108841,473);
INSERT INTO "SCTMATCOMPONENTS_DATA2TAG" VALUES(108841,474);
INSERT INTO "SCTMATCOMPONENTS_DATA2TAG" VALUES(108841,475);
INSERT INTO "SCTMATCOMPONENTS_DATA2TAG" VALUES(108841,476);
INSERT INTO "SCTMATCOMPONENTS_DATA2TAG" VALUES(108841,477);
INSERT INTO "SCTMATCOMPONENTS_DATA2TAG" VALUES(108841,478);
INSERT INTO "SCTMATCOMPONENTS_DATA2TAG" VALUES(108841,479);
INSERT INTO "SCTMATCOMPONENTS_DATA2TAG" VALUES(108841,480);
INSERT INTO "SCTMATCOMPONENTS_DATA2TAG" VALUES(108841,481);
INSERT INTO "SCTMATCOMPONENTS_DATA2TAG" VALUES(108841,482);
INSERT INTO "SCTMATCOMPONENTS_DATA2TAG" VALUES(108841,483);
INSERT INTO "SCTMATCOMPONENTS_DATA2TAG" VALUES(108841,484);
INSERT INTO "SCTMATCOMPONENTS_DATA2TAG" VALUES(108841,485);
INSERT INTO "SCTMATCOMPONENTS_DATA2TAG" VALUES(108841,486);
INSERT INTO "SCTMATCOMPONENTS_DATA2TAG" VALUES(108841,487);
INSERT INTO "SCTMATCOMPONENTS_DATA2TAG" VALUES(108841,488);
INSERT INTO "SCTMATCOMPONENTS_DATA2TAG" VALUES(108841,489);
INSERT INTO "SCTMATCOMPONENTS_DATA2TAG" VALUES(108841,490);
INSERT INTO "SCTMATCOMPONENTS_DATA2TAG" VALUES(108841,491);
INSERT INTO "SCTMATCOMPONENTS_DATA2TAG" VALUES(108841,492);
INSERT INTO "SCTMATCOMPONENTS_DATA2TAG" VALUES(108841,493);
INSERT INTO "SCTMATCOMPONENTS_DATA2TAG" VALUES(108841,494);
INSERT INTO "SCTMATCOMPONENTS_DATA2TAG" VALUES(108841,495);
INSERT INTO "SCTMATCOMPONENTS_DATA2TAG" VALUES(108841,496);
INSERT INTO "SCTMATCOMPONENTS_DATA2TAG" VALUES(108841,497);
INSERT INTO "SCTMATCOMPONENTS_DATA2TAG" VALUES(108841,498);
INSERT INTO "SCTMATCOMPONENTS_DATA2TAG" VALUES(108841,499);
INSERT INTO "SCTMATCOMPONENTS_DATA2TAG" VALUES(108841,500);
INSERT INTO "SCTMATCOMPONENTS_DATA2TAG" VALUES(108841,501);
INSERT INTO "SCTMATCOMPONENTS_DATA2TAG" VALUES(108841,502);
INSERT INTO "SCTMATCOMPONENTS_DATA2TAG" VALUES(108841,503);
INSERT INTO "SCTMATCOMPONENTS_DATA2TAG" VALUES(108841,504);
INSERT INTO "SCTMATCOMPONENTS_DATA2TAG" VALUES(108841,505);
INSERT INTO "SCTMATCOMPONENTS_DATA2TAG" VALUES(108841,506);
INSERT INTO "SCTMATCOMPONENTS_DATA2TAG" VALUES(108841,507);
INSERT INTO "SCTMATCOMPONENTS_DATA2TAG" VALUES(108841,508);
INSERT INTO "SCTMATCOMPONENTS_DATA2TAG" VALUES(108841,509);
INSERT INTO "SCTMATCOMPONENTS_DATA2TAG" VALUES(108841,510);
INSERT INTO "SCTMATCOMPONENTS_DATA2TAG" VALUES(108841,511);
INSERT INTO "SCTMATCOMPONENTS_DATA2TAG" VALUES(108841,512);
INSERT INTO "SCTMATCOMPONENTS_DATA2TAG" VALUES(108841,513);
INSERT INTO "SCTMATCOMPONENTS_DATA2TAG" VALUES(108841,514);
INSERT INTO "SCTMATCOMPONENTS_DATA2TAG" VALUES(108841,515);
INSERT INTO "SCTMATCOMPONENTS_DATA2TAG" VALUES(108841,516);
INSERT INTO "SCTMATCOMPONENTS_DATA2TAG" VALUES(108841,517);
INSERT INTO "SCTMATCOMPONENTS_DATA2TAG" VALUES(108841,518);
INSERT INTO "SCTMATCOMPONENTS_DATA2TAG" VALUES(108841,519);
INSERT INTO "SCTMATCOMPONENTS_DATA2TAG" VALUES(108841,520);
INSERT INTO "SCTMATCOMPONENTS_DATA2TAG" VALUES(108841,521);
INSERT INTO "SCTMATCOMPONENTS_DATA2TAG" VALUES(108841,522);
INSERT INTO "SCTMATCOMPONENTS_DATA2TAG" VALUES(108841,523);
INSERT INTO "SCTMATCOMPONENTS_DATA2TAG" VALUES(108841,524);
INSERT INTO "SCTMATCOMPONENTS_DATA2TAG" VALUES(108841,533);
INSERT INTO "SCTMATCOMPONENTS_DATA2TAG" VALUES(108841,534);
INSERT INTO "SCTMATCOMPONENTS_DATA2TAG" VALUES(108841,535);
INSERT INTO "SCTMATCOMPONENTS_DATA2TAG" VALUES(108841,536);
INSERT INTO "SCTMATCOMPONENTS_DATA2TAG" VALUES(108841,537);
INSERT INTO "SCTMATCOMPONENTS_DATA2TAG" VALUES(108841,538);
INSERT INTO "SCTMATCOMPONENTS_DATA2TAG" VALUES(108841,540);
INSERT INTO "SCTMATCOMPONENTS_DATA2TAG" VALUES(108841,541);
INSERT INTO "SCTMATCOMPONENTS_DATA2TAG" VALUES(108841,542);
INSERT INTO "SCTMATCOMPONENTS_DATA2TAG" VALUES(108841,543);
INSERT INTO "SCTMATCOMPONENTS_DATA2TAG" VALUES(108841,544);
INSERT INTO "SCTMATCOMPONENTS_DATA2TAG" VALUES(108841,545);
INSERT INTO "SCTMATCOMPONENTS_DATA2TAG" VALUES(108841,546);
INSERT INTO "SCTMATCOMPONENTS_DATA2TAG" VALUES(108841,547);
INSERT INTO "SCTMATCOMPONENTS_DATA2TAG" VALUES(108841,548);
INSERT INTO "SCTMATCOMPONENTS_DATA2TAG" VALUES(108841,549);
INSERT INTO "SCTMATCOMPONENTS_DATA2TAG" VALUES(108841,551);
INSERT INTO "SCTMATCOMPONENTS_DATA2TAG" VALUES(108841,552);
INSERT INTO "SCTMATCOMPONENTS_DATA2TAG" VALUES(108841,553);
INSERT INTO "SCTMATCOMPONENTS_DATA2TAG" VALUES(108841,554);
INSERT INTO "SCTMATCOMPONENTS_DATA2TAG" VALUES(108841,558);
INSERT INTO "SCTMATCOMPONENTS_DATA2TAG" VALUES(108841,559);
INSERT INTO "SCTMATCOMPONENTS_DATA2TAG" VALUES(108841,560);
INSERT INTO "SCTMATCOMPONENTS_DATA2TAG" VALUES(108841,561);
INSERT INTO "SCTMATCOMPONENTS_DATA2TAG" VALUES(108841,562);
INSERT INTO "SCTMATCOMPONENTS_DATA2TAG" VALUES(108841,563);
INSERT INTO "SCTMATCOMPONENTS_DATA2TAG" VALUES(108841,564);
INSERT INTO "SCTMATCOMPONENTS_DATA2TAG" VALUES(108841,565);
INSERT INTO "SCTMATCOMPONENTS_DATA2TAG" VALUES(108841,566);
INSERT INTO "SCTMATCOMPONENTS_DATA2TAG" VALUES(108841,567);
INSERT INTO "SCTMATCOMPONENTS_DATA2TAG" VALUES(108841,569);
INSERT INTO "SCTMATCOMPONENTS_DATA2TAG" VALUES(108841,571);
INSERT INTO "SCTMATCOMPONENTS_DATA2TAG" VALUES(108841,572);
INSERT INTO "SCTMATCOMPONENTS_DATA2TAG" VALUES(108841,573);
INSERT INTO "SCTMATCOMPONENTS_DATA2TAG" VALUES(108841,574);
INSERT INTO "SCTMATCOMPONENTS_DATA2TAG" VALUES(108841,575);
INSERT INTO "SCTMATCOMPONENTS_DATA2TAG" VALUES(108841,576);
INSERT INTO "SCTMATCOMPONENTS_DATA2TAG" VALUES(108841,577);
INSERT INTO "SCTMATCOMPONENTS_DATA2TAG" VALUES(108841,578);
INSERT INTO "SCTMATCOMPONENTS_DATA2TAG" VALUES(108841,579);
INSERT INTO "SCTMATCOMPONENTS_DATA2TAG" VALUES(108841,580);
INSERT INTO "SCTMATCOMPONENTS_DATA2TAG" VALUES(108841,581);
INSERT INTO "SCTMATCOMPONENTS_DATA2TAG" VALUES(108841,582);
INSERT INTO "SCTMATCOMPONENTS_DATA2TAG" VALUES(108841,583);
INSERT INTO "SCTMATCOMPONENTS_DATA2TAG" VALUES(108841,584);
INSERT INTO "SCTMATCOMPONENTS_DATA2TAG" VALUES(108841,585);
INSERT INTO "SCTMATCOMPONENTS_DATA2TAG" VALUES(108841,586);
INSERT INTO "SCTMATCOMPONENTS_DATA2TAG" VALUES(108841,587);
INSERT INTO "SCTMATCOMPONENTS_DATA2TAG" VALUES(108841,588);
INSERT INTO "SCTMATCOMPONENTS_DATA2TAG" VALUES(108841,589);
INSERT INTO "SCTMATCOMPONENTS_DATA2TAG" VALUES(108841,604);
INSERT INTO "SCTMATCOMPONENTS_DATA2TAG" VALUES(108841,615);
INSERT INTO "SCTMATCOMPONENTS_DATA2TAG" VALUES(108841,616);
INSERT INTO "SCTMATCOMPONENTS_DATA2TAG" VALUES(108841,617);
INSERT INTO "SCTMATCOMPONENTS_DATA2TAG" VALUES(108841,618);
INSERT INTO "SCTMATCOMPONENTS_DATA2TAG" VALUES(108841,619);
INSERT INTO "SCTMATCOMPONENTS_DATA2TAG" VALUES(108841,620);
INSERT INTO "SCTMATCOMPONENTS_DATA2TAG" VALUES(108841,621);
INSERT INTO "SCTMATCOMPONENTS_DATA2TAG" VALUES(108841,622);
INSERT INTO "SCTMATCOMPONENTS_DATA2TAG" VALUES(108841,623);
INSERT INTO "SCTMATCOMPONENTS_DATA2TAG" VALUES(108841,624);
INSERT INTO "SCTMATCOMPONENTS_DATA2TAG" VALUES(108841,625);
INSERT INTO "SCTMATCOMPONENTS_DATA2TAG" VALUES(108841,626);
INSERT INTO "SCTMATCOMPONENTS_DATA2TAG" VALUES(108841,627);
INSERT INTO "SCTMATCOMPONENTS_DATA2TAG" VALUES(108841,628);
INSERT INTO "SCTMATCOMPONENTS_DATA2TAG" VALUES(108841,629);
INSERT INTO "SCTMATCOMPONENTS_DATA2TAG" VALUES(108841,631);
INSERT INTO "SCTMATCOMPONENTS_DATA2TAG" VALUES(108841,632);
INSERT INTO "SCTMATCOMPONENTS_DATA2TAG" VALUES(108841,633);
INSERT INTO "SCTMATCOMPONENTS_DATA2TAG" VALUES(108841,641);
INSERT INTO "SCTMATCOMPONENTS_DATA2TAG" VALUES(108841,642);
INSERT INTO "SCTMATCOMPONENTS_DATA2TAG" VALUES(108841,643);
INSERT INTO "SCTMATCOMPONENTS_DATA2TAG" VALUES(108841,644);
INSERT INTO "SCTMATCOMPONENTS_DATA2TAG" VALUES(108841,645);
INSERT INTO "SCTMATCOMPONENTS_DATA2TAG" VALUES(108841,646);
INSERT INTO "SCTMATCOMPONENTS_DATA2TAG" VALUES(108841,648);
INSERT INTO "SCTMATCOMPONENTS_DATA2TAG" VALUES(108841,649);
INSERT INTO "SCTMATCOMPONENTS_DATA2TAG" VALUES(108841,650);
INSERT INTO "SCTMATCOMPONENTS_DATA2TAG" VALUES(108841,662);
INSERT INTO "SCTMATCOMPONENTS_DATA2TAG" VALUES(108841,663);
INSERT INTO "SCTMATCOMPONENTS_DATA2TAG" VALUES(108841,664);
INSERT INTO "SCTMATCOMPONENTS_DATA2TAG" VALUES(108841,665);
INSERT INTO "SCTMATCOMPONENTS_DATA2TAG" VALUES(108841,666);
INSERT INTO "SCTMATCOMPONENTS_DATA2TAG" VALUES(108841,667);
INSERT INTO "SCTMATCOMPONENTS_DATA2TAG" VALUES(108841,668);
INSERT INTO "SCTMATCOMPONENTS_DATA2TAG" VALUES(108841,669);
INSERT INTO "SCTMATCOMPONENTS_DATA2TAG" VALUES(108841,670);
INSERT INTO "SCTMATCOMPONENTS_DATA2TAG" VALUES(108841,671);
INSERT INTO "SCTMATCOMPONENTS_DATA2TAG" VALUES(108841,672);
INSERT INTO "SCTMATCOMPONENTS_DATA2TAG" VALUES(108841,674);
INSERT INTO "SCTMATCOMPONENTS_DATA2TAG" VALUES(108841,676);
INSERT INTO "SCTMATCOMPONENTS_DATA2TAG" VALUES(108841,677);
INSERT INTO "SCTMATCOMPONENTS_DATA2TAG" VALUES(108841,678);
INSERT INTO "SCTMATCOMPONENTS_DATA2TAG" VALUES(108841,679);
INSERT INTO "SCTMATCOMPONENTS_DATA2TAG" VALUES(108841,680);
INSERT INTO "SCTMATCOMPONENTS_DATA2TAG" VALUES(108841,681);
INSERT INTO "SCTMATCOMPONENTS_DATA2TAG" VALUES(108841,682);
INSERT INTO "SCTMATCOMPONENTS_DATA2TAG" VALUES(108841,683);
INSERT INTO "SCTMATCOMPONENTS_DATA2TAG" VALUES(108841,684);
INSERT INTO "SCTMATCOMPONENTS_DATA2TAG" VALUES(108841,685);
INSERT INTO "SCTMATCOMPONENTS_DATA2TAG" VALUES(108841,692);
INSERT INTO "SCTMATCOMPONENTS_DATA2TAG" VALUES(108841,693);
INSERT INTO "SCTMATCOMPONENTS_DATA2TAG" VALUES(108841,694);
INSERT INTO "SCTMATCOMPONENTS_DATA2TAG" VALUES(108841,695);
INSERT INTO "SCTMATCOMPONENTS_DATA2TAG" VALUES(108841,696);
INSERT INTO "SCTMATCOMPONENTS_DATA2TAG" VALUES(108841,697);
INSERT INTO "SCTMATCOMPONENTS_DATA2TAG" VALUES(108841,698);
INSERT INTO "SCTMATCOMPONENTS_DATA2TAG" VALUES(108841,699);
INSERT INTO "SCTMATCOMPONENTS_DATA2TAG" VALUES(108841,700);
INSERT INTO "SCTMATCOMPONENTS_DATA2TAG" VALUES(108841,701);
INSERT INTO "SCTMATCOMPONENTS_DATA2TAG" VALUES(108841,729);
INSERT INTO "SCTMATCOMPONENTS_DATA2TAG" VALUES(108841,730);
INSERT INTO "SCTMATCOMPONENTS_DATA2TAG" VALUES(108841,731);
INSERT INTO "SCTMATCOMPONENTS_DATA2TAG" VALUES(108841,732);
INSERT INTO "SCTMATCOMPONENTS_DATA2TAG" VALUES(108841,733);
INSERT INTO "SCTMATCOMPONENTS_DATA2TAG" VALUES(108841,734);
INSERT INTO "SCTMATCOMPONENTS_DATA2TAG" VALUES(108841,735);
INSERT INTO "SCTMATCOMPONENTS_DATA2TAG" VALUES(108841,736);
INSERT INTO "SCTMATCOMPONENTS_DATA2TAG" VALUES(108841,737);
INSERT INTO "SCTMATCOMPONENTS_DATA2TAG" VALUES(108841,738);
INSERT INTO "SCTMATCOMPONENTS_DATA2TAG" VALUES(108841,739);
INSERT INTO "SCTMATCOMPONENTS_DATA2TAG" VALUES(108841,740);
INSERT INTO "SCTMATCOMPONENTS_DATA2TAG" VALUES(108841,741);
INSERT INTO "SCTMATCOMPONENTS_DATA2TAG" VALUES(108841,742);
INSERT INTO "SCTMATCOMPONENTS_DATA2TAG" VALUES(108841,744);
INSERT INTO "SCTMATCOMPONENTS_DATA2TAG" VALUES(108841,745);
INSERT INTO "SCTMATCOMPONENTS_DATA2TAG" VALUES(108841,746);
INSERT INTO "SCTMATCOMPONENTS_DATA2TAG" VALUES(108841,747);
INSERT INTO "SCTMATCOMPONENTS_DATA2TAG" VALUES(108841,748);
INSERT INTO "SCTMATCOMPONENTS_DATA2TAG" VALUES(108841,749);
INSERT INTO "SCTMATCOMPONENTS_DATA2TAG" VALUES(108841,750);
INSERT INTO "SCTMATCOMPONENTS_DATA2TAG" VALUES(108841,751);
INSERT INTO "SCTMATCOMPONENTS_DATA2TAG" VALUES(108841,752);
INSERT INTO "SCTMATCOMPONENTS_DATA2TAG" VALUES(108841,753);
INSERT INTO "SCTMATCOMPONENTS_DATA2TAG" VALUES(108841,754);
INSERT INTO "SCTMATCOMPONENTS_DATA2TAG" VALUES(108841,755);
INSERT INTO "SCTMATCOMPONENTS_DATA2TAG" VALUES(108841,756);
INSERT INTO "SCTMATCOMPONENTS_DATA2TAG" VALUES(108841,757);
INSERT INTO "SCTMATCOMPONENTS_DATA2TAG" VALUES(108841,758);
INSERT INTO "SCTMATCOMPONENTS_DATA2TAG" VALUES(108841,759);
INSERT INTO "SCTMATCOMPONENTS_DATA2TAG" VALUES(108841,760);
INSERT INTO "SCTMATCOMPONENTS_DATA2TAG" VALUES(108841,768);
INSERT INTO "SCTMATCOMPONENTS_DATA2TAG" VALUES(108841,769);
INSERT INTO "SCTMATCOMPONENTS_DATA2TAG" VALUES(108841,770);
INSERT INTO "SCTMATCOMPONENTS_DATA2TAG" VALUES(108841,771);
INSERT INTO "SCTMATCOMPONENTS_DATA2TAG" VALUES(108841,772);
INSERT INTO "SCTMATCOMPONENTS_DATA2TAG" VALUES(108841,773);
INSERT INTO "SCTMATCOMPONENTS_DATA2TAG" VALUES(108841,774);
INSERT INTO "SCTMATCOMPONENTS_DATA2TAG" VALUES(108841,775);
INSERT INTO "SCTMATCOMPONENTS_DATA2TAG" VALUES(108841,776);
INSERT INTO "SCTMATCOMPONENTS_DATA2TAG" VALUES(108841,777);
INSERT INTO "SCTMATCOMPONENTS_DATA2TAG" VALUES(108841,778);
INSERT INTO "SCTMATCOMPONENTS_DATA2TAG" VALUES(108841,779);
INSERT INTO "SCTMATCOMPONENTS_DATA2TAG" VALUES(108841,780);
INSERT INTO "SCTMATCOMPONENTS_DATA2TAG" VALUES(108841,781);
INSERT INTO "SCTMATCOMPONENTS_DATA2TAG" VALUES(108841,782);
INSERT INTO "SCTMATCOMPONENTS_DATA2TAG" VALUES(108841,783);
INSERT INTO "SCTMATCOMPONENTS_DATA2TAG" VALUES(108841,784);
INSERT INTO "SCTMATCOMPONENTS_DATA2TAG" VALUES(108841,785);
INSERT INTO "SCTMATCOMPONENTS_DATA2TAG" VALUES(108841,786);
INSERT INTO "SCTMATCOMPONENTS_DATA2TAG" VALUES(108841,787);
INSERT INTO "SCTMATCOMPONENTS_DATA2TAG" VALUES(108841,788);
INSERT INTO "SCTMATCOMPONENTS_DATA2TAG" VALUES(108841,789);
INSERT INTO "SCTMATCOMPONENTS_DATA2TAG" VALUES(108841,790);
INSERT INTO "SCTMATCOMPONENTS_DATA2TAG" VALUES(108841,791);
INSERT INTO "SCTMATCOMPONENTS_DATA2TAG" VALUES(108841,792);
INSERT INTO "SCTMATCOMPONENTS_DATA2TAG" VALUES(108841,793);
INSERT INTO "SCTMATCOMPONENTS_DATA2TAG" VALUES(108841,794);
INSERT INTO "SCTMATCOMPONENTS_DATA2TAG" VALUES(108841,795);
INSERT INTO "SCTMATCOMPONENTS_DATA2TAG" VALUES(108841,796);
INSERT INTO "SCTMATCOMPONENTS_DATA2TAG" VALUES(108841,797);
INSERT INTO "SCTMATCOMPONENTS_DATA2TAG" VALUES(108841,798);
INSERT INTO "SCTMATCOMPONENTS_DATA2TAG" VALUES(108841,799);
INSERT INTO "SCTMATCOMPONENTS_DATA2TAG" VALUES(108841,800);
INSERT INTO "SCTMATCOMPONENTS_DATA2TAG" VALUES(108841,801);
INSERT INTO "SCTMATCOMPONENTS_DATA2TAG" VALUES(108841,802);
INSERT INTO "SCTMATCOMPONENTS_DATA2TAG" VALUES(108841,803);
INSERT INTO "SCTMATCOMPONENTS_DATA2TAG" VALUES(108841,804);
INSERT INTO "SCTMATCOMPONENTS_DATA2TAG" VALUES(108841,805);
INSERT INTO "SCTMATCOMPONENTS_DATA2TAG" VALUES(108841,806);
INSERT INTO "SCTMATCOMPONENTS_DATA2TAG" VALUES(108841,807);
INSERT INTO "SCTMATCOMPONENTS_DATA2TAG" VALUES(108841,808);
INSERT INTO "SCTMATCOMPONENTS_DATA2TAG" VALUES(108841,809);
INSERT INTO "SCTMATCOMPONENTS_DATA2TAG" VALUES(108841,810);
INSERT INTO "SCTMATCOMPONENTS_DATA2TAG" VALUES(108841,811);
INSERT INTO "SCTMATCOMPONENTS_DATA2TAG" VALUES(108841,812);
INSERT INTO "SCTMATCOMPONENTS_DATA2TAG" VALUES(108841,813);
INSERT INTO "SCTMATCOMPONENTS_DATA2TAG" VALUES(108841,814);
INSERT INTO "SCTMATCOMPONENTS_DATA2TAG" VALUES(108841,815);
INSERT INTO "SCTMATCOMPONENTS_DATA2TAG" VALUES(108841,816);
INSERT INTO "SCTMATCOMPONENTS_DATA2TAG" VALUES(108841,817);
INSERT INTO "SCTMATCOMPONENTS_DATA2TAG" VALUES(108841,818);
INSERT INTO "SCTMATCOMPONENTS_DATA2TAG" VALUES(108841,819);
INSERT INTO "SCTMATCOMPONENTS_DATA2TAG" VALUES(108841,820);
INSERT INTO "SCTMATCOMPONENTS_DATA2TAG" VALUES(108841,821);
INSERT INTO "SCTMATCOMPONENTS_DATA2TAG" VALUES(108841,822);
INSERT INTO "SCTMATCOMPONENTS_DATA2TAG" VALUES(108841,823);
INSERT INTO "SCTMATCOMPONENTS_DATA2TAG" VALUES(108841,824);
INSERT INTO "SCTMATCOMPONENTS_DATA2TAG" VALUES(108841,825);
INSERT INTO "SCTMATCOMPONENTS_DATA2TAG" VALUES(108841,826);
INSERT INTO "SCTMATCOMPONENTS_DATA2TAG" VALUES(108841,827);
INSERT INTO "SCTMATCOMPONENTS_DATA2TAG" VALUES(108841,828);
INSERT INTO "SCTMATCOMPONENTS_DATA2TAG" VALUES(108841,829);
INSERT INTO "SCTMATCOMPONENTS_DATA2TAG" VALUES(108841,830);
INSERT INTO "SCTMATCOMPONENTS_DATA2TAG" VALUES(108841,831);
INSERT INTO "SCTMATCOMPONENTS_DATA2TAG" VALUES(108841,832);
INSERT INTO "SCTMATCOMPONENTS_DATA2TAG" VALUES(108841,833);
INSERT INTO "SCTMATCOMPONENTS_DATA2TAG" VALUES(108841,834);
INSERT INTO "SCTMATCOMPONENTS_DATA2TAG" VALUES(108841,835);
INSERT INTO "SCTMATCOMPONENTS_DATA2TAG" VALUES(108841,836);
INSERT INTO "SCTMATCOMPONENTS_DATA2TAG" VALUES(108841,837);
INSERT INTO "SCTMATCOMPONENTS_DATA2TAG" VALUES(108841,838);
INSERT INTO "SCTMATCOMPONENTS_DATA2TAG" VALUES(108841,844);
INSERT INTO "SCTMATCOMPONENTS_DATA2TAG" VALUES(108841,845);
INSERT INTO "SCTMATCOMPONENTS_DATA2TAG" VALUES(108841,846);
INSERT INTO "SCTMATCOMPONENTS_DATA2TAG" VALUES(108841,849);
INSERT INTO "SCTMATCOMPONENTS_DATA2TAG" VALUES(108841,850);
INSERT INTO "SCTMATCOMPONENTS_DATA2TAG" VALUES(108841,851);
INSERT INTO "SCTMATCOMPONENTS_DATA2TAG" VALUES(108841,852);
INSERT INTO "SCTMATCOMPONENTS_DATA2TAG" VALUES(108841,853);
INSERT INTO "SCTMATCOMPONENTS_DATA2TAG" VALUES(108841,854);
INSERT INTO "SCTMATCOMPONENTS_DATA2TAG" VALUES(108841,855);
INSERT INTO "SCTMATCOMPONENTS_DATA2TAG" VALUES(108841,856);
INSERT INTO "SCTMATCOMPONENTS_DATA2TAG" VALUES(108841,857);
INSERT INTO "SCTMATCOMPONENTS_DATA2TAG" VALUES(108841,858);
INSERT INTO "SCTMATCOMPONENTS_DATA2TAG" VALUES(108841,859);
INSERT INTO "SCTMATCOMPONENTS_DATA2TAG" VALUES(108841,860);
INSERT INTO "SCTMATCOMPONENTS_DATA2TAG" VALUES(108841,861);
INSERT INTO "SCTMATCOMPONENTS_DATA2TAG" VALUES(108841,862);
INSERT INTO "SCTMATCOMPONENTS_DATA2TAG" VALUES(108841,863);
INSERT INTO "SCTMATCOMPONENTS_DATA2TAG" VALUES(108841,864);
INSERT INTO "SCTMATCOMPONENTS_DATA2TAG" VALUES(108841,865);
INSERT INTO "SCTMATCOMPONENTS_DATA2TAG" VALUES(108841,866);
INSERT INTO "SCTMATCOMPONENTS_DATA2TAG" VALUES(108841,867);
INSERT INTO "SCTMATCOMPONENTS_DATA2TAG" VALUES(108841,868);
INSERT INTO "SCTMATCOMPONENTS_DATA2TAG" VALUES(108841,869);
INSERT INTO "SCTMATCOMPONENTS_DATA2TAG" VALUES(108841,870);
INSERT INTO "SCTMATCOMPONENTS_DATA2TAG" VALUES(108841,871);
INSERT INTO "SCTMATCOMPONENTS_DATA2TAG" VALUES(108841,872);
INSERT INTO "SCTMATCOMPONENTS_DATA2TAG" VALUES(108841,873);
INSERT INTO "SCTMATCOMPONENTS_DATA2TAG" VALUES(108841,874);
INSERT INTO "SCTMATCOMPONENTS_DATA2TAG" VALUES(108841,875);
INSERT INTO "SCTMATCOMPONENTS_DATA2TAG" VALUES(108841,876);
INSERT INTO "SCTMATCOMPONENTS_DATA2TAG" VALUES(108841,877);
INSERT INTO "SCTMATCOMPONENTS_DATA2TAG" VALUES(108841,878);
INSERT INTO "SCTMATCOMPONENTS_DATA2TAG" VALUES(108841,879);
INSERT INTO "SCTMATCOMPONENTS_DATA2TAG" VALUES(108841,880);
INSERT INTO "SCTMATCOMPONENTS_DATA2TAG" VALUES(108841,881);
INSERT INTO "SCTMATCOMPONENTS_DATA2TAG" VALUES(108841,882);
INSERT INTO "SCTMATCOMPONENTS_DATA2TAG" VALUES(108841,883);
INSERT INTO "SCTMATCOMPONENTS_DATA2TAG" VALUES(108841,884);
INSERT INTO "SCTMATCOMPONENTS_DATA2TAG" VALUES(108841,885);
INSERT INTO "SCTMATCOMPONENTS_DATA2TAG" VALUES(108841,886);
INSERT INTO "SCTMATCOMPONENTS_DATA2TAG" VALUES(108841,887);
INSERT INTO "SCTMATCOMPONENTS_DATA2TAG" VALUES(108841,888);
INSERT INTO "SCTMATCOMPONENTS_DATA2TAG" VALUES(108841,889);
INSERT INTO "SCTMATCOMPONENTS_DATA2TAG" VALUES(108841,890);
INSERT INTO "SCTMATCOMPONENTS_DATA2TAG" VALUES(108841,891);
INSERT INTO "SCTMATCOMPONENTS_DATA2TAG" VALUES(108841,892);
INSERT INTO "SCTMATCOMPONENTS_DATA2TAG" VALUES(108841,893);
INSERT INTO "SCTMATCOMPONENTS_DATA2TAG" VALUES(108841,894);
INSERT INTO "SCTMATCOMPONENTS_DATA2TAG" VALUES(108841,895);
INSERT INTO "SCTMATCOMPONENTS_DATA2TAG" VALUES(108841,896);
INSERT INTO "SCTMATCOMPONENTS_DATA2TAG" VALUES(108841,897);
INSERT INTO "SCTMATCOMPONENTS_DATA2TAG" VALUES(108841,898);
INSERT INTO "SCTMATCOMPONENTS_DATA2TAG" VALUES(108841,899);
INSERT INTO "SCTMATCOMPONENTS_DATA2TAG" VALUES(108841,900);
INSERT INTO "SCTMATCOMPONENTS_DATA2TAG" VALUES(108841,901);
INSERT INTO "SCTMATCOMPONENTS_DATA2TAG" VALUES(108841,902);
INSERT INTO "SCTMATCOMPONENTS_DATA2TAG" VALUES(108841,903);
INSERT INTO "SCTMATCOMPONENTS_DATA2TAG" VALUES(108841,904);
INSERT INTO "SCTMATCOMPONENTS_DATA2TAG" VALUES(108841,905);
INSERT INTO "SCTMATCOMPONENTS_DATA2TAG" VALUES(108841,911);
INSERT INTO "SCTMATCOMPONENTS_DATA2TAG" VALUES(108841,912);
INSERT INTO "SCTMATCOMPONENTS_DATA2TAG" VALUES(108841,913);
INSERT INTO "SCTMATCOMPONENTS_DATA2TAG" VALUES(108841,914);
INSERT INTO "SCTMATCOMPONENTS_DATA2TAG" VALUES(108841,915);
INSERT INTO "SCTMATCOMPONENTS_DATA2TAG" VALUES(108841,916);
INSERT INTO "SCTMATCOMPONENTS_DATA2TAG" VALUES(108841,917);
INSERT INTO "SCTMATCOMPONENTS_DATA2TAG" VALUES(108841,918);
INSERT INTO "SCTMATCOMPONENTS_DATA2TAG" VALUES(108841,919);
INSERT INTO "SCTMATCOMPONENTS_DATA2TAG" VALUES(108841,920);
INSERT INTO "SCTMATCOMPONENTS_DATA2TAG" VALUES(108841,921);
INSERT INTO "SCTMATCOMPONENTS_DATA2TAG" VALUES(108841,922);
INSERT INTO "SCTMATCOMPONENTS_DATA2TAG" VALUES(108841,923);
INSERT INTO "SCTMATCOMPONENTS_DATA2TAG" VALUES(108841,924);
INSERT INTO "SCTMATCOMPONENTS_DATA2TAG" VALUES(108841,925);
INSERT INTO "SCTMATCOMPONENTS_DATA2TAG" VALUES(108841,926);
INSERT INTO "SCTMATCOMPONENTS_DATA2TAG" VALUES(108841,927);
INSERT INTO "SCTMATCOMPONENTS_DATA2TAG" VALUES(108841,928);
INSERT INTO "SCTMATCOMPONENTS_DATA2TAG" VALUES(108841,929);
INSERT INTO "SCTMATCOMPONENTS_DATA2TAG" VALUES(108841,930);
INSERT INTO "SCTMATCOMPONENTS_DATA2TAG" VALUES(108841,931);
INSERT INTO "SCTMATCOMPONENTS_DATA2TAG" VALUES(108841,932);
INSERT INTO "SCTMATCOMPONENTS_DATA2TAG" VALUES(108841,933);
INSERT INTO "SCTMATCOMPONENTS_DATA2TAG" VALUES(108841,934);
INSERT INTO "SCTMATCOMPONENTS_DATA2TAG" VALUES(108841,935);
INSERT INTO "SCTMATCOMPONENTS_DATA2TAG" VALUES(108841,936);
INSERT INTO "SCTMATCOMPONENTS_DATA2TAG" VALUES(108841,937);
INSERT INTO "SCTMATCOMPONENTS_DATA2TAG" VALUES(108841,938);
INSERT INTO "SCTMATCOMPONENTS_DATA2TAG" VALUES(108841,939);
INSERT INTO "SCTMATCOMPONENTS_DATA2TAG" VALUES(108841,940);
INSERT INTO "SCTMATCOMPONENTS_DATA2TAG" VALUES(108841,941);
INSERT INTO "SCTMATCOMPONENTS_DATA2TAG" VALUES(108841,942);
INSERT INTO "SCTMATCOMPONENTS_DATA2TAG" VALUES(108841,943);
INSERT INTO "SCTMATCOMPONENTS_DATA2TAG" VALUES(108841,944);
INSERT INTO "SCTMATCOMPONENTS_DATA2TAG" VALUES(108841,945);
INSERT INTO "SCTMATCOMPONENTS_DATA2TAG" VALUES(108841,946);
INSERT INTO "SCTMATCOMPONENTS_DATA2TAG" VALUES(108841,947);
INSERT INTO "SCTMATCOMPONENTS_DATA2TAG" VALUES(108841,948);
INSERT INTO "SCTMATCOMPONENTS_DATA2TAG" VALUES(108841,949);
INSERT INTO "SCTMATCOMPONENTS_DATA2TAG" VALUES(108841,950);
INSERT INTO "SCTMATCOMPONENTS_DATA2TAG" VALUES(108841,951);
INSERT INTO "SCTMATCOMPONENTS_DATA2TAG" VALUES(108841,952);
INSERT INTO "SCTMATCOMPONENTS_DATA2TAG" VALUES(108841,953);
INSERT INTO "SCTMATCOMPONENTS_DATA2TAG" VALUES(108841,954);
INSERT INTO "SCTMATCOMPONENTS_DATA2TAG" VALUES(108841,955);
INSERT INTO "SCTMATCOMPONENTS_DATA2TAG" VALUES(108841,956);
INSERT INTO "SCTMATCOMPONENTS_DATA2TAG" VALUES(108841,957);
INSERT INTO "SCTMATCOMPONENTS_DATA2TAG" VALUES(108841,958);
INSERT INTO "SCTMATCOMPONENTS_DATA2TAG" VALUES(108841,959);
INSERT INTO "SCTMATCOMPONENTS_DATA2TAG" VALUES(108841,960);
INSERT INTO "SCTMATCOMPONENTS_DATA2TAG" VALUES(108841,961);
INSERT INTO "SCTMATCOMPONENTS_DATA2TAG" VALUES(108841,962);
INSERT INTO "SCTMATCOMPONENTS_DATA2TAG" VALUES(108841,963);
INSERT INTO "SCTMATCOMPONENTS_DATA2TAG" VALUES(108841,964);
INSERT INTO "SCTMATCOMPONENTS_DATA2TAG" VALUES(108841,965);
INSERT INTO "SCTMATCOMPONENTS_DATA2TAG" VALUES(108841,966);
INSERT INTO "SCTMATCOMPONENTS_DATA2TAG" VALUES(108841,967);
INSERT INTO "SCTMATCOMPONENTS_DATA2TAG" VALUES(108841,968);
DROP TABLE IF EXISTS "SCTMATERIALS_DATA";
CREATE TABLE "SCTMATERIALS_DATA" ( "SCTMATERIALS_DATA_ID" SLONGLONG ,"NAME" TEXT ,"DENSITY" DOUBLE , UNIQUE ( "SCTMATERIALS_DATA_ID" ) );
INSERT INTO "SCTMATERIALS_DATA" VALUES(34,'ModuleConnBase',1.0);
INSERT INTO "SCTMATERIALS_DATA" VALUES(35,'DiscCoolOutBase',1.0);
INSERT INTO "SCTMATERIALS_DATA" VALUES(36,'DiscCoolMidBase',1.0);
INSERT INTO "SCTMATERIALS_DATA" VALUES(37,'DiscCoolInnBase',1.0);
INSERT INTO "SCTMATERIALS_DATA" VALUES(38,'CoolBlkMHiBase',1.0);
INSERT INTO "SCTMATERIALS_DATA" VALUES(39,'CoolBlkMLoBase',1.0);
INSERT INTO "SCTMATERIALS_DATA" VALUES(40,'CoolBlkSHiBase',1.0);
INSERT INTO "SCTMATERIALS_DATA" VALUES(41,'CoolBlkSLoBase',1.0);
INSERT INTO "SCTMATERIALS_DATA" VALUES(42,'FSIBHBase',1.0);
INSERT INTO "SCTMATERIALS_DATA" VALUES(43,'FSIBLBase',1.0);
INSERT INTO "SCTMATERIALS_DATA" VALUES(44,'FSIFHBase',1.0);
INSERT INTO "SCTMATERIALS_DATA" VALUES(45,'FSIFLBase',1.0);
INSERT INTO "SCTMATERIALS_DATA" VALUES(46,'PPF0eBase',1.0);
INSERT INTO "SCTMATERIALS_DATA" VALUES(47,'PPF0oBase',1.0);
INSERT INTO "SCTMATERIALS_DATA" VALUES(48,'PPF0cBase',1.0);
INSERT INTO "SCTMATERIALS_DATA" VALUES(49,'FwdSpineOutBase',1.0);
INSERT INTO "SCTMATERIALS_DATA" VALUES(50,'FwdSpineMidBase',1.0);
INSERT INTO "SCTMATERIALS_DATA" VALUES(51,'FwdSpineInnBase',1.0);
INSERT INTO "SCTMATERIALS_DATA" VALUES(52,'FwdHybridBase',1.0);
INSERT INTO "SCTMATERIALS_DATA" VALUES(124,'DiscFixBase',1.0);
INSERT INTO "SCTMATERIALS_DATA" VALUES(188,'FwdCryCool2Base',1.0);
INSERT INTO "SCTMATERIALS_DATA" VALUES(0,'Hybrid',3.97);
INSERT INTO "SCTMATERIALS_DATA" VALUES(1,'TPG',2.247);
INSERT INTO "SCTMATERIALS_DATA" VALUES(2,'CFRP',1.78);
INSERT INTO "SCTMATERIALS_DATA" VALUES(3,'Bracket',1.48);
INSERT INTO "SCTMATERIALS_DATA" VALUES(4,'CopperKapton',5.19);
INSERT INTO "SCTMATERIALS_DATA" VALUES(5,'CoolingBlock',3.25);
INSERT INTO "SCTMATERIALS_DATA" VALUES(6,'AluminiumKapton',1.7);
INSERT INTO "SCTMATERIALS_DATA" VALUES(7,'CN107',8.95);
INSERT INTO "SCTMATERIALS_DATA" VALUES(8,'CoolingPipe',1.83);
INSERT INTO "SCTMATERIALS_DATA" VALUES(9,'CFiberSupport',0.189);
INSERT INTO "SCTMATERIALS_DATA" VALUES(10,'Flange',1.6);
INSERT INTO "SCTMATERIALS_DATA" VALUES(11,'CFiberInterLink',1.6);
INSERT INTO "SCTMATERIALS_DATA" VALUES(12,'AirexR82',0.08);
INSERT INTO "SCTMATERIALS_DATA" VALUES(13,'TSC',1.97);
INSERT INTO "SCTMATERIALS_DATA" VALUES(14,'TSE',0.795);
INSERT INTO "SCTMATERIALS_DATA" VALUES(15,'TSP',0.569);
INSERT INTO "SCTMATERIALS_DATA" VALUES(16,'EMI',1.97);
INSERT INTO "SCTMATERIALS_DATA" VALUES(17,'FwdHybrid',1.59);
INSERT INTO "SCTMATERIALS_DATA" VALUES(18,'DiscSupport',0.1265);
INSERT INTO "SCTMATERIALS_DATA" VALUES(19,'CFiberFwdSupportFrame',0.214);
INSERT INTO "SCTMATERIALS_DATA" VALUES(20,'FwdCoolingPipe',1.52);
INSERT INTO "SCTMATERIALS_DATA" VALUES(21,'KaptonAl',1.6);
INSERT INTO "SCTMATERIALS_DATA" VALUES(22,'Foam',0.04377);
INSERT INTO "SCTMATERIALS_DATA" VALUES(23,'Rubber',2.982);
INSERT INTO "SCTMATERIALS_DATA" VALUES(77,'PEI',1.0);
INSERT INTO "SCTMATERIALS_DATA" VALUES(78,'Adhesive',1.0);
INSERT INTO "SCTMATERIALS_DATA" VALUES(79,'Dogleg',5.3051);
INSERT INTO "SCTMATERIALS_DATA" VALUES(122,'FwdRailBase',1.0);
INSERT INTO "SCTMATERIALS_DATA" VALUES(125,'SpiderBase',1.0);
INSERT INTO "SCTMATERIALS_DATA" VALUES(128,'EMIJointBase',1.0);
INSERT INTO "SCTMATERIALS_DATA" VALUES(148,'Brass',1.0);
INSERT INTO "SCTMATERIALS_DATA" VALUES(149,'InterlinkBase',1.0);
INSERT INTO "SCTMATERIALS_DATA" VALUES(157,'PPB1Tmp',1.8064);
INSERT INTO "SCTMATERIALS_DATA" VALUES(158,'BrlCryoServTmp',0.7742);
INSERT INTO "SCTMATERIALS_DATA" VALUES(184,'FSIFlangeBase',1.0);
INSERT INTO "SCTMATERIALS_DATA" VALUES(185,'FSIFibMaskBase',1.0);
INSERT INTO "SCTMATERIALS_DATA" VALUES(186,'FSIEndJewelBase',1.0);
INSERT INTO "SCTMATERIALS_DATA" VALUES(187,'FSIScorpionBase',1.0);
INSERT INTO "SCTMATERIALS_DATA" VALUES(116,'FwdCoolPipeBase',1.0);
INSERT INTO "SCTMATERIALS_DATA" VALUES(117,'FwdLMTBase',1.0);
INSERT INTO "SCTMATERIALS_DATA" VALUES(118,'FwdLMTCoolBase',1.0);
INSERT INTO "SCTMATERIALS_DATA" VALUES(119,'FwdFibresBase',1.0);
INSERT INTO "SCTMATERIALS_DATA" VALUES(120,'FwdNPipeBase',1.0);
INSERT INTO "SCTMATERIALS_DATA" VALUES(121,'FwdNPipeBase',1.0);
INSERT INTO "SCTMATERIALS_DATA" VALUES(123,'FwdSupportBase',1.0);
INSERT INTO "SCTMATERIALS_DATA" VALUES(138,'CuKaptonEC',1.0);
INSERT INTO "SCTMATERIALS_DATA" VALUES(139,'FwdOTEBase',1.0);
INSERT INTO "SCTMATERIALS_DATA" VALUES(140,'FwdITEBase',1.0);
INSERT INTO "SCTMATERIALS_DATA" VALUES(141,'FwdShShieldBase',1.0);
INSERT INTO "SCTMATERIALS_DATA" VALUES(142,'FwdFrontSupBase',1.0);
INSERT INTO "SCTMATERIALS_DATA" VALUES(143,'FwdFlangeFOBase',1.0);
INSERT INTO "SCTMATERIALS_DATA" VALUES(144,'FwdFlangeFIBase',1.0);
INSERT INTO "SCTMATERIALS_DATA" VALUES(145,'FwdRearSupBase',1.0);
INSERT INTO "SCTMATERIALS_DATA" VALUES(146,'FwdFlangeROBase',1.0);
INSERT INTO "SCTMATERIALS_DATA" VALUES(147,'FwdFlangeRIBase',1.0);
INSERT INTO "SCTMATERIALS_DATA" VALUES(171,'C6F14',1.0);
INSERT INTO "SCTMATERIALS_DATA" VALUES(172,'Polycarbonate',1.0);
INSERT INTO "SCTMATERIALS_DATA" VALUES(173,'Polyester',1.0);
INSERT INTO "SCTMATERIALS_DATA" VALUES(174,'FwdCryoCoolBase',1.0);
INSERT INTO "SCTMATERIALS_DATA" VALUES(175,'FwdCryoLMTBase',1.0);
INSERT INTO "SCTMATERIALS_DATA" VALUES(176,'FwdCCTBase',1.0);
INSERT INTO "SCTMATERIALS_DATA" VALUES(177,'FwdHEXConnBase',1.0);
INSERT INTO "SCTMATERIALS_DATA" VALUES(178,'FwdRadHEXBase',1.0);
INSERT INTO "SCTMATERIALS_DATA" VALUES(179,'FwdRadLMTBase',1.0);
INSERT INTO "SCTMATERIALS_DATA" VALUES(180,'FwdRadDryNBase',1.0);
INSERT INTO "SCTMATERIALS_DATA" VALUES(181,'FwdSTFTBase',1.0);
INSERT INTO "SCTMATERIALS_DATA" VALUES(182,'FwdRCTBase',1.0);
INSERT INTO "SCTMATERIALS_DATA" VALUES(64,'Peek',1.0);
INSERT INTO "SCTMATERIALS_DATA" VALUES(65,'BeCu',1.0);
INSERT INTO "SCTMATERIALS_DATA" VALUES(66,'PCB',1.0);
INSERT INTO "SCTMATERIALS_DATA" VALUES(67,'Vectra',1.0);
INSERT INTO "SCTMATERIALS_DATA" VALUES(68,'Torlon',1.0);
INSERT INTO "SCTMATERIALS_DATA" VALUES(69,'Ceramic',1.0);
INSERT INTO "SCTMATERIALS_DATA" VALUES(70,'Grease',1.0);
INSERT INTO "SCTMATERIALS_DATA" VALUES(71,'CuOnAlWire',1.0);
INSERT INTO "SCTMATERIALS_DATA" VALUES(55,'Solder',1.0);
INSERT INTO "SCTMATERIALS_DATA" VALUES(183,'BearingBase',1.0);
INSERT INTO "SCTMATERIALS_DATA" VALUES(74,'Silicone',1.0);
INSERT INTO "SCTMATERIALS_DATA" VALUES(75,'CoolingBlock',5.0107);
INSERT INTO "SCTMATERIALS_DATA" VALUES(105,'CoolingPipeBase',1.0);
INSERT INTO "SCTMATERIALS_DATA" VALUES(127,'EMIBase',1.0);
INSERT INTO "SCTMATERIALS_DATA" VALUES(137,'HSPBase',1.41104);
INSERT INTO "SCTMATERIALS_DATA" VALUES(61,'EotiteP102',1.0);
INSERT INTO "SCTMATERIALS_DATA" VALUES(2002,'StaveSupport',0.96);
INSERT INTO "SCTMATERIALS_DATA" VALUES(24,'BrlHybrid',2.241);
INSERT INTO "SCTMATERIALS_DATA" VALUES(25,'BrlBaseBoard',2.133);
INSERT INTO "SCTMATERIALS_DATA" VALUES(26,'PigTail',1.135);
INSERT INTO "SCTMATERIALS_DATA" VALUES(27,'BrlBracket',3.03);
INSERT INTO "SCTMATERIALS_DATA" VALUES(28,'Dogleg',6.44);
INSERT INTO "SCTMATERIALS_DATA" VALUES(29,'AlKapton',1.712);
INSERT INTO "SCTMATERIALS_DATA" VALUES(30,'Glass',2.51);
INSERT INTO "SCTMATERIALS_DATA" VALUES(31,'CuKapton',2.94);
INSERT INTO "SCTMATERIALS_DATA" VALUES(32,'AlNitride',3.3);
INSERT INTO "SCTMATERIALS_DATA" VALUES(33,'DiscPowerTape',1.0);
INSERT INTO "SCTMATERIALS_DATA" VALUES(115,'PPCoolingBase',1.0);
INSERT INTO "SCTMATERIALS_DATA" VALUES(126,'EMIJoint',1.0);
INSERT INTO "SCTMATERIALS_DATA" VALUES(53,'OptoHarness',1.0);
INSERT INTO "SCTMATERIALS_DATA" VALUES(54,'Silica',1.0);
INSERT INTO "SCTMATERIALS_DATA" VALUES(56,'FR4',1.0);
INSERT INTO "SCTMATERIALS_DATA" VALUES(57,'Al2O3',1.0);
INSERT INTO "SCTMATERIALS_DATA" VALUES(58,'Araldite',1.0);
INSERT INTO "SCTMATERIALS_DATA" VALUES(59,'Epoxy',1.0);
INSERT INTO "SCTMATERIALS_DATA" VALUES(60,'Plastic',1.0);
INSERT INTO "SCTMATERIALS_DATA" VALUES(114,'PPConnectorBase',1.0);
INSERT INTO "SCTMATERIALS_DATA" VALUES(62,'AIT',1.0);
INSERT INTO "SCTMATERIALS_DATA" VALUES(63,'Elastosil',1.0);
INSERT INTO "SCTMATERIALS_DATA" VALUES(129,'Airex',1.0);
INSERT INTO "SCTMATERIALS_DATA" VALUES(130,'Techsil',1.0);
INSERT INTO "SCTMATERIALS_DATA" VALUES(131,'AlKapton',1.0);
INSERT INTO "SCTMATERIALS_DATA" VALUES(132,'Pyrogel',1.0);
INSERT INTO "SCTMATERIALS_DATA" VALUES(133,'EPDM',1.0);
INSERT INTO "SCTMATERIALS_DATA" VALUES(134,'TSCylinderBase',1.0);
INSERT INTO "SCTMATERIALS_DATA" VALUES(135,'TSBulkheadBase',1.0);
INSERT INTO "SCTMATERIALS_DATA" VALUES(136,'TSEndPanelBase',1.0);
INSERT INTO "SCTMATERIALS_DATA" VALUES(2000,'StaveSupport',0.9);
INSERT INTO "SCTMATERIALS_DATA" VALUES(2001,'Moderator',1.0);
INSERT INTO "SCTMATERIALS_DATA" VALUES(80,'CuAu',9.18);
INSERT INTO "SCTMATERIALS_DATA" VALUES(81,'SupportCyl0',1.0);
INSERT INTO "SCTMATERIALS_DATA" VALUES(82,'SupportCyl1',1.0);
INSERT INTO "SCTMATERIALS_DATA" VALUES(83,'SupportCyl2',1.0);
INSERT INTO "SCTMATERIALS_DATA" VALUES(84,'SupportCyl3',1.0);
INSERT INTO "SCTMATERIALS_DATA" VALUES(85,'Flange0',1.0);
INSERT INTO "SCTMATERIALS_DATA" VALUES(86,'Flange1',1.0);
INSERT INTO "SCTMATERIALS_DATA" VALUES(87,'Flange2',1.0);
INSERT INTO "SCTMATERIALS_DATA" VALUES(88,'Flange3',1.0);
INSERT INTO "SCTMATERIALS_DATA" VALUES(89,'Clamp0',1.0);
INSERT INTO "SCTMATERIALS_DATA" VALUES(90,'Clamp1',1.0);
INSERT INTO "SCTMATERIALS_DATA" VALUES(91,'Clamp2',1.0);
INSERT INTO "SCTMATERIALS_DATA" VALUES(92,'Clamp3',1.0);
INSERT INTO "SCTMATERIALS_DATA" VALUES(156,'FwdOTEFlngBase',0.34);
INSERT INTO "SCTMATERIALS_DATA" VALUES(159,'HEXInnerBase',1.0);
INSERT INTO "SCTMATERIALS_DATA" VALUES(160,'HEXMiddleBase',1.0);
INSERT INTO "SCTMATERIALS_DATA" VALUES(161,'HEXOuterBase',1.0);
INSERT INTO "SCTMATERIALS_DATA" VALUES(162,'Polyimide',1.0);
INSERT INTO "SCTMATERIALS_DATA" VALUES(163,'PPB1BBase',1.0);
INSERT INTO "SCTMATERIALS_DATA" VALUES(164,'PPB1ADBase',1.0);
INSERT INTO "SCTMATERIALS_DATA" VALUES(165,'PPB1A1CBase',1.0);
INSERT INTO "SCTMATERIALS_DATA" VALUES(166,'PPB1EFEGBase',1.0);
INSERT INTO "SCTMATERIALS_DATA" VALUES(167,'CabTrayBBase',1.0);
INSERT INTO "SCTMATERIALS_DATA" VALUES(168,'CabTrayADBase',1.0);
INSERT INTO "SCTMATERIALS_DATA" VALUES(169,'CabTrayA1CBase',1.0);
INSERT INTO "SCTMATERIALS_DATA" VALUES(170,'CabTrayEFEGBase',1.0);
INSERT INTO "SCTMATERIALS_DATA" VALUES(112,'HarnessBase',1.0);
INSERT INTO "SCTMATERIALS_DATA" VALUES(113,'PowerTape',1.4912);
INSERT INTO "SCTMATERIALS_DATA" VALUES(150,'FwdFrntWingBase',0.33);
INSERT INTO "SCTMATERIALS_DATA" VALUES(151,'FwdRearWingBase',0.24);
INSERT INTO "SCTMATERIALS_DATA" VALUES(152,'FwdMechBase',6.54);
INSERT INTO "SCTMATERIALS_DATA" VALUES(153,'FwdRadServBase',0.815);
INSERT INTO "SCTMATERIALS_DATA" VALUES(154,'FwdRadServBase',2.107);
INSERT INTO "SCTMATERIALS_DATA" VALUES(155,'FwdCryoServBase',2.107);
INSERT INTO "SCTMATERIALS_DATA" VALUES(72,'B2O3',1.0);
INSERT INTO "SCTMATERIALS_DATA" VALUES(73,'Na2O',1.0);
INSERT INTO "SCTMATERIALS_DATA" VALUES(76,'BrlBracket',1.6177);
INSERT INTO "SCTMATERIALS_DATA" VALUES(93,'SupportCyl0Base',1.0);
INSERT INTO "SCTMATERIALS_DATA" VALUES(94,'SupportCyl1Base',1.0);
INSERT INTO "SCTMATERIALS_DATA" VALUES(95,'SupportCyl2Base',1.0);
INSERT INTO "SCTMATERIALS_DATA" VALUES(96,'SupportCyl3Base',1.0);
INSERT INTO "SCTMATERIALS_DATA" VALUES(97,'Flange0Base',1.0);
INSERT INTO "SCTMATERIALS_DATA" VALUES(98,'Flange1Base',1.0);
INSERT INTO "SCTMATERIALS_DATA" VALUES(99,'Flange2Base',1.0);
INSERT INTO "SCTMATERIALS_DATA" VALUES(100,'Flange3Base',1.0);
INSERT INTO "SCTMATERIALS_DATA" VALUES(101,'Clamp0Base',1.0);
INSERT INTO "SCTMATERIALS_DATA" VALUES(102,'Clamp1Base',1.0);
INSERT INTO "SCTMATERIALS_DATA" VALUES(103,'Clamp2Base',1.0);
INSERT INTO "SCTMATERIALS_DATA" VALUES(104,'Clamp3Base',1.0);
INSERT INTO "SCTMATERIALS_DATA" VALUES(106,'BoronNitride',1.0);
INSERT INTO "SCTMATERIALS_DATA" VALUES(107,'ThermalGlue',1.0);
INSERT INTO "SCTMATERIALS_DATA" VALUES(108,'CoolingEnd0Base',1.0);
INSERT INTO "SCTMATERIALS_DATA" VALUES(109,'CoolingEnd1Base',1.0);
INSERT INTO "SCTMATERIALS_DATA" VALUES(110,'CoolingEnd2Base',1.0);
INSERT INTO "SCTMATERIALS_DATA" VALUES(111,'CoolingEnd3Base',1.0);
DROP TABLE IF EXISTS "SCTMATERIALS_DATA2TAG";
CREATE TABLE "SCTMATERIALS_DATA2TAG" ( "SCTMATERIALS_TAG_ID" SLONGLONG ,"SCTMATERIALS_DATA_ID" SLONGLONG  );
INSERT INTO "SCTMATERIALS_DATA2TAG" VALUES(106559,0);
INSERT INTO "SCTMATERIALS_DATA2TAG" VALUES(106559,1);
INSERT INTO "SCTMATERIALS_DATA2TAG" VALUES(106559,2);
INSERT INTO "SCTMATERIALS_DATA2TAG" VALUES(106559,3);
INSERT INTO "SCTMATERIALS_DATA2TAG" VALUES(106559,4);
INSERT INTO "SCTMATERIALS_DATA2TAG" VALUES(106559,5);
INSERT INTO "SCTMATERIALS_DATA2TAG" VALUES(106559,6);
INSERT INTO "SCTMATERIALS_DATA2TAG" VALUES(106559,7);
INSERT INTO "SCTMATERIALS_DATA2TAG" VALUES(106559,8);
INSERT INTO "SCTMATERIALS_DATA2TAG" VALUES(106559,9);
INSERT INTO "SCTMATERIALS_DATA2TAG" VALUES(106559,10);
INSERT INTO "SCTMATERIALS_DATA2TAG" VALUES(106559,11);
INSERT INTO "SCTMATERIALS_DATA2TAG" VALUES(106559,12);
INSERT INTO "SCTMATERIALS_DATA2TAG" VALUES(106559,13);
INSERT INTO "SCTMATERIALS_DATA2TAG" VALUES(106559,14);
INSERT INTO "SCTMATERIALS_DATA2TAG" VALUES(106559,15);
INSERT INTO "SCTMATERIALS_DATA2TAG" VALUES(106559,16);
INSERT INTO "SCTMATERIALS_DATA2TAG" VALUES(106559,17);
INSERT INTO "SCTMATERIALS_DATA2TAG" VALUES(106559,18);
INSERT INTO "SCTMATERIALS_DATA2TAG" VALUES(106559,19);
INSERT INTO "SCTMATERIALS_DATA2TAG" VALUES(106559,20);
INSERT INTO "SCTMATERIALS_DATA2TAG" VALUES(106559,21);
INSERT INTO "SCTMATERIALS_DATA2TAG" VALUES(106559,22);
INSERT INTO "SCTMATERIALS_DATA2TAG" VALUES(106559,23);
INSERT INTO "SCTMATERIALS_DATA2TAG" VALUES(106783,2);
INSERT INTO "SCTMATERIALS_DATA2TAG" VALUES(106783,5);
INSERT INTO "SCTMATERIALS_DATA2TAG" VALUES(106783,7);
INSERT INTO "SCTMATERIALS_DATA2TAG" VALUES(106783,8);
INSERT INTO "SCTMATERIALS_DATA2TAG" VALUES(106783,9);
INSERT INTO "SCTMATERIALS_DATA2TAG" VALUES(106783,10);
INSERT INTO "SCTMATERIALS_DATA2TAG" VALUES(106783,11);
INSERT INTO "SCTMATERIALS_DATA2TAG" VALUES(106783,12);
INSERT INTO "SCTMATERIALS_DATA2TAG" VALUES(106783,13);
INSERT INTO "SCTMATERIALS_DATA2TAG" VALUES(106783,14);
INSERT INTO "SCTMATERIALS_DATA2TAG" VALUES(106783,15);
INSERT INTO "SCTMATERIALS_DATA2TAG" VALUES(106783,16);
INSERT INTO "SCTMATERIALS_DATA2TAG" VALUES(106783,18);
INSERT INTO "SCTMATERIALS_DATA2TAG" VALUES(106783,19);
INSERT INTO "SCTMATERIALS_DATA2TAG" VALUES(106783,20);
INSERT INTO "SCTMATERIALS_DATA2TAG" VALUES(106783,22);
INSERT INTO "SCTMATERIALS_DATA2TAG" VALUES(106783,23);
INSERT INTO "SCTMATERIALS_DATA2TAG" VALUES(106783,24);
INSERT INTO "SCTMATERIALS_DATA2TAG" VALUES(106783,25);
INSERT INTO "SCTMATERIALS_DATA2TAG" VALUES(106783,26);
INSERT INTO "SCTMATERIALS_DATA2TAG" VALUES(106783,27);
INSERT INTO "SCTMATERIALS_DATA2TAG" VALUES(106783,28);
INSERT INTO "SCTMATERIALS_DATA2TAG" VALUES(106783,29);
INSERT INTO "SCTMATERIALS_DATA2TAG" VALUES(106783,30);
INSERT INTO "SCTMATERIALS_DATA2TAG" VALUES(106783,31);
INSERT INTO "SCTMATERIALS_DATA2TAG" VALUES(106783,32);
INSERT INTO "SCTMATERIALS_DATA2TAG" VALUES(106783,33);
INSERT INTO "SCTMATERIALS_DATA2TAG" VALUES(106783,34);
INSERT INTO "SCTMATERIALS_DATA2TAG" VALUES(106783,35);
INSERT INTO "SCTMATERIALS_DATA2TAG" VALUES(106783,36);
INSERT INTO "SCTMATERIALS_DATA2TAG" VALUES(106783,37);
INSERT INTO "SCTMATERIALS_DATA2TAG" VALUES(106783,38);
INSERT INTO "SCTMATERIALS_DATA2TAG" VALUES(106783,39);
INSERT INTO "SCTMATERIALS_DATA2TAG" VALUES(106783,40);
INSERT INTO "SCTMATERIALS_DATA2TAG" VALUES(106783,41);
INSERT INTO "SCTMATERIALS_DATA2TAG" VALUES(106783,42);
INSERT INTO "SCTMATERIALS_DATA2TAG" VALUES(106783,43);
INSERT INTO "SCTMATERIALS_DATA2TAG" VALUES(106783,44);
INSERT INTO "SCTMATERIALS_DATA2TAG" VALUES(106783,45);
INSERT INTO "SCTMATERIALS_DATA2TAG" VALUES(106783,46);
INSERT INTO "SCTMATERIALS_DATA2TAG" VALUES(106783,47);
INSERT INTO "SCTMATERIALS_DATA2TAG" VALUES(106783,48);
INSERT INTO "SCTMATERIALS_DATA2TAG" VALUES(106783,49);
INSERT INTO "SCTMATERIALS_DATA2TAG" VALUES(106783,50);
INSERT INTO "SCTMATERIALS_DATA2TAG" VALUES(106783,51);
INSERT INTO "SCTMATERIALS_DATA2TAG" VALUES(106783,52);
INSERT INTO "SCTMATERIALS_DATA2TAG" VALUES(106783,53);
INSERT INTO "SCTMATERIALS_DATA2TAG" VALUES(106783,54);
INSERT INTO "SCTMATERIALS_DATA2TAG" VALUES(106783,55);
INSERT INTO "SCTMATERIALS_DATA2TAG" VALUES(106783,56);
INSERT INTO "SCTMATERIALS_DATA2TAG" VALUES(106783,57);
INSERT INTO "SCTMATERIALS_DATA2TAG" VALUES(106783,58);
INSERT INTO "SCTMATERIALS_DATA2TAG" VALUES(106783,59);
INSERT INTO "SCTMATERIALS_DATA2TAG" VALUES(106783,60);
INSERT INTO "SCTMATERIALS_DATA2TAG" VALUES(106783,61);
INSERT INTO "SCTMATERIALS_DATA2TAG" VALUES(106783,62);
INSERT INTO "SCTMATERIALS_DATA2TAG" VALUES(106783,63);
INSERT INTO "SCTMATERIALS_DATA2TAG" VALUES(106783,64);
INSERT INTO "SCTMATERIALS_DATA2TAG" VALUES(106783,65);
INSERT INTO "SCTMATERIALS_DATA2TAG" VALUES(106783,66);
INSERT INTO "SCTMATERIALS_DATA2TAG" VALUES(106783,67);
INSERT INTO "SCTMATERIALS_DATA2TAG" VALUES(106783,68);
INSERT INTO "SCTMATERIALS_DATA2TAG" VALUES(106783,69);
INSERT INTO "SCTMATERIALS_DATA2TAG" VALUES(106783,70);
INSERT INTO "SCTMATERIALS_DATA2TAG" VALUES(106783,71);
INSERT INTO "SCTMATERIALS_DATA2TAG" VALUES(107089,2);
INSERT INTO "SCTMATERIALS_DATA2TAG" VALUES(107089,5);
INSERT INTO "SCTMATERIALS_DATA2TAG" VALUES(107089,7);
INSERT INTO "SCTMATERIALS_DATA2TAG" VALUES(107089,8);
INSERT INTO "SCTMATERIALS_DATA2TAG" VALUES(107089,9);
INSERT INTO "SCTMATERIALS_DATA2TAG" VALUES(107089,10);
INSERT INTO "SCTMATERIALS_DATA2TAG" VALUES(107089,11);
INSERT INTO "SCTMATERIALS_DATA2TAG" VALUES(107089,12);
INSERT INTO "SCTMATERIALS_DATA2TAG" VALUES(107089,13);
INSERT INTO "SCTMATERIALS_DATA2TAG" VALUES(107089,14);
INSERT INTO "SCTMATERIALS_DATA2TAG" VALUES(107089,15);
INSERT INTO "SCTMATERIALS_DATA2TAG" VALUES(107089,16);
INSERT INTO "SCTMATERIALS_DATA2TAG" VALUES(107089,18);
INSERT INTO "SCTMATERIALS_DATA2TAG" VALUES(107089,19);
INSERT INTO "SCTMATERIALS_DATA2TAG" VALUES(107089,20);
INSERT INTO "SCTMATERIALS_DATA2TAG" VALUES(107089,22);
INSERT INTO "SCTMATERIALS_DATA2TAG" VALUES(107089,23);
INSERT INTO "SCTMATERIALS_DATA2TAG" VALUES(107089,24);
INSERT INTO "SCTMATERIALS_DATA2TAG" VALUES(107089,25);
INSERT INTO "SCTMATERIALS_DATA2TAG" VALUES(107089,26);
INSERT INTO "SCTMATERIALS_DATA2TAG" VALUES(107089,27);
INSERT INTO "SCTMATERIALS_DATA2TAG" VALUES(107089,28);
INSERT INTO "SCTMATERIALS_DATA2TAG" VALUES(107089,29);
INSERT INTO "SCTMATERIALS_DATA2TAG" VALUES(107089,30);
INSERT INTO "SCTMATERIALS_DATA2TAG" VALUES(107089,31);
INSERT INTO "SCTMATERIALS_DATA2TAG" VALUES(107089,32);
INSERT INTO "SCTMATERIALS_DATA2TAG" VALUES(107089,33);
INSERT INTO "SCTMATERIALS_DATA2TAG" VALUES(107089,34);
INSERT INTO "SCTMATERIALS_DATA2TAG" VALUES(107089,35);
INSERT INTO "SCTMATERIALS_DATA2TAG" VALUES(107089,36);
INSERT INTO "SCTMATERIALS_DATA2TAG" VALUES(107089,37);
INSERT INTO "SCTMATERIALS_DATA2TAG" VALUES(107089,38);
INSERT INTO "SCTMATERIALS_DATA2TAG" VALUES(107089,39);
INSERT INTO "SCTMATERIALS_DATA2TAG" VALUES(107089,40);
INSERT INTO "SCTMATERIALS_DATA2TAG" VALUES(107089,41);
INSERT INTO "SCTMATERIALS_DATA2TAG" VALUES(107089,42);
INSERT INTO "SCTMATERIALS_DATA2TAG" VALUES(107089,43);
INSERT INTO "SCTMATERIALS_DATA2TAG" VALUES(107089,44);
INSERT INTO "SCTMATERIALS_DATA2TAG" VALUES(107089,45);
INSERT INTO "SCTMATERIALS_DATA2TAG" VALUES(107089,46);
INSERT INTO "SCTMATERIALS_DATA2TAG" VALUES(107089,47);
INSERT INTO "SCTMATERIALS_DATA2TAG" VALUES(107089,48);
INSERT INTO "SCTMATERIALS_DATA2TAG" VALUES(107089,49);
INSERT INTO "SCTMATERIALS_DATA2TAG" VALUES(107089,50);
INSERT INTO "SCTMATERIALS_DATA2TAG" VALUES(107089,51);
INSERT INTO "SCTMATERIALS_DATA2TAG" VALUES(107089,52);
INSERT INTO "SCTMATERIALS_DATA2TAG" VALUES(107089,53);
INSERT INTO "SCTMATERIALS_DATA2TAG" VALUES(107089,54);
INSERT INTO "SCTMATERIALS_DATA2TAG" VALUES(107089,55);
INSERT INTO "SCTMATERIALS_DATA2TAG" VALUES(107089,56);
INSERT INTO "SCTMATERIALS_DATA2TAG" VALUES(107089,57);
INSERT INTO "SCTMATERIALS_DATA2TAG" VALUES(107089,58);
INSERT INTO "SCTMATERIALS_DATA2TAG" VALUES(107089,59);
INSERT INTO "SCTMATERIALS_DATA2TAG" VALUES(107089,60);
INSERT INTO "SCTMATERIALS_DATA2TAG" VALUES(107089,61);
INSERT INTO "SCTMATERIALS_DATA2TAG" VALUES(107089,62);
INSERT INTO "SCTMATERIALS_DATA2TAG" VALUES(107089,63);
INSERT INTO "SCTMATERIALS_DATA2TAG" VALUES(107089,64);
INSERT INTO "SCTMATERIALS_DATA2TAG" VALUES(107089,65);
INSERT INTO "SCTMATERIALS_DATA2TAG" VALUES(107089,66);
INSERT INTO "SCTMATERIALS_DATA2TAG" VALUES(107089,67);
INSERT INTO "SCTMATERIALS_DATA2TAG" VALUES(107089,68);
INSERT INTO "SCTMATERIALS_DATA2TAG" VALUES(107089,69);
INSERT INTO "SCTMATERIALS_DATA2TAG" VALUES(107089,70);
INSERT INTO "SCTMATERIALS_DATA2TAG" VALUES(107089,71);
INSERT INTO "SCTMATERIALS_DATA2TAG" VALUES(107089,72);
INSERT INTO "SCTMATERIALS_DATA2TAG" VALUES(107089,73);
INSERT INTO "SCTMATERIALS_DATA2TAG" VALUES(107130,2);
INSERT INTO "SCTMATERIALS_DATA2TAG" VALUES(107130,7);
INSERT INTO "SCTMATERIALS_DATA2TAG" VALUES(107130,9);
INSERT INTO "SCTMATERIALS_DATA2TAG" VALUES(107130,10);
INSERT INTO "SCTMATERIALS_DATA2TAG" VALUES(107130,11);
INSERT INTO "SCTMATERIALS_DATA2TAG" VALUES(107130,12);
INSERT INTO "SCTMATERIALS_DATA2TAG" VALUES(107130,13);
INSERT INTO "SCTMATERIALS_DATA2TAG" VALUES(107130,14);
INSERT INTO "SCTMATERIALS_DATA2TAG" VALUES(107130,15);
INSERT INTO "SCTMATERIALS_DATA2TAG" VALUES(107130,18);
INSERT INTO "SCTMATERIALS_DATA2TAG" VALUES(107130,19);
INSERT INTO "SCTMATERIALS_DATA2TAG" VALUES(107130,20);
INSERT INTO "SCTMATERIALS_DATA2TAG" VALUES(107130,22);
INSERT INTO "SCTMATERIALS_DATA2TAG" VALUES(107130,23);
INSERT INTO "SCTMATERIALS_DATA2TAG" VALUES(107130,24);
INSERT INTO "SCTMATERIALS_DATA2TAG" VALUES(107130,25);
INSERT INTO "SCTMATERIALS_DATA2TAG" VALUES(107130,26);
INSERT INTO "SCTMATERIALS_DATA2TAG" VALUES(107130,30);
INSERT INTO "SCTMATERIALS_DATA2TAG" VALUES(107130,31);
INSERT INTO "SCTMATERIALS_DATA2TAG" VALUES(107130,32);
INSERT INTO "SCTMATERIALS_DATA2TAG" VALUES(107130,33);
INSERT INTO "SCTMATERIALS_DATA2TAG" VALUES(107130,34);
INSERT INTO "SCTMATERIALS_DATA2TAG" VALUES(107130,35);
INSERT INTO "SCTMATERIALS_DATA2TAG" VALUES(107130,36);
INSERT INTO "SCTMATERIALS_DATA2TAG" VALUES(107130,37);
INSERT INTO "SCTMATERIALS_DATA2TAG" VALUES(107130,38);
INSERT INTO "SCTMATERIALS_DATA2TAG" VALUES(107130,39);
INSERT INTO "SCTMATERIALS_DATA2TAG" VALUES(107130,40);
INSERT INTO "SCTMATERIALS_DATA2TAG" VALUES(107130,41);
INSERT INTO "SCTMATERIALS_DATA2TAG" VALUES(107130,42);
INSERT INTO "SCTMATERIALS_DATA2TAG" VALUES(107130,43);
INSERT INTO "SCTMATERIALS_DATA2TAG" VALUES(107130,44);
INSERT INTO "SCTMATERIALS_DATA2TAG" VALUES(107130,45);
INSERT INTO "SCTMATERIALS_DATA2TAG" VALUES(107130,46);
INSERT INTO "SCTMATERIALS_DATA2TAG" VALUES(107130,47);
INSERT INTO "SCTMATERIALS_DATA2TAG" VALUES(107130,48);
INSERT INTO "SCTMATERIALS_DATA2TAG" VALUES(107130,49);
INSERT INTO "SCTMATERIALS_DATA2TAG" VALUES(107130,50);
INSERT INTO "SCTMATERIALS_DATA2TAG" VALUES(107130,51);
INSERT INTO "SCTMATERIALS_DATA2TAG" VALUES(107130,52);
INSERT INTO "SCTMATERIALS_DATA2TAG" VALUES(107130,53);
INSERT INTO "SCTMATERIALS_DATA2TAG" VALUES(107130,54);
INSERT INTO "SCTMATERIALS_DATA2TAG" VALUES(107130,55);
INSERT INTO "SCTMATERIALS_DATA2TAG" VALUES(107130,56);
INSERT INTO "SCTMATERIALS_DATA2TAG" VALUES(107130,57);
INSERT INTO "SCTMATERIALS_DATA2TAG" VALUES(107130,58);
INSERT INTO "SCTMATERIALS_DATA2TAG" VALUES(107130,59);
INSERT INTO "SCTMATERIALS_DATA2TAG" VALUES(107130,60);
INSERT INTO "SCTMATERIALS_DATA2TAG" VALUES(107130,61);
INSERT INTO "SCTMATERIALS_DATA2TAG" VALUES(107130,62);
INSERT INTO "SCTMATERIALS_DATA2TAG" VALUES(107130,63);
INSERT INTO "SCTMATERIALS_DATA2TAG" VALUES(107130,64);
INSERT INTO "SCTMATERIALS_DATA2TAG" VALUES(107130,65);
INSERT INTO "SCTMATERIALS_DATA2TAG" VALUES(107130,66);
INSERT INTO "SCTMATERIALS_DATA2TAG" VALUES(107130,67);
INSERT INTO "SCTMATERIALS_DATA2TAG" VALUES(107130,68);
INSERT INTO "SCTMATERIALS_DATA2TAG" VALUES(107130,69);
INSERT INTO "SCTMATERIALS_DATA2TAG" VALUES(107130,70);
INSERT INTO "SCTMATERIALS_DATA2TAG" VALUES(107130,71);
INSERT INTO "SCTMATERIALS_DATA2TAG" VALUES(107130,72);
INSERT INTO "SCTMATERIALS_DATA2TAG" VALUES(107130,73);
INSERT INTO "SCTMATERIALS_DATA2TAG" VALUES(107130,74);
INSERT INTO "SCTMATERIALS_DATA2TAG" VALUES(107130,75);
INSERT INTO "SCTMATERIALS_DATA2TAG" VALUES(107130,76);
INSERT INTO "SCTMATERIALS_DATA2TAG" VALUES(107130,77);
INSERT INTO "SCTMATERIALS_DATA2TAG" VALUES(107130,78);
INSERT INTO "SCTMATERIALS_DATA2TAG" VALUES(107130,79);
INSERT INTO "SCTMATERIALS_DATA2TAG" VALUES(107130,80);
INSERT INTO "SCTMATERIALS_DATA2TAG" VALUES(107130,93);
INSERT INTO "SCTMATERIALS_DATA2TAG" VALUES(107130,94);
INSERT INTO "SCTMATERIALS_DATA2TAG" VALUES(107130,95);
INSERT INTO "SCTMATERIALS_DATA2TAG" VALUES(107130,96);
INSERT INTO "SCTMATERIALS_DATA2TAG" VALUES(107130,97);
INSERT INTO "SCTMATERIALS_DATA2TAG" VALUES(107130,98);
INSERT INTO "SCTMATERIALS_DATA2TAG" VALUES(107130,99);
INSERT INTO "SCTMATERIALS_DATA2TAG" VALUES(107130,100);
INSERT INTO "SCTMATERIALS_DATA2TAG" VALUES(107130,101);
INSERT INTO "SCTMATERIALS_DATA2TAG" VALUES(107130,102);
INSERT INTO "SCTMATERIALS_DATA2TAG" VALUES(107130,103);
INSERT INTO "SCTMATERIALS_DATA2TAG" VALUES(107130,104);
INSERT INTO "SCTMATERIALS_DATA2TAG" VALUES(107130,105);
INSERT INTO "SCTMATERIALS_DATA2TAG" VALUES(107130,106);
INSERT INTO "SCTMATERIALS_DATA2TAG" VALUES(107130,107);
INSERT INTO "SCTMATERIALS_DATA2TAG" VALUES(107130,108);
INSERT INTO "SCTMATERIALS_DATA2TAG" VALUES(107130,109);
INSERT INTO "SCTMATERIALS_DATA2TAG" VALUES(107130,110);
INSERT INTO "SCTMATERIALS_DATA2TAG" VALUES(107130,111);
INSERT INTO "SCTMATERIALS_DATA2TAG" VALUES(107130,112);
INSERT INTO "SCTMATERIALS_DATA2TAG" VALUES(107130,113);
INSERT INTO "SCTMATERIALS_DATA2TAG" VALUES(107130,114);
INSERT INTO "SCTMATERIALS_DATA2TAG" VALUES(107130,115);
INSERT INTO "SCTMATERIALS_DATA2TAG" VALUES(107130,116);
INSERT INTO "SCTMATERIALS_DATA2TAG" VALUES(107130,117);
INSERT INTO "SCTMATERIALS_DATA2TAG" VALUES(107130,118);
INSERT INTO "SCTMATERIALS_DATA2TAG" VALUES(107130,119);
INSERT INTO "SCTMATERIALS_DATA2TAG" VALUES(107130,120);
INSERT INTO "SCTMATERIALS_DATA2TAG" VALUES(107130,122);
INSERT INTO "SCTMATERIALS_DATA2TAG" VALUES(107130,123);
INSERT INTO "SCTMATERIALS_DATA2TAG" VALUES(107130,124);
INSERT INTO "SCTMATERIALS_DATA2TAG" VALUES(107130,125);
INSERT INTO "SCTMATERIALS_DATA2TAG" VALUES(107130,127);
INSERT INTO "SCTMATERIALS_DATA2TAG" VALUES(107130,128);
INSERT INTO "SCTMATERIALS_DATA2TAG" VALUES(107130,129);
INSERT INTO "SCTMATERIALS_DATA2TAG" VALUES(107130,130);
INSERT INTO "SCTMATERIALS_DATA2TAG" VALUES(107130,131);
INSERT INTO "SCTMATERIALS_DATA2TAG" VALUES(107130,132);
INSERT INTO "SCTMATERIALS_DATA2TAG" VALUES(107130,133);
INSERT INTO "SCTMATERIALS_DATA2TAG" VALUES(107130,134);
INSERT INTO "SCTMATERIALS_DATA2TAG" VALUES(107130,135);
INSERT INTO "SCTMATERIALS_DATA2TAG" VALUES(107130,136);
INSERT INTO "SCTMATERIALS_DATA2TAG" VALUES(107130,137);
INSERT INTO "SCTMATERIALS_DATA2TAG" VALUES(107130,138);
INSERT INTO "SCTMATERIALS_DATA2TAG" VALUES(107130,139);
INSERT INTO "SCTMATERIALS_DATA2TAG" VALUES(107130,140);
INSERT INTO "SCTMATERIALS_DATA2TAG" VALUES(107130,141);
INSERT INTO "SCTMATERIALS_DATA2TAG" VALUES(107130,142);
INSERT INTO "SCTMATERIALS_DATA2TAG" VALUES(107130,143);
INSERT INTO "SCTMATERIALS_DATA2TAG" VALUES(107130,144);
INSERT INTO "SCTMATERIALS_DATA2TAG" VALUES(107130,145);
INSERT INTO "SCTMATERIALS_DATA2TAG" VALUES(107130,146);
INSERT INTO "SCTMATERIALS_DATA2TAG" VALUES(107130,147);
INSERT INTO "SCTMATERIALS_DATA2TAG" VALUES(107130,148);
INSERT INTO "SCTMATERIALS_DATA2TAG" VALUES(107130,149);
INSERT INTO "SCTMATERIALS_DATA2TAG" VALUES(107130,150);
INSERT INTO "SCTMATERIALS_DATA2TAG" VALUES(107130,151);
INSERT INTO "SCTMATERIALS_DATA2TAG" VALUES(107130,152);
INSERT INTO "SCTMATERIALS_DATA2TAG" VALUES(107130,153);
INSERT INTO "SCTMATERIALS_DATA2TAG" VALUES(107130,155);
INSERT INTO "SCTMATERIALS_DATA2TAG" VALUES(107130,156);
INSERT INTO "SCTMATERIALS_DATA2TAG" VALUES(107130,157);
INSERT INTO "SCTMATERIALS_DATA2TAG" VALUES(107130,158);
INSERT INTO "SCTMATERIALS_DATA2TAG" VALUES(107336,2);
INSERT INTO "SCTMATERIALS_DATA2TAG" VALUES(107336,7);
INSERT INTO "SCTMATERIALS_DATA2TAG" VALUES(107336,9);
INSERT INTO "SCTMATERIALS_DATA2TAG" VALUES(107336,10);
INSERT INTO "SCTMATERIALS_DATA2TAG" VALUES(107336,11);
INSERT INTO "SCTMATERIALS_DATA2TAG" VALUES(107336,12);
INSERT INTO "SCTMATERIALS_DATA2TAG" VALUES(107336,13);
INSERT INTO "SCTMATERIALS_DATA2TAG" VALUES(107336,14);
INSERT INTO "SCTMATERIALS_DATA2TAG" VALUES(107336,15);
INSERT INTO "SCTMATERIALS_DATA2TAG" VALUES(107336,18);
INSERT INTO "SCTMATERIALS_DATA2TAG" VALUES(107336,19);
INSERT INTO "SCTMATERIALS_DATA2TAG" VALUES(107336,20);
INSERT INTO "SCTMATERIALS_DATA2TAG" VALUES(107336,22);
INSERT INTO "SCTMATERIALS_DATA2TAG" VALUES(107336,23);
INSERT INTO "SCTMATERIALS_DATA2TAG" VALUES(107336,24);
INSERT INTO "SCTMATERIALS_DATA2TAG" VALUES(107336,25);
INSERT INTO "SCTMATERIALS_DATA2TAG" VALUES(107336,26);
INSERT INTO "SCTMATERIALS_DATA2TAG" VALUES(107336,30);
INSERT INTO "SCTMATERIALS_DATA2TAG" VALUES(107336,31);
INSERT INTO "SCTMATERIALS_DATA2TAG" VALUES(107336,32);
INSERT INTO "SCTMATERIALS_DATA2TAG" VALUES(107336,33);
INSERT INTO "SCTMATERIALS_DATA2TAG" VALUES(107336,34);
INSERT INTO "SCTMATERIALS_DATA2TAG" VALUES(107336,35);
INSERT INTO "SCTMATERIALS_DATA2TAG" VALUES(107336,36);
INSERT INTO "SCTMATERIALS_DATA2TAG" VALUES(107336,37);
INSERT INTO "SCTMATERIALS_DATA2TAG" VALUES(107336,38);
INSERT INTO "SCTMATERIALS_DATA2TAG" VALUES(107336,39);
INSERT INTO "SCTMATERIALS_DATA2TAG" VALUES(107336,40);
INSERT INTO "SCTMATERIALS_DATA2TAG" VALUES(107336,41);
INSERT INTO "SCTMATERIALS_DATA2TAG" VALUES(107336,42);
INSERT INTO "SCTMATERIALS_DATA2TAG" VALUES(107336,43);
INSERT INTO "SCTMATERIALS_DATA2TAG" VALUES(107336,44);
INSERT INTO "SCTMATERIALS_DATA2TAG" VALUES(107336,45);
INSERT INTO "SCTMATERIALS_DATA2TAG" VALUES(107336,46);
INSERT INTO "SCTMATERIALS_DATA2TAG" VALUES(107336,47);
INSERT INTO "SCTMATERIALS_DATA2TAG" VALUES(107336,48);
INSERT INTO "SCTMATERIALS_DATA2TAG" VALUES(107336,49);
INSERT INTO "SCTMATERIALS_DATA2TAG" VALUES(107336,50);
INSERT INTO "SCTMATERIALS_DATA2TAG" VALUES(107336,51);
INSERT INTO "SCTMATERIALS_DATA2TAG" VALUES(107336,52);
INSERT INTO "SCTMATERIALS_DATA2TAG" VALUES(107336,53);
INSERT INTO "SCTMATERIALS_DATA2TAG" VALUES(107336,54);
INSERT INTO "SCTMATERIALS_DATA2TAG" VALUES(107336,55);
INSERT INTO "SCTMATERIALS_DATA2TAG" VALUES(107336,56);
INSERT INTO "SCTMATERIALS_DATA2TAG" VALUES(107336,57);
INSERT INTO "SCTMATERIALS_DATA2TAG" VALUES(107336,58);
INSERT INTO "SCTMATERIALS_DATA2TAG" VALUES(107336,59);
INSERT INTO "SCTMATERIALS_DATA2TAG" VALUES(107336,60);
INSERT INTO "SCTMATERIALS_DATA2TAG" VALUES(107336,61);
INSERT INTO "SCTMATERIALS_DATA2TAG" VALUES(107336,62);
INSERT INTO "SCTMATERIALS_DATA2TAG" VALUES(107336,63);
INSERT INTO "SCTMATERIALS_DATA2TAG" VALUES(107336,64);
INSERT INTO "SCTMATERIALS_DATA2TAG" VALUES(107336,65);
INSERT INTO "SCTMATERIALS_DATA2TAG" VALUES(107336,66);
INSERT INTO "SCTMATERIALS_DATA2TAG" VALUES(107336,67);
INSERT INTO "SCTMATERIALS_DATA2TAG" VALUES(107336,68);
INSERT INTO "SCTMATERIALS_DATA2TAG" VALUES(107336,69);
INSERT INTO "SCTMATERIALS_DATA2TAG" VALUES(107336,70);
INSERT INTO "SCTMATERIALS_DATA2TAG" VALUES(107336,71);
INSERT INTO "SCTMATERIALS_DATA2TAG" VALUES(107336,72);
INSERT INTO "SCTMATERIALS_DATA2TAG" VALUES(107336,73);
INSERT INTO "SCTMATERIALS_DATA2TAG" VALUES(107336,74);
INSERT INTO "SCTMATERIALS_DATA2TAG" VALUES(107336,75);
INSERT INTO "SCTMATERIALS_DATA2TAG" VALUES(107336,76);
INSERT INTO "SCTMATERIALS_DATA2TAG" VALUES(107336,77);
INSERT INTO "SCTMATERIALS_DATA2TAG" VALUES(107336,78);
INSERT INTO "SCTMATERIALS_DATA2TAG" VALUES(107336,79);
INSERT INTO "SCTMATERIALS_DATA2TAG" VALUES(107336,80);
INSERT INTO "SCTMATERIALS_DATA2TAG" VALUES(107336,93);
INSERT INTO "SCTMATERIALS_DATA2TAG" VALUES(107336,94);
INSERT INTO "SCTMATERIALS_DATA2TAG" VALUES(107336,95);
INSERT INTO "SCTMATERIALS_DATA2TAG" VALUES(107336,96);
INSERT INTO "SCTMATERIALS_DATA2TAG" VALUES(107336,97);
INSERT INTO "SCTMATERIALS_DATA2TAG" VALUES(107336,98);
INSERT INTO "SCTMATERIALS_DATA2TAG" VALUES(107336,99);
INSERT INTO "SCTMATERIALS_DATA2TAG" VALUES(107336,100);
INSERT INTO "SCTMATERIALS_DATA2TAG" VALUES(107336,101);
INSERT INTO "SCTMATERIALS_DATA2TAG" VALUES(107336,102);
INSERT INTO "SCTMATERIALS_DATA2TAG" VALUES(107336,103);
INSERT INTO "SCTMATERIALS_DATA2TAG" VALUES(107336,104);
INSERT INTO "SCTMATERIALS_DATA2TAG" VALUES(107336,105);
INSERT INTO "SCTMATERIALS_DATA2TAG" VALUES(107336,106);
INSERT INTO "SCTMATERIALS_DATA2TAG" VALUES(107336,107);
INSERT INTO "SCTMATERIALS_DATA2TAG" VALUES(107336,108);
INSERT INTO "SCTMATERIALS_DATA2TAG" VALUES(107336,109);
INSERT INTO "SCTMATERIALS_DATA2TAG" VALUES(107336,110);
INSERT INTO "SCTMATERIALS_DATA2TAG" VALUES(107336,111);
INSERT INTO "SCTMATERIALS_DATA2TAG" VALUES(107336,112);
INSERT INTO "SCTMATERIALS_DATA2TAG" VALUES(107336,113);
INSERT INTO "SCTMATERIALS_DATA2TAG" VALUES(107336,114);
INSERT INTO "SCTMATERIALS_DATA2TAG" VALUES(107336,115);
INSERT INTO "SCTMATERIALS_DATA2TAG" VALUES(107336,116);
INSERT INTO "SCTMATERIALS_DATA2TAG" VALUES(107336,117);
INSERT INTO "SCTMATERIALS_DATA2TAG" VALUES(107336,118);
INSERT INTO "SCTMATERIALS_DATA2TAG" VALUES(107336,119);
INSERT INTO "SCTMATERIALS_DATA2TAG" VALUES(107336,120);
INSERT INTO "SCTMATERIALS_DATA2TAG" VALUES(107336,122);
INSERT INTO "SCTMATERIALS_DATA2TAG" VALUES(107336,123);
INSERT INTO "SCTMATERIALS_DATA2TAG" VALUES(107336,124);
INSERT INTO "SCTMATERIALS_DATA2TAG" VALUES(107336,125);
INSERT INTO "SCTMATERIALS_DATA2TAG" VALUES(107336,127);
INSERT INTO "SCTMATERIALS_DATA2TAG" VALUES(107336,128);
INSERT INTO "SCTMATERIALS_DATA2TAG" VALUES(107336,129);
INSERT INTO "SCTMATERIALS_DATA2TAG" VALUES(107336,130);
INSERT INTO "SCTMATERIALS_DATA2TAG" VALUES(107336,131);
INSERT INTO "SCTMATERIALS_DATA2TAG" VALUES(107336,132);
INSERT INTO "SCTMATERIALS_DATA2TAG" VALUES(107336,133);
INSERT INTO "SCTMATERIALS_DATA2TAG" VALUES(107336,134);
INSERT INTO "SCTMATERIALS_DATA2TAG" VALUES(107336,135);
INSERT INTO "SCTMATERIALS_DATA2TAG" VALUES(107336,136);
INSERT INTO "SCTMATERIALS_DATA2TAG" VALUES(107336,137);
INSERT INTO "SCTMATERIALS_DATA2TAG" VALUES(107336,138);
INSERT INTO "SCTMATERIALS_DATA2TAG" VALUES(107336,139);
INSERT INTO "SCTMATERIALS_DATA2TAG" VALUES(107336,140);
INSERT INTO "SCTMATERIALS_DATA2TAG" VALUES(107336,141);
INSERT INTO "SCTMATERIALS_DATA2TAG" VALUES(107336,142);
INSERT INTO "SCTMATERIALS_DATA2TAG" VALUES(107336,143);
INSERT INTO "SCTMATERIALS_DATA2TAG" VALUES(107336,144);
INSERT INTO "SCTMATERIALS_DATA2TAG" VALUES(107336,145);
INSERT INTO "SCTMATERIALS_DATA2TAG" VALUES(107336,146);
INSERT INTO "SCTMATERIALS_DATA2TAG" VALUES(107336,147);
INSERT INTO "SCTMATERIALS_DATA2TAG" VALUES(107336,148);
INSERT INTO "SCTMATERIALS_DATA2TAG" VALUES(107336,149);
INSERT INTO "SCTMATERIALS_DATA2TAG" VALUES(107336,150);
INSERT INTO "SCTMATERIALS_DATA2TAG" VALUES(107336,151);
INSERT INTO "SCTMATERIALS_DATA2TAG" VALUES(107336,152);
INSERT INTO "SCTMATERIALS_DATA2TAG" VALUES(107336,153);
INSERT INTO "SCTMATERIALS_DATA2TAG" VALUES(107336,155);
INSERT INTO "SCTMATERIALS_DATA2TAG" VALUES(107336,156);
INSERT INTO "SCTMATERIALS_DATA2TAG" VALUES(107336,157);
INSERT INTO "SCTMATERIALS_DATA2TAG" VALUES(107336,158);
INSERT INTO "SCTMATERIALS_DATA2TAG" VALUES(107336,159);
INSERT INTO "SCTMATERIALS_DATA2TAG" VALUES(107336,160);
INSERT INTO "SCTMATERIALS_DATA2TAG" VALUES(107336,161);
INSERT INTO "SCTMATERIALS_DATA2TAG" VALUES(107336,162);
INSERT INTO "SCTMATERIALS_DATA2TAG" VALUES(107336,163);
INSERT INTO "SCTMATERIALS_DATA2TAG" VALUES(107336,164);
INSERT INTO "SCTMATERIALS_DATA2TAG" VALUES(107336,165);
INSERT INTO "SCTMATERIALS_DATA2TAG" VALUES(107336,166);
INSERT INTO "SCTMATERIALS_DATA2TAG" VALUES(107336,167);
INSERT INTO "SCTMATERIALS_DATA2TAG" VALUES(107336,168);
INSERT INTO "SCTMATERIALS_DATA2TAG" VALUES(107336,169);
INSERT INTO "SCTMATERIALS_DATA2TAG" VALUES(107336,170);
INSERT INTO "SCTMATERIALS_DATA2TAG" VALUES(107336,171);
INSERT INTO "SCTMATERIALS_DATA2TAG" VALUES(107336,172);
INSERT INTO "SCTMATERIALS_DATA2TAG" VALUES(107336,173);
INSERT INTO "SCTMATERIALS_DATA2TAG" VALUES(107336,174);
INSERT INTO "SCTMATERIALS_DATA2TAG" VALUES(107336,175);
INSERT INTO "SCTMATERIALS_DATA2TAG" VALUES(107336,176);
INSERT INTO "SCTMATERIALS_DATA2TAG" VALUES(107336,177);
INSERT INTO "SCTMATERIALS_DATA2TAG" VALUES(107336,178);
INSERT INTO "SCTMATERIALS_DATA2TAG" VALUES(107336,179);
INSERT INTO "SCTMATERIALS_DATA2TAG" VALUES(107336,180);
INSERT INTO "SCTMATERIALS_DATA2TAG" VALUES(107336,181);
INSERT INTO "SCTMATERIALS_DATA2TAG" VALUES(107336,182);
INSERT INTO "SCTMATERIALS_DATA2TAG" VALUES(107461,2);
INSERT INTO "SCTMATERIALS_DATA2TAG" VALUES(107461,7);
INSERT INTO "SCTMATERIALS_DATA2TAG" VALUES(107461,9);
INSERT INTO "SCTMATERIALS_DATA2TAG" VALUES(107461,10);
INSERT INTO "SCTMATERIALS_DATA2TAG" VALUES(107461,11);
INSERT INTO "SCTMATERIALS_DATA2TAG" VALUES(107461,12);
INSERT INTO "SCTMATERIALS_DATA2TAG" VALUES(107461,13);
INSERT INTO "SCTMATERIALS_DATA2TAG" VALUES(107461,14);
INSERT INTO "SCTMATERIALS_DATA2TAG" VALUES(107461,15);
INSERT INTO "SCTMATERIALS_DATA2TAG" VALUES(107461,18);
INSERT INTO "SCTMATERIALS_DATA2TAG" VALUES(107461,19);
INSERT INTO "SCTMATERIALS_DATA2TAG" VALUES(107461,20);
INSERT INTO "SCTMATERIALS_DATA2TAG" VALUES(107461,22);
INSERT INTO "SCTMATERIALS_DATA2TAG" VALUES(107461,23);
INSERT INTO "SCTMATERIALS_DATA2TAG" VALUES(107461,24);
INSERT INTO "SCTMATERIALS_DATA2TAG" VALUES(107461,25);
INSERT INTO "SCTMATERIALS_DATA2TAG" VALUES(107461,26);
INSERT INTO "SCTMATERIALS_DATA2TAG" VALUES(107461,30);
INSERT INTO "SCTMATERIALS_DATA2TAG" VALUES(107461,31);
INSERT INTO "SCTMATERIALS_DATA2TAG" VALUES(107461,32);
INSERT INTO "SCTMATERIALS_DATA2TAG" VALUES(107461,33);
INSERT INTO "SCTMATERIALS_DATA2TAG" VALUES(107461,34);
INSERT INTO "SCTMATERIALS_DATA2TAG" VALUES(107461,35);
INSERT INTO "SCTMATERIALS_DATA2TAG" VALUES(107461,36);
INSERT INTO "SCTMATERIALS_DATA2TAG" VALUES(107461,37);
INSERT INTO "SCTMATERIALS_DATA2TAG" VALUES(107461,38);
INSERT INTO "SCTMATERIALS_DATA2TAG" VALUES(107461,39);
INSERT INTO "SCTMATERIALS_DATA2TAG" VALUES(107461,40);
INSERT INTO "SCTMATERIALS_DATA2TAG" VALUES(107461,41);
INSERT INTO "SCTMATERIALS_DATA2TAG" VALUES(107461,42);
INSERT INTO "SCTMATERIALS_DATA2TAG" VALUES(107461,43);
INSERT INTO "SCTMATERIALS_DATA2TAG" VALUES(107461,44);
INSERT INTO "SCTMATERIALS_DATA2TAG" VALUES(107461,45);
INSERT INTO "SCTMATERIALS_DATA2TAG" VALUES(107461,46);
INSERT INTO "SCTMATERIALS_DATA2TAG" VALUES(107461,47);
INSERT INTO "SCTMATERIALS_DATA2TAG" VALUES(107461,48);
INSERT INTO "SCTMATERIALS_DATA2TAG" VALUES(107461,49);
INSERT INTO "SCTMATERIALS_DATA2TAG" VALUES(107461,50);
INSERT INTO "SCTMATERIALS_DATA2TAG" VALUES(107461,51);
INSERT INTO "SCTMATERIALS_DATA2TAG" VALUES(107461,52);
INSERT INTO "SCTMATERIALS_DATA2TAG" VALUES(107461,53);
INSERT INTO "SCTMATERIALS_DATA2TAG" VALUES(107461,54);
INSERT INTO "SCTMATERIALS_DATA2TAG" VALUES(107461,55);
INSERT INTO "SCTMATERIALS_DATA2TAG" VALUES(107461,56);
INSERT INTO "SCTMATERIALS_DATA2TAG" VALUES(107461,57);
INSERT INTO "SCTMATERIALS_DATA2TAG" VALUES(107461,58);
INSERT INTO "SCTMATERIALS_DATA2TAG" VALUES(107461,59);
INSERT INTO "SCTMATERIALS_DATA2TAG" VALUES(107461,60);
INSERT INTO "SCTMATERIALS_DATA2TAG" VALUES(107461,61);
INSERT INTO "SCTMATERIALS_DATA2TAG" VALUES(107461,62);
INSERT INTO "SCTMATERIALS_DATA2TAG" VALUES(107461,63);
INSERT INTO "SCTMATERIALS_DATA2TAG" VALUES(107461,64);
INSERT INTO "SCTMATERIALS_DATA2TAG" VALUES(107461,65);
INSERT INTO "SCTMATERIALS_DATA2TAG" VALUES(107461,66);
INSERT INTO "SCTMATERIALS_DATA2TAG" VALUES(107461,67);
INSERT INTO "SCTMATERIALS_DATA2TAG" VALUES(107461,68);
INSERT INTO "SCTMATERIALS_DATA2TAG" VALUES(107461,69);
INSERT INTO "SCTMATERIALS_DATA2TAG" VALUES(107461,70);
INSERT INTO "SCTMATERIALS_DATA2TAG" VALUES(107461,71);
INSERT INTO "SCTMATERIALS_DATA2TAG" VALUES(107461,72);
INSERT INTO "SCTMATERIALS_DATA2TAG" VALUES(107461,73);
INSERT INTO "SCTMATERIALS_DATA2TAG" VALUES(107461,74);
INSERT INTO "SCTMATERIALS_DATA2TAG" VALUES(107461,75);
INSERT INTO "SCTMATERIALS_DATA2TAG" VALUES(107461,76);
INSERT INTO "SCTMATERIALS_DATA2TAG" VALUES(107461,77);
INSERT INTO "SCTMATERIALS_DATA2TAG" VALUES(107461,78);
INSERT INTO "SCTMATERIALS_DATA2TAG" VALUES(107461,79);
INSERT INTO "SCTMATERIALS_DATA2TAG" VALUES(107461,80);
INSERT INTO "SCTMATERIALS_DATA2TAG" VALUES(107461,93);
INSERT INTO "SCTMATERIALS_DATA2TAG" VALUES(107461,94);
INSERT INTO "SCTMATERIALS_DATA2TAG" VALUES(107461,95);
INSERT INTO "SCTMATERIALS_DATA2TAG" VALUES(107461,96);
INSERT INTO "SCTMATERIALS_DATA2TAG" VALUES(107461,97);
INSERT INTO "SCTMATERIALS_DATA2TAG" VALUES(107461,98);
INSERT INTO "SCTMATERIALS_DATA2TAG" VALUES(107461,99);
INSERT INTO "SCTMATERIALS_DATA2TAG" VALUES(107461,100);
INSERT INTO "SCTMATERIALS_DATA2TAG" VALUES(107461,101);
INSERT INTO "SCTMATERIALS_DATA2TAG" VALUES(107461,102);
INSERT INTO "SCTMATERIALS_DATA2TAG" VALUES(107461,103);
INSERT INTO "SCTMATERIALS_DATA2TAG" VALUES(107461,104);
INSERT INTO "SCTMATERIALS_DATA2TAG" VALUES(107461,105);
INSERT INTO "SCTMATERIALS_DATA2TAG" VALUES(107461,106);
INSERT INTO "SCTMATERIALS_DATA2TAG" VALUES(107461,107);
INSERT INTO "SCTMATERIALS_DATA2TAG" VALUES(107461,108);
INSERT INTO "SCTMATERIALS_DATA2TAG" VALUES(107461,109);
INSERT INTO "SCTMATERIALS_DATA2TAG" VALUES(107461,110);
INSERT INTO "SCTMATERIALS_DATA2TAG" VALUES(107461,111);
INSERT INTO "SCTMATERIALS_DATA2TAG" VALUES(107461,112);
INSERT INTO "SCTMATERIALS_DATA2TAG" VALUES(107461,113);
INSERT INTO "SCTMATERIALS_DATA2TAG" VALUES(107461,114);
INSERT INTO "SCTMATERIALS_DATA2TAG" VALUES(107461,115);
INSERT INTO "SCTMATERIALS_DATA2TAG" VALUES(107461,116);
INSERT INTO "SCTMATERIALS_DATA2TAG" VALUES(107461,117);
INSERT INTO "SCTMATERIALS_DATA2TAG" VALUES(107461,118);
INSERT INTO "SCTMATERIALS_DATA2TAG" VALUES(107461,119);
INSERT INTO "SCTMATERIALS_DATA2TAG" VALUES(107461,120);
INSERT INTO "SCTMATERIALS_DATA2TAG" VALUES(107461,122);
INSERT INTO "SCTMATERIALS_DATA2TAG" VALUES(107461,123);
INSERT INTO "SCTMATERIALS_DATA2TAG" VALUES(107461,124);
INSERT INTO "SCTMATERIALS_DATA2TAG" VALUES(107461,125);
INSERT INTO "SCTMATERIALS_DATA2TAG" VALUES(107461,127);
INSERT INTO "SCTMATERIALS_DATA2TAG" VALUES(107461,128);
INSERT INTO "SCTMATERIALS_DATA2TAG" VALUES(107461,129);
INSERT INTO "SCTMATERIALS_DATA2TAG" VALUES(107461,130);
INSERT INTO "SCTMATERIALS_DATA2TAG" VALUES(107461,131);
INSERT INTO "SCTMATERIALS_DATA2TAG" VALUES(107461,132);
INSERT INTO "SCTMATERIALS_DATA2TAG" VALUES(107461,133);
INSERT INTO "SCTMATERIALS_DATA2TAG" VALUES(107461,134);
INSERT INTO "SCTMATERIALS_DATA2TAG" VALUES(107461,135);
INSERT INTO "SCTMATERIALS_DATA2TAG" VALUES(107461,136);
INSERT INTO "SCTMATERIALS_DATA2TAG" VALUES(107461,137);
INSERT INTO "SCTMATERIALS_DATA2TAG" VALUES(107461,138);
INSERT INTO "SCTMATERIALS_DATA2TAG" VALUES(107461,139);
INSERT INTO "SCTMATERIALS_DATA2TAG" VALUES(107461,140);
INSERT INTO "SCTMATERIALS_DATA2TAG" VALUES(107461,141);
INSERT INTO "SCTMATERIALS_DATA2TAG" VALUES(107461,142);
INSERT INTO "SCTMATERIALS_DATA2TAG" VALUES(107461,143);
INSERT INTO "SCTMATERIALS_DATA2TAG" VALUES(107461,144);
INSERT INTO "SCTMATERIALS_DATA2TAG" VALUES(107461,145);
INSERT INTO "SCTMATERIALS_DATA2TAG" VALUES(107461,146);
INSERT INTO "SCTMATERIALS_DATA2TAG" VALUES(107461,147);
INSERT INTO "SCTMATERIALS_DATA2TAG" VALUES(107461,148);
INSERT INTO "SCTMATERIALS_DATA2TAG" VALUES(107461,149);
INSERT INTO "SCTMATERIALS_DATA2TAG" VALUES(107461,150);
INSERT INTO "SCTMATERIALS_DATA2TAG" VALUES(107461,151);
INSERT INTO "SCTMATERIALS_DATA2TAG" VALUES(107461,152);
INSERT INTO "SCTMATERIALS_DATA2TAG" VALUES(107461,153);
INSERT INTO "SCTMATERIALS_DATA2TAG" VALUES(107461,155);
INSERT INTO "SCTMATERIALS_DATA2TAG" VALUES(107461,156);
INSERT INTO "SCTMATERIALS_DATA2TAG" VALUES(107461,157);
INSERT INTO "SCTMATERIALS_DATA2TAG" VALUES(107461,158);
INSERT INTO "SCTMATERIALS_DATA2TAG" VALUES(107461,159);
INSERT INTO "SCTMATERIALS_DATA2TAG" VALUES(107461,160);
INSERT INTO "SCTMATERIALS_DATA2TAG" VALUES(107461,161);
INSERT INTO "SCTMATERIALS_DATA2TAG" VALUES(107461,162);
INSERT INTO "SCTMATERIALS_DATA2TAG" VALUES(107461,163);
INSERT INTO "SCTMATERIALS_DATA2TAG" VALUES(107461,164);
INSERT INTO "SCTMATERIALS_DATA2TAG" VALUES(107461,165);
INSERT INTO "SCTMATERIALS_DATA2TAG" VALUES(107461,166);
INSERT INTO "SCTMATERIALS_DATA2TAG" VALUES(107461,167);
INSERT INTO "SCTMATERIALS_DATA2TAG" VALUES(107461,168);
INSERT INTO "SCTMATERIALS_DATA2TAG" VALUES(107461,169);
INSERT INTO "SCTMATERIALS_DATA2TAG" VALUES(107461,170);
INSERT INTO "SCTMATERIALS_DATA2TAG" VALUES(107461,171);
INSERT INTO "SCTMATERIALS_DATA2TAG" VALUES(107461,172);
INSERT INTO "SCTMATERIALS_DATA2TAG" VALUES(107461,173);
INSERT INTO "SCTMATERIALS_DATA2TAG" VALUES(107461,174);
INSERT INTO "SCTMATERIALS_DATA2TAG" VALUES(107461,175);
INSERT INTO "SCTMATERIALS_DATA2TAG" VALUES(107461,176);
INSERT INTO "SCTMATERIALS_DATA2TAG" VALUES(107461,177);
INSERT INTO "SCTMATERIALS_DATA2TAG" VALUES(107461,178);
INSERT INTO "SCTMATERIALS_DATA2TAG" VALUES(107461,179);
INSERT INTO "SCTMATERIALS_DATA2TAG" VALUES(107461,180);
INSERT INTO "SCTMATERIALS_DATA2TAG" VALUES(107461,181);
INSERT INTO "SCTMATERIALS_DATA2TAG" VALUES(107461,182);
INSERT INTO "SCTMATERIALS_DATA2TAG" VALUES(107461,183);
INSERT INTO "SCTMATERIALS_DATA2TAG" VALUES(107777,2);
INSERT INTO "SCTMATERIALS_DATA2TAG" VALUES(107777,7);
INSERT INTO "SCTMATERIALS_DATA2TAG" VALUES(107777,9);
INSERT INTO "SCTMATERIALS_DATA2TAG" VALUES(107777,10);
INSERT INTO "SCTMATERIALS_DATA2TAG" VALUES(107777,11);
INSERT INTO "SCTMATERIALS_DATA2TAG" VALUES(107777,12);
INSERT INTO "SCTMATERIALS_DATA2TAG" VALUES(107777,13);
INSERT INTO "SCTMATERIALS_DATA2TAG" VALUES(107777,14);
INSERT INTO "SCTMATERIALS_DATA2TAG" VALUES(107777,15);
INSERT INTO "SCTMATERIALS_DATA2TAG" VALUES(107777,18);
INSERT INTO "SCTMATERIALS_DATA2TAG" VALUES(107777,19);
INSERT INTO "SCTMATERIALS_DATA2TAG" VALUES(107777,20);
INSERT INTO "SCTMATERIALS_DATA2TAG" VALUES(107777,22);
INSERT INTO "SCTMATERIALS_DATA2TAG" VALUES(107777,23);
INSERT INTO "SCTMATERIALS_DATA2TAG" VALUES(107777,24);
INSERT INTO "SCTMATERIALS_DATA2TAG" VALUES(107777,25);
INSERT INTO "SCTMATERIALS_DATA2TAG" VALUES(107777,26);
INSERT INTO "SCTMATERIALS_DATA2TAG" VALUES(107777,30);
INSERT INTO "SCTMATERIALS_DATA2TAG" VALUES(107777,31);
INSERT INTO "SCTMATERIALS_DATA2TAG" VALUES(107777,32);
INSERT INTO "SCTMATERIALS_DATA2TAG" VALUES(107777,33);
INSERT INTO "SCTMATERIALS_DATA2TAG" VALUES(107777,34);
INSERT INTO "SCTMATERIALS_DATA2TAG" VALUES(107777,35);
INSERT INTO "SCTMATERIALS_DATA2TAG" VALUES(107777,36);
INSERT INTO "SCTMATERIALS_DATA2TAG" VALUES(107777,37);
INSERT INTO "SCTMATERIALS_DATA2TAG" VALUES(107777,38);
INSERT INTO "SCTMATERIALS_DATA2TAG" VALUES(107777,39);
INSERT INTO "SCTMATERIALS_DATA2TAG" VALUES(107777,40);
INSERT INTO "SCTMATERIALS_DATA2TAG" VALUES(107777,41);
INSERT INTO "SCTMATERIALS_DATA2TAG" VALUES(107777,42);
INSERT INTO "SCTMATERIALS_DATA2TAG" VALUES(107777,43);
INSERT INTO "SCTMATERIALS_DATA2TAG" VALUES(107777,44);
INSERT INTO "SCTMATERIALS_DATA2TAG" VALUES(107777,45);
INSERT INTO "SCTMATERIALS_DATA2TAG" VALUES(107777,46);
INSERT INTO "SCTMATERIALS_DATA2TAG" VALUES(107777,47);
INSERT INTO "SCTMATERIALS_DATA2TAG" VALUES(107777,48);
INSERT INTO "SCTMATERIALS_DATA2TAG" VALUES(107777,49);
INSERT INTO "SCTMATERIALS_DATA2TAG" VALUES(107777,50);
INSERT INTO "SCTMATERIALS_DATA2TAG" VALUES(107777,51);
INSERT INTO "SCTMATERIALS_DATA2TAG" VALUES(107777,52);
INSERT INTO "SCTMATERIALS_DATA2TAG" VALUES(107777,53);
INSERT INTO "SCTMATERIALS_DATA2TAG" VALUES(107777,54);
INSERT INTO "SCTMATERIALS_DATA2TAG" VALUES(107777,55);
INSERT INTO "SCTMATERIALS_DATA2TAG" VALUES(107777,56);
INSERT INTO "SCTMATERIALS_DATA2TAG" VALUES(107777,57);
INSERT INTO "SCTMATERIALS_DATA2TAG" VALUES(107777,58);
INSERT INTO "SCTMATERIALS_DATA2TAG" VALUES(107777,59);
INSERT INTO "SCTMATERIALS_DATA2TAG" VALUES(107777,60);
INSERT INTO "SCTMATERIALS_DATA2TAG" VALUES(107777,61);
INSERT INTO "SCTMATERIALS_DATA2TAG" VALUES(107777,62);
INSERT INTO "SCTMATERIALS_DATA2TAG" VALUES(107777,63);
INSERT INTO "SCTMATERIALS_DATA2TAG" VALUES(107777,64);
INSERT INTO "SCTMATERIALS_DATA2TAG" VALUES(107777,65);
INSERT INTO "SCTMATERIALS_DATA2TAG" VALUES(107777,66);
INSERT INTO "SCTMATERIALS_DATA2TAG" VALUES(107777,67);
INSERT INTO "SCTMATERIALS_DATA2TAG" VALUES(107777,68);
INSERT INTO "SCTMATERIALS_DATA2TAG" VALUES(107777,69);
INSERT INTO "SCTMATERIALS_DATA2TAG" VALUES(107777,70);
INSERT INTO "SCTMATERIALS_DATA2TAG" VALUES(107777,71);
INSERT INTO "SCTMATERIALS_DATA2TAG" VALUES(107777,72);
INSERT INTO "SCTMATERIALS_DATA2TAG" VALUES(107777,73);
INSERT INTO "SCTMATERIALS_DATA2TAG" VALUES(107777,74);
INSERT INTO "SCTMATERIALS_DATA2TAG" VALUES(107777,75);
INSERT INTO "SCTMATERIALS_DATA2TAG" VALUES(107777,76);
INSERT INTO "SCTMATERIALS_DATA2TAG" VALUES(107777,77);
INSERT INTO "SCTMATERIALS_DATA2TAG" VALUES(107777,78);
INSERT INTO "SCTMATERIALS_DATA2TAG" VALUES(107777,79);
INSERT INTO "SCTMATERIALS_DATA2TAG" VALUES(107777,80);
INSERT INTO "SCTMATERIALS_DATA2TAG" VALUES(107777,93);
INSERT INTO "SCTMATERIALS_DATA2TAG" VALUES(107777,94);
INSERT INTO "SCTMATERIALS_DATA2TAG" VALUES(107777,95);
INSERT INTO "SCTMATERIALS_DATA2TAG" VALUES(107777,96);
INSERT INTO "SCTMATERIALS_DATA2TAG" VALUES(107777,97);
INSERT INTO "SCTMATERIALS_DATA2TAG" VALUES(107777,98);
INSERT INTO "SCTMATERIALS_DATA2TAG" VALUES(107777,99);
INSERT INTO "SCTMATERIALS_DATA2TAG" VALUES(107777,100);
INSERT INTO "SCTMATERIALS_DATA2TAG" VALUES(107777,101);
INSERT INTO "SCTMATERIALS_DATA2TAG" VALUES(107777,102);
INSERT INTO "SCTMATERIALS_DATA2TAG" VALUES(107777,103);
INSERT INTO "SCTMATERIALS_DATA2TAG" VALUES(107777,104);
INSERT INTO "SCTMATERIALS_DATA2TAG" VALUES(107777,105);
INSERT INTO "SCTMATERIALS_DATA2TAG" VALUES(107777,106);
INSERT INTO "SCTMATERIALS_DATA2TAG" VALUES(107777,107);
INSERT INTO "SCTMATERIALS_DATA2TAG" VALUES(107777,108);
INSERT INTO "SCTMATERIALS_DATA2TAG" VALUES(107777,109);
INSERT INTO "SCTMATERIALS_DATA2TAG" VALUES(107777,110);
INSERT INTO "SCTMATERIALS_DATA2TAG" VALUES(107777,111);
INSERT INTO "SCTMATERIALS_DATA2TAG" VALUES(107777,112);
INSERT INTO "SCTMATERIALS_DATA2TAG" VALUES(107777,113);
INSERT INTO "SCTMATERIALS_DATA2TAG" VALUES(107777,114);
INSERT INTO "SCTMATERIALS_DATA2TAG" VALUES(107777,115);
INSERT INTO "SCTMATERIALS_DATA2TAG" VALUES(107777,116);
INSERT INTO "SCTMATERIALS_DATA2TAG" VALUES(107777,117);
INSERT INTO "SCTMATERIALS_DATA2TAG" VALUES(107777,118);
INSERT INTO "SCTMATERIALS_DATA2TAG" VALUES(107777,119);
INSERT INTO "SCTMATERIALS_DATA2TAG" VALUES(107777,120);
INSERT INTO "SCTMATERIALS_DATA2TAG" VALUES(107777,122);
INSERT INTO "SCTMATERIALS_DATA2TAG" VALUES(107777,123);
INSERT INTO "SCTMATERIALS_DATA2TAG" VALUES(107777,124);
INSERT INTO "SCTMATERIALS_DATA2TAG" VALUES(107777,125);
INSERT INTO "SCTMATERIALS_DATA2TAG" VALUES(107777,127);
INSERT INTO "SCTMATERIALS_DATA2TAG" VALUES(107777,128);
INSERT INTO "SCTMATERIALS_DATA2TAG" VALUES(107777,129);
INSERT INTO "SCTMATERIALS_DATA2TAG" VALUES(107777,130);
INSERT INTO "SCTMATERIALS_DATA2TAG" VALUES(107777,131);
INSERT INTO "SCTMATERIALS_DATA2TAG" VALUES(107777,132);
INSERT INTO "SCTMATERIALS_DATA2TAG" VALUES(107777,133);
INSERT INTO "SCTMATERIALS_DATA2TAG" VALUES(107777,134);
INSERT INTO "SCTMATERIALS_DATA2TAG" VALUES(107777,135);
INSERT INTO "SCTMATERIALS_DATA2TAG" VALUES(107777,136);
INSERT INTO "SCTMATERIALS_DATA2TAG" VALUES(107777,137);
INSERT INTO "SCTMATERIALS_DATA2TAG" VALUES(107777,138);
INSERT INTO "SCTMATERIALS_DATA2TAG" VALUES(107777,139);
INSERT INTO "SCTMATERIALS_DATA2TAG" VALUES(107777,140);
INSERT INTO "SCTMATERIALS_DATA2TAG" VALUES(107777,141);
INSERT INTO "SCTMATERIALS_DATA2TAG" VALUES(107777,142);
INSERT INTO "SCTMATERIALS_DATA2TAG" VALUES(107777,143);
INSERT INTO "SCTMATERIALS_DATA2TAG" VALUES(107777,144);
INSERT INTO "SCTMATERIALS_DATA2TAG" VALUES(107777,145);
INSERT INTO "SCTMATERIALS_DATA2TAG" VALUES(107777,146);
INSERT INTO "SCTMATERIALS_DATA2TAG" VALUES(107777,147);
INSERT INTO "SCTMATERIALS_DATA2TAG" VALUES(107777,148);
INSERT INTO "SCTMATERIALS_DATA2TAG" VALUES(107777,149);
INSERT INTO "SCTMATERIALS_DATA2TAG" VALUES(107777,150);
INSERT INTO "SCTMATERIALS_DATA2TAG" VALUES(107777,151);
INSERT INTO "SCTMATERIALS_DATA2TAG" VALUES(107777,152);
INSERT INTO "SCTMATERIALS_DATA2TAG" VALUES(107777,153);
INSERT INTO "SCTMATERIALS_DATA2TAG" VALUES(107777,155);
INSERT INTO "SCTMATERIALS_DATA2TAG" VALUES(107777,156);
INSERT INTO "SCTMATERIALS_DATA2TAG" VALUES(107777,157);
INSERT INTO "SCTMATERIALS_DATA2TAG" VALUES(107777,158);
INSERT INTO "SCTMATERIALS_DATA2TAG" VALUES(107777,159);
INSERT INTO "SCTMATERIALS_DATA2TAG" VALUES(107777,160);
INSERT INTO "SCTMATERIALS_DATA2TAG" VALUES(107777,161);
INSERT INTO "SCTMATERIALS_DATA2TAG" VALUES(107777,162);
INSERT INTO "SCTMATERIALS_DATA2TAG" VALUES(107777,163);
INSERT INTO "SCTMATERIALS_DATA2TAG" VALUES(107777,164);
INSERT INTO "SCTMATERIALS_DATA2TAG" VALUES(107777,165);
INSERT INTO "SCTMATERIALS_DATA2TAG" VALUES(107777,166);
INSERT INTO "SCTMATERIALS_DATA2TAG" VALUES(107777,167);
INSERT INTO "SCTMATERIALS_DATA2TAG" VALUES(107777,168);
INSERT INTO "SCTMATERIALS_DATA2TAG" VALUES(107777,169);
INSERT INTO "SCTMATERIALS_DATA2TAG" VALUES(107777,170);
INSERT INTO "SCTMATERIALS_DATA2TAG" VALUES(107777,171);
INSERT INTO "SCTMATERIALS_DATA2TAG" VALUES(107777,172);
INSERT INTO "SCTMATERIALS_DATA2TAG" VALUES(107777,173);
INSERT INTO "SCTMATERIALS_DATA2TAG" VALUES(107777,174);
INSERT INTO "SCTMATERIALS_DATA2TAG" VALUES(107777,175);
INSERT INTO "SCTMATERIALS_DATA2TAG" VALUES(107777,176);
INSERT INTO "SCTMATERIALS_DATA2TAG" VALUES(107777,177);
INSERT INTO "SCTMATERIALS_DATA2TAG" VALUES(107777,178);
INSERT INTO "SCTMATERIALS_DATA2TAG" VALUES(107777,179);
INSERT INTO "SCTMATERIALS_DATA2TAG" VALUES(107777,180);
INSERT INTO "SCTMATERIALS_DATA2TAG" VALUES(107777,181);
INSERT INTO "SCTMATERIALS_DATA2TAG" VALUES(107777,182);
INSERT INTO "SCTMATERIALS_DATA2TAG" VALUES(107777,183);
INSERT INTO "SCTMATERIALS_DATA2TAG" VALUES(107777,184);
INSERT INTO "SCTMATERIALS_DATA2TAG" VALUES(107777,185);
INSERT INTO "SCTMATERIALS_DATA2TAG" VALUES(107777,186);
INSERT INTO "SCTMATERIALS_DATA2TAG" VALUES(107777,187);
INSERT INTO "SCTMATERIALS_DATA2TAG" VALUES(108570,2);
INSERT INTO "SCTMATERIALS_DATA2TAG" VALUES(108570,7);
INSERT INTO "SCTMATERIALS_DATA2TAG" VALUES(108570,9);
INSERT INTO "SCTMATERIALS_DATA2TAG" VALUES(108570,12);
INSERT INTO "SCTMATERIALS_DATA2TAG" VALUES(108570,18);
INSERT INTO "SCTMATERIALS_DATA2TAG" VALUES(108570,22);
INSERT INTO "SCTMATERIALS_DATA2TAG" VALUES(108570,23);
INSERT INTO "SCTMATERIALS_DATA2TAG" VALUES(108570,24);
INSERT INTO "SCTMATERIALS_DATA2TAG" VALUES(108570,25);
INSERT INTO "SCTMATERIALS_DATA2TAG" VALUES(108570,26);
INSERT INTO "SCTMATERIALS_DATA2TAG" VALUES(108570,30);
INSERT INTO "SCTMATERIALS_DATA2TAG" VALUES(108570,31);
INSERT INTO "SCTMATERIALS_DATA2TAG" VALUES(108570,32);
INSERT INTO "SCTMATERIALS_DATA2TAG" VALUES(108570,49);
INSERT INTO "SCTMATERIALS_DATA2TAG" VALUES(108570,50);
INSERT INTO "SCTMATERIALS_DATA2TAG" VALUES(108570,51);
INSERT INTO "SCTMATERIALS_DATA2TAG" VALUES(108570,52);
INSERT INTO "SCTMATERIALS_DATA2TAG" VALUES(108570,54);
INSERT INTO "SCTMATERIALS_DATA2TAG" VALUES(108570,55);
INSERT INTO "SCTMATERIALS_DATA2TAG" VALUES(108570,56);
INSERT INTO "SCTMATERIALS_DATA2TAG" VALUES(108570,57);
INSERT INTO "SCTMATERIALS_DATA2TAG" VALUES(108570,58);
INSERT INTO "SCTMATERIALS_DATA2TAG" VALUES(108570,59);
INSERT INTO "SCTMATERIALS_DATA2TAG" VALUES(108570,60);
INSERT INTO "SCTMATERIALS_DATA2TAG" VALUES(108570,61);
INSERT INTO "SCTMATERIALS_DATA2TAG" VALUES(108570,62);
INSERT INTO "SCTMATERIALS_DATA2TAG" VALUES(108570,63);
INSERT INTO "SCTMATERIALS_DATA2TAG" VALUES(108570,64);
INSERT INTO "SCTMATERIALS_DATA2TAG" VALUES(108570,65);
INSERT INTO "SCTMATERIALS_DATA2TAG" VALUES(108570,66);
INSERT INTO "SCTMATERIALS_DATA2TAG" VALUES(108570,67);
INSERT INTO "SCTMATERIALS_DATA2TAG" VALUES(108570,68);
INSERT INTO "SCTMATERIALS_DATA2TAG" VALUES(108570,69);
INSERT INTO "SCTMATERIALS_DATA2TAG" VALUES(108570,70);
INSERT INTO "SCTMATERIALS_DATA2TAG" VALUES(108570,71);
INSERT INTO "SCTMATERIALS_DATA2TAG" VALUES(108570,72);
INSERT INTO "SCTMATERIALS_DATA2TAG" VALUES(108570,73);
INSERT INTO "SCTMATERIALS_DATA2TAG" VALUES(108570,74);
INSERT INTO "SCTMATERIALS_DATA2TAG" VALUES(108570,75);
INSERT INTO "SCTMATERIALS_DATA2TAG" VALUES(108570,77);
INSERT INTO "SCTMATERIALS_DATA2TAG" VALUES(108570,78);
INSERT INTO "SCTMATERIALS_DATA2TAG" VALUES(108570,79);
INSERT INTO "SCTMATERIALS_DATA2TAG" VALUES(108570,80);
INSERT INTO "SCTMATERIALS_DATA2TAG" VALUES(108570,105);
INSERT INTO "SCTMATERIALS_DATA2TAG" VALUES(108570,106);
INSERT INTO "SCTMATERIALS_DATA2TAG" VALUES(108570,107);
INSERT INTO "SCTMATERIALS_DATA2TAG" VALUES(108570,113);
INSERT INTO "SCTMATERIALS_DATA2TAG" VALUES(108570,129);
INSERT INTO "SCTMATERIALS_DATA2TAG" VALUES(108570,130);
INSERT INTO "SCTMATERIALS_DATA2TAG" VALUES(108570,131);
INSERT INTO "SCTMATERIALS_DATA2TAG" VALUES(108570,132);
INSERT INTO "SCTMATERIALS_DATA2TAG" VALUES(108570,148);
INSERT INTO "SCTMATERIALS_DATA2TAG" VALUES(108570,162);
INSERT INTO "SCTMATERIALS_DATA2TAG" VALUES(108570,171);
INSERT INTO "SCTMATERIALS_DATA2TAG" VALUES(108570,172);
INSERT INTO "SCTMATERIALS_DATA2TAG" VALUES(108570,173);
INSERT INTO "SCTMATERIALS_DATA2TAG" VALUES(108570,2000);
INSERT INTO "SCTMATERIALS_DATA2TAG" VALUES(108570,2001);
INSERT INTO "SCTMATERIALS_DATA2TAG" VALUES(108822,2);
INSERT INTO "SCTMATERIALS_DATA2TAG" VALUES(108822,7);
INSERT INTO "SCTMATERIALS_DATA2TAG" VALUES(108822,9);
INSERT INTO "SCTMATERIALS_DATA2TAG" VALUES(108822,12);
INSERT INTO "SCTMATERIALS_DATA2TAG" VALUES(108822,18);
INSERT INTO "SCTMATERIALS_DATA2TAG" VALUES(108822,22);
INSERT INTO "SCTMATERIALS_DATA2TAG" VALUES(108822,23);
INSERT INTO "SCTMATERIALS_DATA2TAG" VALUES(108822,24);
INSERT INTO "SCTMATERIALS_DATA2TAG" VALUES(108822,25);
INSERT INTO "SCTMATERIALS_DATA2TAG" VALUES(108822,26);
INSERT INTO "SCTMATERIALS_DATA2TAG" VALUES(108822,30);
INSERT INTO "SCTMATERIALS_DATA2TAG" VALUES(108822,31);
INSERT INTO "SCTMATERIALS_DATA2TAG" VALUES(108822,32);
INSERT INTO "SCTMATERIALS_DATA2TAG" VALUES(108822,49);
INSERT INTO "SCTMATERIALS_DATA2TAG" VALUES(108822,50);
INSERT INTO "SCTMATERIALS_DATA2TAG" VALUES(108822,51);
INSERT INTO "SCTMATERIALS_DATA2TAG" VALUES(108822,52);
INSERT INTO "SCTMATERIALS_DATA2TAG" VALUES(108822,54);
INSERT INTO "SCTMATERIALS_DATA2TAG" VALUES(108822,55);
INSERT INTO "SCTMATERIALS_DATA2TAG" VALUES(108822,56);
INSERT INTO "SCTMATERIALS_DATA2TAG" VALUES(108822,57);
INSERT INTO "SCTMATERIALS_DATA2TAG" VALUES(108822,58);
INSERT INTO "SCTMATERIALS_DATA2TAG" VALUES(108822,59);
INSERT INTO "SCTMATERIALS_DATA2TAG" VALUES(108822,60);
INSERT INTO "SCTMATERIALS_DATA2TAG" VALUES(108822,61);
INSERT INTO "SCTMATERIALS_DATA2TAG" VALUES(108822,62);
INSERT INTO "SCTMATERIALS_DATA2TAG" VALUES(108822,63);
INSERT INTO "SCTMATERIALS_DATA2TAG" VALUES(108822,64);
INSERT INTO "SCTMATERIALS_DATA2TAG" VALUES(108822,65);
INSERT INTO "SCTMATERIALS_DATA2TAG" VALUES(108822,66);
INSERT INTO "SCTMATERIALS_DATA2TAG" VALUES(108822,67);
INSERT INTO "SCTMATERIALS_DATA2TAG" VALUES(108822,68);
INSERT INTO "SCTMATERIALS_DATA2TAG" VALUES(108822,69);
INSERT INTO "SCTMATERIALS_DATA2TAG" VALUES(108822,70);
INSERT INTO "SCTMATERIALS_DATA2TAG" VALUES(108822,71);
INSERT INTO "SCTMATERIALS_DATA2TAG" VALUES(108822,72);
INSERT INTO "SCTMATERIALS_DATA2TAG" VALUES(108822,73);
INSERT INTO "SCTMATERIALS_DATA2TAG" VALUES(108822,74);
INSERT INTO "SCTMATERIALS_DATA2TAG" VALUES(108822,75);
INSERT INTO "SCTMATERIALS_DATA2TAG" VALUES(108822,77);
INSERT INTO "SCTMATERIALS_DATA2TAG" VALUES(108822,78);
INSERT INTO "SCTMATERIALS_DATA2TAG" VALUES(108822,79);
INSERT INTO "SCTMATERIALS_DATA2TAG" VALUES(108822,80);
INSERT INTO "SCTMATERIALS_DATA2TAG" VALUES(108822,105);
INSERT INTO "SCTMATERIALS_DATA2TAG" VALUES(108822,106);
INSERT INTO "SCTMATERIALS_DATA2TAG" VALUES(108822,107);
INSERT INTO "SCTMATERIALS_DATA2TAG" VALUES(108822,113);
INSERT INTO "SCTMATERIALS_DATA2TAG" VALUES(108822,129);
INSERT INTO "SCTMATERIALS_DATA2TAG" VALUES(108822,130);
INSERT INTO "SCTMATERIALS_DATA2TAG" VALUES(108822,131);
INSERT INTO "SCTMATERIALS_DATA2TAG" VALUES(108822,132);
INSERT INTO "SCTMATERIALS_DATA2TAG" VALUES(108822,148);
INSERT INTO "SCTMATERIALS_DATA2TAG" VALUES(108822,162);
INSERT INTO "SCTMATERIALS_DATA2TAG" VALUES(108822,171);
INSERT INTO "SCTMATERIALS_DATA2TAG" VALUES(108822,172);
INSERT INTO "SCTMATERIALS_DATA2TAG" VALUES(108822,173);
INSERT INTO "SCTMATERIALS_DATA2TAG" VALUES(108822,2001);
INSERT INTO "SCTMATERIALS_DATA2TAG" VALUES(108822,2002);
INSERT INTO "SCTMATERIALS_DATA2TAG" VALUES(108840,2);
INSERT INTO "SCTMATERIALS_DATA2TAG" VALUES(108840,7);
INSERT INTO "SCTMATERIALS_DATA2TAG" VALUES(108840,9);
INSERT INTO "SCTMATERIALS_DATA2TAG" VALUES(108840,10);
INSERT INTO "SCTMATERIALS_DATA2TAG" VALUES(108840,11);
INSERT INTO "SCTMATERIALS_DATA2TAG" VALUES(108840,12);
INSERT INTO "SCTMATERIALS_DATA2TAG" VALUES(108840,13);
INSERT INTO "SCTMATERIALS_DATA2TAG" VALUES(108840,14);
INSERT INTO "SCTMATERIALS_DATA2TAG" VALUES(108840,15);
INSERT INTO "SCTMATERIALS_DATA2TAG" VALUES(108840,18);
INSERT INTO "SCTMATERIALS_DATA2TAG" VALUES(108840,19);
INSERT INTO "SCTMATERIALS_DATA2TAG" VALUES(108840,20);
INSERT INTO "SCTMATERIALS_DATA2TAG" VALUES(108840,22);
INSERT INTO "SCTMATERIALS_DATA2TAG" VALUES(108840,23);
INSERT INTO "SCTMATERIALS_DATA2TAG" VALUES(108840,24);
INSERT INTO "SCTMATERIALS_DATA2TAG" VALUES(108840,25);
INSERT INTO "SCTMATERIALS_DATA2TAG" VALUES(108840,26);
INSERT INTO "SCTMATERIALS_DATA2TAG" VALUES(108840,30);
INSERT INTO "SCTMATERIALS_DATA2TAG" VALUES(108840,31);
INSERT INTO "SCTMATERIALS_DATA2TAG" VALUES(108840,32);
INSERT INTO "SCTMATERIALS_DATA2TAG" VALUES(108840,33);
INSERT INTO "SCTMATERIALS_DATA2TAG" VALUES(108840,34);
INSERT INTO "SCTMATERIALS_DATA2TAG" VALUES(108840,35);
INSERT INTO "SCTMATERIALS_DATA2TAG" VALUES(108840,36);
INSERT INTO "SCTMATERIALS_DATA2TAG" VALUES(108840,37);
INSERT INTO "SCTMATERIALS_DATA2TAG" VALUES(108840,38);
INSERT INTO "SCTMATERIALS_DATA2TAG" VALUES(108840,39);
INSERT INTO "SCTMATERIALS_DATA2TAG" VALUES(108840,40);
INSERT INTO "SCTMATERIALS_DATA2TAG" VALUES(108840,41);
INSERT INTO "SCTMATERIALS_DATA2TAG" VALUES(108840,42);
INSERT INTO "SCTMATERIALS_DATA2TAG" VALUES(108840,43);
INSERT INTO "SCTMATERIALS_DATA2TAG" VALUES(108840,44);
INSERT INTO "SCTMATERIALS_DATA2TAG" VALUES(108840,45);
INSERT INTO "SCTMATERIALS_DATA2TAG" VALUES(108840,46);
INSERT INTO "SCTMATERIALS_DATA2TAG" VALUES(108840,47);
INSERT INTO "SCTMATERIALS_DATA2TAG" VALUES(108840,48);
INSERT INTO "SCTMATERIALS_DATA2TAG" VALUES(108840,49);
INSERT INTO "SCTMATERIALS_DATA2TAG" VALUES(108840,50);
INSERT INTO "SCTMATERIALS_DATA2TAG" VALUES(108840,51);
INSERT INTO "SCTMATERIALS_DATA2TAG" VALUES(108840,52);
INSERT INTO "SCTMATERIALS_DATA2TAG" VALUES(108840,53);
INSERT INTO "SCTMATERIALS_DATA2TAG" VALUES(108840,54);
INSERT INTO "SCTMATERIALS_DATA2TAG" VALUES(108840,55);
INSERT INTO "SCTMATERIALS_DATA2TAG" VALUES(108840,56);
INSERT INTO "SCTMATERIALS_DATA2TAG" VALUES(108840,57);
INSERT INTO "SCTMATERIALS_DATA2TAG" VALUES(108840,58);
INSERT INTO "SCTMATERIALS_DATA2TAG" VALUES(108840,59);
INSERT INTO "SCTMATERIALS_DATA2TAG" VALUES(108840,60);
INSERT INTO "SCTMATERIALS_DATA2TAG" VALUES(108840,61);
INSERT INTO "SCTMATERIALS_DATA2TAG" VALUES(108840,62);
INSERT INTO "SCTMATERIALS_DATA2TAG" VALUES(108840,63);
INSERT INTO "SCTMATERIALS_DATA2TAG" VALUES(108840,64);
INSERT INTO "SCTMATERIALS_DATA2TAG" VALUES(108840,65);
INSERT INTO "SCTMATERIALS_DATA2TAG" VALUES(108840,66);
INSERT INTO "SCTMATERIALS_DATA2TAG" VALUES(108840,67);
INSERT INTO "SCTMATERIALS_DATA2TAG" VALUES(108840,68);
INSERT INTO "SCTMATERIALS_DATA2TAG" VALUES(108840,69);
INSERT INTO "SCTMATERIALS_DATA2TAG" VALUES(108840,70);
INSERT INTO "SCTMATERIALS_DATA2TAG" VALUES(108840,71);
INSERT INTO "SCTMATERIALS_DATA2TAG" VALUES(108840,72);
INSERT INTO "SCTMATERIALS_DATA2TAG" VALUES(108840,73);
INSERT INTO "SCTMATERIALS_DATA2TAG" VALUES(108840,74);
INSERT INTO "SCTMATERIALS_DATA2TAG" VALUES(108840,75);
INSERT INTO "SCTMATERIALS_DATA2TAG" VALUES(108840,76);
INSERT INTO "SCTMATERIALS_DATA2TAG" VALUES(108840,77);
INSERT INTO "SCTMATERIALS_DATA2TAG" VALUES(108840,78);
INSERT INTO "SCTMATERIALS_DATA2TAG" VALUES(108840,79);
INSERT INTO "SCTMATERIALS_DATA2TAG" VALUES(108840,80);
INSERT INTO "SCTMATERIALS_DATA2TAG" VALUES(108840,93);
INSERT INTO "SCTMATERIALS_DATA2TAG" VALUES(108840,94);
INSERT INTO "SCTMATERIALS_DATA2TAG" VALUES(108840,95);
INSERT INTO "SCTMATERIALS_DATA2TAG" VALUES(108840,96);
INSERT INTO "SCTMATERIALS_DATA2TAG" VALUES(108840,97);
INSERT INTO "SCTMATERIALS_DATA2TAG" VALUES(108840,98);
INSERT INTO "SCTMATERIALS_DATA2TAG" VALUES(108840,99);
INSERT INTO "SCTMATERIALS_DATA2TAG" VALUES(108840,100);
INSERT INTO "SCTMATERIALS_DATA2TAG" VALUES(108840,101);
INSERT INTO "SCTMATERIALS_DATA2TAG" VALUES(108840,102);
INSERT INTO "SCTMATERIALS_DATA2TAG" VALUES(108840,103);
INSERT INTO "SCTMATERIALS_DATA2TAG" VALUES(108840,104);
INSERT INTO "SCTMATERIALS_DATA2TAG" VALUES(108840,105);
INSERT INTO "SCTMATERIALS_DATA2TAG" VALUES(108840,106);
INSERT INTO "SCTMATERIALS_DATA2TAG" VALUES(108840,107);
INSERT INTO "SCTMATERIALS_DATA2TAG" VALUES(108840,108);
INSERT INTO "SCTMATERIALS_DATA2TAG" VALUES(108840,109);
INSERT INTO "SCTMATERIALS_DATA2TAG" VALUES(108840,110);
INSERT INTO "SCTMATERIALS_DATA2TAG" VALUES(108840,111);
INSERT INTO "SCTMATERIALS_DATA2TAG" VALUES(108840,112);
INSERT INTO "SCTMATERIALS_DATA2TAG" VALUES(108840,113);
INSERT INTO "SCTMATERIALS_DATA2TAG" VALUES(108840,114);
INSERT INTO "SCTMATERIALS_DATA2TAG" VALUES(108840,115);
INSERT INTO "SCTMATERIALS_DATA2TAG" VALUES(108840,116);
INSERT INTO "SCTMATERIALS_DATA2TAG" VALUES(108840,117);
INSERT INTO "SCTMATERIALS_DATA2TAG" VALUES(108840,118);
INSERT INTO "SCTMATERIALS_DATA2TAG" VALUES(108840,119);
INSERT INTO "SCTMATERIALS_DATA2TAG" VALUES(108840,120);
INSERT INTO "SCTMATERIALS_DATA2TAG" VALUES(108840,122);
INSERT INTO "SCTMATERIALS_DATA2TAG" VALUES(108840,123);
INSERT INTO "SCTMATERIALS_DATA2TAG" VALUES(108840,124);
INSERT INTO "SCTMATERIALS_DATA2TAG" VALUES(108840,125);
INSERT INTO "SCTMATERIALS_DATA2TAG" VALUES(108840,127);
INSERT INTO "SCTMATERIALS_DATA2TAG" VALUES(108840,128);
INSERT INTO "SCTMATERIALS_DATA2TAG" VALUES(108840,129);
INSERT INTO "SCTMATERIALS_DATA2TAG" VALUES(108840,130);
INSERT INTO "SCTMATERIALS_DATA2TAG" VALUES(108840,131);
INSERT INTO "SCTMATERIALS_DATA2TAG" VALUES(108840,132);
INSERT INTO "SCTMATERIALS_DATA2TAG" VALUES(108840,133);
INSERT INTO "SCTMATERIALS_DATA2TAG" VALUES(108840,134);
INSERT INTO "SCTMATERIALS_DATA2TAG" VALUES(108840,135);
INSERT INTO "SCTMATERIALS_DATA2TAG" VALUES(108840,136);
INSERT INTO "SCTMATERIALS_DATA2TAG" VALUES(108840,137);
INSERT INTO "SCTMATERIALS_DATA2TAG" VALUES(108840,138);
INSERT INTO "SCTMATERIALS_DATA2TAG" VALUES(108840,139);
INSERT INTO "SCTMATERIALS_DATA2TAG" VALUES(108840,140);
INSERT INTO "SCTMATERIALS_DATA2TAG" VALUES(108840,141);
INSERT INTO "SCTMATERIALS_DATA2TAG" VALUES(108840,142);
INSERT INTO "SCTMATERIALS_DATA2TAG" VALUES(108840,143);
INSERT INTO "SCTMATERIALS_DATA2TAG" VALUES(108840,144);
INSERT INTO "SCTMATERIALS_DATA2TAG" VALUES(108840,145);
INSERT INTO "SCTMATERIALS_DATA2TAG" VALUES(108840,146);
INSERT INTO "SCTMATERIALS_DATA2TAG" VALUES(108840,147);
INSERT INTO "SCTMATERIALS_DATA2TAG" VALUES(108840,148);
INSERT INTO "SCTMATERIALS_DATA2TAG" VALUES(108840,149);
INSERT INTO "SCTMATERIALS_DATA2TAG" VALUES(108840,150);
INSERT INTO "SCTMATERIALS_DATA2TAG" VALUES(108840,151);
INSERT INTO "SCTMATERIALS_DATA2TAG" VALUES(108840,152);
INSERT INTO "SCTMATERIALS_DATA2TAG" VALUES(108840,153);
INSERT INTO "SCTMATERIALS_DATA2TAG" VALUES(108840,155);
INSERT INTO "SCTMATERIALS_DATA2TAG" VALUES(108840,156);
INSERT INTO "SCTMATERIALS_DATA2TAG" VALUES(108840,157);
INSERT INTO "SCTMATERIALS_DATA2TAG" VALUES(108840,158);
INSERT INTO "SCTMATERIALS_DATA2TAG" VALUES(108840,159);
INSERT INTO "SCTMATERIALS_DATA2TAG" VALUES(108840,160);
INSERT INTO "SCTMATERIALS_DATA2TAG" VALUES(108840,161);
INSERT INTO "SCTMATERIALS_DATA2TAG" VALUES(108840,162);
INSERT INTO "SCTMATERIALS_DATA2TAG" VALUES(108840,163);
INSERT INTO "SCTMATERIALS_DATA2TAG" VALUES(108840,164);
INSERT INTO "SCTMATERIALS_DATA2TAG" VALUES(108840,165);
INSERT INTO "SCTMATERIALS_DATA2TAG" VALUES(108840,166);
INSERT INTO "SCTMATERIALS_DATA2TAG" VALUES(108840,167);
INSERT INTO "SCTMATERIALS_DATA2TAG" VALUES(108840,168);
INSERT INTO "SCTMATERIALS_DATA2TAG" VALUES(108840,169);
INSERT INTO "SCTMATERIALS_DATA2TAG" VALUES(108840,170);
INSERT INTO "SCTMATERIALS_DATA2TAG" VALUES(108840,171);
INSERT INTO "SCTMATERIALS_DATA2TAG" VALUES(108840,172);
INSERT INTO "SCTMATERIALS_DATA2TAG" VALUES(108840,173);
INSERT INTO "SCTMATERIALS_DATA2TAG" VALUES(108840,174);
INSERT INTO "SCTMATERIALS_DATA2TAG" VALUES(108840,175);
INSERT INTO "SCTMATERIALS_DATA2TAG" VALUES(108840,176);
INSERT INTO "SCTMATERIALS_DATA2TAG" VALUES(108840,177);
INSERT INTO "SCTMATERIALS_DATA2TAG" VALUES(108840,178);
INSERT INTO "SCTMATERIALS_DATA2TAG" VALUES(108840,179);
INSERT INTO "SCTMATERIALS_DATA2TAG" VALUES(108840,180);
INSERT INTO "SCTMATERIALS_DATA2TAG" VALUES(108840,181);
INSERT INTO "SCTMATERIALS_DATA2TAG" VALUES(108840,182);
INSERT INTO "SCTMATERIALS_DATA2TAG" VALUES(108840,183);
INSERT INTO "SCTMATERIALS_DATA2TAG" VALUES(108840,184);
INSERT INTO "SCTMATERIALS_DATA2TAG" VALUES(108840,185);
INSERT INTO "SCTMATERIALS_DATA2TAG" VALUES(108840,186);
INSERT INTO "SCTMATERIALS_DATA2TAG" VALUES(108840,187);
INSERT INTO "SCTMATERIALS_DATA2TAG" VALUES(108840,188);
--
--
COMMIT;
